relation_id,source_candidate_id,target_candidate_id,relation_type,relation_class,anchor_relation,evidence_basis,confidence,provenance_note
FT-REL-131A470C97D04B,FT-SEED-R1B-P-0607-10,FT-SEED-R1B-P-2015-01,RECURS_ACROSS_ANCHORS,COMPUTATIONAL_STRUCTURAL,CROSS_ANCHOR,Same normalized lexical form at multiple anchors,HIGH,"Recurrence is structural presence in the constructed inventory, not proof of stable sense."
FT-REL-C47421D93C9DAE,FT-SEED-R1B-P-0607-10,FT-SEED-R1B-P-2022-01,RECURS_ACROSS_ANCHORS,COMPUTATIONAL_STRUCTURAL,CROSS_ANCHOR,Same normalized lexical form at multiple anchors,HIGH,"Recurrence is structural presence in the constructed inventory, not proof of stable sense."
FT-REL-FD8432EBC59863,FT-SEED-R1B-P-1842-02,FT-SEED-R1B-P-1938-10,RECURS_ACROSS_ANCHORS,COMPUTATIONAL_STRUCTURAL,CROSS_ANCHOR,Same normalized lexical form at multiple anchors,HIGH,"Recurrence is structural presence in the constructed inventory, not proof of stable sense."
FT-REL-C22B2F5488B88B,FT-SEED-R1B-P-1938-21,FT-SEED-R1B-P-1988-08,RECURS_ACROSS_ANCHORS,COMPUTATIONAL_STRUCTURAL,CROSS_ANCHOR,Same normalized lexical form at multiple anchors,HIGH,"Recurrence is structural presence in the constructed inventory, not proof of stable sense."
FT-REL-DD3F663840AE99,FT-SEED-R1B-P-1938-28,FT-SEED-R1B-P-1988-09,RECURS_ACROSS_ANCHORS,COMPUTATIONAL_STRUCTURAL,CROSS_ANCHOR,Same normalized lexical form at multiple anchors,HIGH,"Recurrence is structural presence in the constructed inventory, not proof of stable sense."
FT-REL-101F0657CE9A91,FT-SEED-R1B-P-1988-02,FT-SEED-R1B-P-0607-11,RECURS_ACROSS_ANCHORS,COMPUTATIONAL_STRUCTURAL,CROSS_ANCHOR,Same normalized lexical form at multiple anchors,HIGH,"Recurrence is structural presence in the constructed inventory, not proof of stable sense."
FT-REL-A9E2C72CB4A615,FT-SEED-R1B-P-1988-02,FT-SEED-R1B-P-2022-02,RECURS_ACROSS_ANCHORS,COMPUTATIONAL_STRUCTURAL,CROSS_ANCHOR,Same normalized lexical form at multiple anchors,HIGH,"Recurrence is structural presence in the constructed inventory, not proof of stable sense."
FT-REL-5720E0A88D24C6,FT-SEED-R1B-P-2015-25,FT-SEED-R1B-P-2022-03,RECURS_ACROSS_ANCHORS,COMPUTATIONAL_STRUCTURAL,CROSS_ANCHOR,Same normalized lexical form at multiple anchors,HIGH,"Recurrence is structural presence in the constructed inventory, not proof of stable sense."
FT-REL-C7B5B8577991F0,FT-SEED-R1B-P-2015-26,FT-SEED-R1B-P-2022-04,RECURS_ACROSS_ANCHORS,COMPUTATIONAL_STRUCTURAL,CROSS_ANCHOR,Same normalized lexical form at multiple anchors,HIGH,"Recurrence is structural presence in the constructed inventory, not proof of stable sense."
FT-REL-E6822684F59567,FT-SEED-R1B-P-0607-10,FT-SEED-R1B-P-0607-14,SAME_CANONICAL_CONCEPT,COMPUTATIONAL_STRUCTURAL,WITHIN_ANCHOR,Canonical concept equality in candidate ledger,HIGH,Derived from controlled candidate metadata; no semantic evolution is asserted.
FT-REL-7C78259D7FBAA8,FT-SEED-R1B-P-0607-10,FT-SEED-R1B-P-0607-15,SAME_CANONICAL_CONCEPT,COMPUTATIONAL_STRUCTURAL,WITHIN_ANCHOR,Canonical concept equality in candidate ledger,HIGH,Derived from controlled candidate metadata; no semantic evolution is asserted.
FT-REL-9265C668B0BCF9,FT-SEED-R1B-P-0607-10,FT-SEED-R1B-P-0607-29,SAME_CANONICAL_CONCEPT,COMPUTATIONAL_STRUCTURAL,WITHIN_ANCHOR,Canonical concept equality in candidate ledger,HIGH,Derived from controlled candidate metadata; no semantic evolution is asserted.
FT-REL-D8CECA6CB635A6,FT-SEED-R1B-P-0607-10,FT-SEED-R1B-P-2015-01,SAME_CANONICAL_CONCEPT,COMPUTATIONAL_STRUCTURAL,CROSS_ANCHOR,Canonical concept equality in candidate ledger,HIGH,Derived from controlled candidate metadata; no semantic evolution is asserted.
FT-REL-097363B9AB6C11,FT-SEED-R1B-P-0607-10,FT-SEED-R1B-P-2015-02,SAME_CANONICAL_CONCEPT,COMPUTATIONAL_STRUCTURAL,CROSS_ANCHOR,Canonical concept equality in candidate ledger,HIGH,Derived from controlled candidate metadata; no semantic evolution is asserted.
FT-REL-61D09E8106FC88,FT-SEED-R1B-P-0607-10,FT-SEED-R1B-P-2015-09,SAME_CANONICAL_CONCEPT,COMPUTATIONAL_STRUCTURAL,CROSS_ANCHOR,Canonical concept equality in candidate ledger,HIGH,Derived from controlled candidate metadata; no semantic evolution is asserted.
FT-REL-3D2894468297D8,FT-SEED-R1B-P-0607-10,FT-SEED-R1B-P-2022-01,SAME_CANONICAL_CONCEPT,COMPUTATIONAL_STRUCTURAL,CROSS_ANCHOR,Canonical concept equality in candidate ledger,HIGH,Derived from controlled candidate metadata; no semantic evolution is asserted.
FT-REL-231EF70732EB6E,FT-SEED-R1B-P-0607-22,FT-SEED-R1B-P-0607-23,SAME_CANONICAL_CONCEPT,COMPUTATIONAL_STRUCTURAL,WITHIN_ANCHOR,Canonical concept equality in candidate ledger,HIGH,Derived from controlled candidate metadata; no semantic evolution is asserted.
FT-REL-B13115D1EBBE93,FT-SEED-R1B-P-1842-01,FT-SEED-R1B-P-1842-03,SAME_CANONICAL_CONCEPT,COMPUTATIONAL_STRUCTURAL,WITHIN_ANCHOR,Canonical concept equality in candidate ledger,HIGH,Derived from controlled candidate metadata; no semantic evolution is asserted.
FT-REL-B7FF226591EF9A,FT-SEED-R1B-P-1842-01,FT-SEED-R1B-P-1842-04,SAME_CANONICAL_CONCEPT,COMPUTATIONAL_STRUCTURAL,WITHIN_ANCHOR,Canonical concept equality in candidate ledger,HIGH,Derived from controlled candidate metadata; no semantic evolution is asserted.
FT-REL-98EF02AA9B4702,FT-SEED-R1B-P-1842-01,FT-SEED-R1B-P-1842-05,SAME_CANONICAL_CONCEPT,COMPUTATIONAL_STRUCTURAL,WITHIN_ANCHOR,Canonical concept equality in candidate ledger,HIGH,Derived from controlled candidate metadata; no semantic evolution is asserted.
FT-REL-B7726CC552C132,FT-SEED-R1B-P-1842-01,FT-SEED-R1B-P-1842-07,SAME_CANONICAL_CONCEPT,COMPUTATIONAL_STRUCTURAL,WITHIN_ANCHOR,Canonical concept equality in candidate ledger,HIGH,Derived from controlled candidate metadata; no semantic evolution is asserted.
FT-REL-DB1303C51AED46,FT-SEED-R1B-P-1842-01,FT-SEED-R1B-P-1842-08,SAME_CANONICAL_CONCEPT,COMPUTATIONAL_STRUCTURAL,WITHIN_ANCHOR,Canonical concept equality in candidate ledger,HIGH,Derived from controlled candidate metadata; no semantic evolution is asserted.
FT-REL-01FEA9E2EC884A,FT-SEED-R1B-P-1842-01,FT-SEED-R1B-P-1842-09,SAME_CANONICAL_CONCEPT,COMPUTATIONAL_STRUCTURAL,WITHIN_ANCHOR,Canonical concept equality in candidate ledger,HIGH,Derived from controlled candidate metadata; no semantic evolution is asserted.
FT-REL-E5A744B92B7E8F,FT-SEED-R1B-P-1842-01,FT-SEED-R1B-P-1842-10,SAME_CANONICAL_CONCEPT,COMPUTATIONAL_STRUCTURAL,WITHIN_ANCHOR,Canonical concept equality in candidate ledger,HIGH,Derived from controlled candidate metadata; no semantic evolution is asserted.
FT-REL-3343719D93734C,FT-SEED-R1B-P-1842-01,FT-SEED-R1B-P-1842-11,SAME_CANONICAL_CONCEPT,COMPUTATIONAL_STRUCTURAL,WITHIN_ANCHOR,Canonical concept equality in candidate ledger,HIGH,Derived from controlled candidate metadata; no semantic evolution is asserted.
FT-REL-B864FB28244FCB,FT-SEED-R1B-P-1842-01,FT-SEED-R1B-P-1842-18,SAME_CANONICAL_CONCEPT,COMPUTATIONAL_STRUCTURAL,WITHIN_ANCHOR,Canonical concept equality in candidate ledger,HIGH,Derived from controlled candidate metadata; no semantic evolution is asserted.
FT-REL-9FFE103FFDB9D8,FT-SEED-R1B-P-1842-01,FT-SEED-R1B-P-1938-11,SAME_CANONICAL_CONCEPT,COMPUTATIONAL_STRUCTURAL,CROSS_ANCHOR,Canonical concept equality in candidate ledger,HIGH,Derived from controlled candidate metadata; no semantic evolution is asserted.
FT-REL-899360E4F45384,FT-SEED-R1B-P-1842-01,FT-SEED-R1B-P-1938-15,SAME_CANONICAL_CONCEPT,COMPUTATIONAL_STRUCTURAL,CROSS_ANCHOR,Canonical concept equality in candidate ledger,HIGH,Derived from controlled candidate metadata; no semantic evolution is asserted.
FT-REL-A1F4375151FD7A,FT-SEED-R1B-P-1842-01,FT-SEED-R1B-P-1938-22,SAME_CANONICAL_CONCEPT,COMPUTATIONAL_STRUCTURAL,CROSS_ANCHOR,Canonical concept equality in candidate ledger,HIGH,Derived from controlled candidate metadata; no semantic evolution is asserted.
FT-REL-877FE371ED7EC0,FT-SEED-R1B-P-1842-01,FT-SEED-R1B-P-1988-14,SAME_CANONICAL_CONCEPT,COMPUTATIONAL_STRUCTURAL,CROSS_ANCHOR,Canonical concept equality in candidate ledger,HIGH,Derived from controlled candidate metadata; no semantic evolution is asserted.
FT-REL-0D20421696B24A,FT-SEED-R1B-P-1842-02,FT-SEED-R1B-P-1842-06,SAME_CANONICAL_CONCEPT,COMPUTATIONAL_STRUCTURAL,WITHIN_ANCHOR,Canonical concept equality in candidate ledger,HIGH,Derived from controlled candidate metadata; no semantic evolution is asserted.
FT-REL-58ECFE9EED71B2,FT-SEED-R1B-P-1842-02,FT-SEED-R1B-P-1938-09,SAME_CANONICAL_CONCEPT,COMPUTATIONAL_STRUCTURAL,CROSS_ANCHOR,Canonical concept equality in candidate ledger,HIGH,Derived from controlled candidate metadata; no semantic evolution is asserted.
FT-REL-DEB34CF14139AE,FT-SEED-R1B-P-1842-02,FT-SEED-R1B-P-1938-10,SAME_CANONICAL_CONCEPT,COMPUTATIONAL_STRUCTURAL,CROSS_ANCHOR,Canonical concept equality in candidate ledger,HIGH,Derived from controlled candidate metadata; no semantic evolution is asserted.
FT-REL-29044E0D0644F2,FT-SEED-R1B-P-1842-02,FT-SEED-R1B-P-1938-16,SAME_CANONICAL_CONCEPT,COMPUTATIONAL_STRUCTURAL,CROSS_ANCHOR,Canonical concept equality in candidate ledger,HIGH,Derived from controlled candidate metadata; no semantic evolution is asserted.
FT-REL-4F901F31D38B21,FT-SEED-R1B-P-1842-12,FT-SEED-R1B-P-0607-02,SAME_CANONICAL_CONCEPT,COMPUTATIONAL_STRUCTURAL,CROSS_ANCHOR,Canonical concept equality in candidate ledger,HIGH,Derived from controlled candidate metadata; no semantic evolution is asserted.
FT-REL-AC02849B040BC2,FT-SEED-R1B-P-1842-12,FT-SEED-R1B-P-1842-13,SAME_CANONICAL_CONCEPT,COMPUTATIONAL_STRUCTURAL,WITHIN_ANCHOR,Canonical concept equality in candidate ledger,HIGH,Derived from controlled candidate metadata; no semantic evolution is asserted.
FT-REL-7A4A236E434B7E,FT-SEED-R1B-P-1842-12,FT-SEED-R1B-P-1842-14,SAME_CANONICAL_CONCEPT,COMPUTATIONAL_STRUCTURAL,WITHIN_ANCHOR,Canonical concept equality in candidate ledger,HIGH,Derived from controlled candidate metadata; no semantic evolution is asserted.
FT-REL-67A423DA5FE597,FT-SEED-R1B-P-1842-12,FT-SEED-R1B-P-1842-15,SAME_CANONICAL_CONCEPT,COMPUTATIONAL_STRUCTURAL,WITHIN_ANCHOR,Canonical concept equality in candidate ledger,HIGH,Derived from controlled candidate metadata; no semantic evolution is asserted.
FT-REL-C838DE6B937C86,FT-SEED-R1B-P-1842-12,FT-SEED-R1B-P-1938-04,SAME_CANONICAL_CONCEPT,COMPUTATIONAL_STRUCTURAL,CROSS_ANCHOR,Canonical concept equality in candidate ledger,HIGH,Derived from controlled candidate metadata; no semantic evolution is asserted.
FT-REL-DD65A2A48C6F0A,FT-SEED-R1B-P-1842-12,FT-SEED-R1B-P-1938-05,SAME_CANONICAL_CONCEPT,COMPUTATIONAL_STRUCTURAL,CROSS_ANCHOR,Canonical concept equality in candidate ledger,HIGH,Derived from controlled candidate metadata; no semantic evolution is asserted.
FT-REL-C576790BB2E308,FT-SEED-R1B-P-1842-12,FT-SEED-R1B-P-1938-06,SAME_CANONICAL_CONCEPT,COMPUTATIONAL_STRUCTURAL,CROSS_ANCHOR,Canonical concept equality in candidate ledger,HIGH,Derived from controlled candidate metadata; no semantic evolution is asserted.
FT-REL-FCBF2F63C7C7CE,FT-SEED-R1B-P-1842-12,FT-SEED-R1B-P-1938-07,SAME_CANONICAL_CONCEPT,COMPUTATIONAL_STRUCTURAL,CROSS_ANCHOR,Canonical concept equality in candidate ledger,HIGH,Derived from controlled candidate metadata; no semantic evolution is asserted.
FT-REL-384D65C5787BFE,FT-SEED-R1B-P-1842-12,FT-SEED-R1B-P-1938-08,SAME_CANONICAL_CONCEPT,COMPUTATIONAL_STRUCTURAL,CROSS_ANCHOR,Canonical concept equality in candidate ledger,HIGH,Derived from controlled candidate metadata; no semantic evolution is asserted.
FT-REL-5F328AFC15F169,FT-SEED-R1B-P-1842-12,FT-SEED-R1B-P-1938-12,SAME_CANONICAL_CONCEPT,COMPUTATIONAL_STRUCTURAL,CROSS_ANCHOR,Canonical concept equality in candidate ledger,HIGH,Derived from controlled candidate metadata; no semantic evolution is asserted.
FT-REL-78610FBF8D88AF,FT-SEED-R1B-P-1842-12,FT-SEED-R1B-P-1988-04,SAME_CANONICAL_CONCEPT,COMPUTATIONAL_STRUCTURAL,CROSS_ANCHOR,Canonical concept equality in candidate ledger,HIGH,Derived from controlled candidate metadata; no semantic evolution is asserted.
FT-REL-74561D3EB099A6,FT-SEED-R1B-P-1842-12,FT-SEED-R1B-P-1988-13,SAME_CANONICAL_CONCEPT,COMPUTATIONAL_STRUCTURAL,CROSS_ANCHOR,Canonical concept equality in candidate ledger,HIGH,Derived from controlled candidate metadata; no semantic evolution is asserted.
FT-REL-CA2AEF70FE933F,FT-SEED-R1B-P-1842-12,FT-SEED-R1B-P-2015-06,SAME_CANONICAL_CONCEPT,COMPUTATIONAL_STRUCTURAL,CROSS_ANCHOR,Canonical concept equality in candidate ledger,HIGH,Derived from controlled candidate metadata; no semantic evolution is asserted.
FT-REL-565BA218C54BA9,FT-SEED-R1B-P-1842-16,FT-SEED-R1B-P-1842-17,SAME_CANONICAL_CONCEPT,COMPUTATIONAL_STRUCTURAL,WITHIN_ANCHOR,Canonical concept equality in candidate ledger,HIGH,Derived from controlled candidate metadata; no semantic evolution is asserted.
FT-REL-3286059DF5439F,FT-SEED-R1B-P-1842-16,FT-SEED-R1B-P-1842-21,SAME_CANONICAL_CONCEPT,COMPUTATIONAL_STRUCTURAL,WITHIN_ANCHOR,Canonical concept equality in candidate ledger,HIGH,Derived from controlled candidate metadata; no semantic evolution is asserted.
FT-REL-EB67FB5FCA4D9E,FT-SEED-R1B-P-1842-16,FT-SEED-R1B-P-1842-27,SAME_CANONICAL_CONCEPT,COMPUTATIONAL_STRUCTURAL,WITHIN_ANCHOR,Canonical concept equality in candidate ledger,HIGH,Derived from controlled candidate metadata; no semantic evolution is asserted.
FT-REL-84C0D3CBE94840,FT-SEED-R1B-P-1842-16,FT-SEED-R1B-P-1842-28,SAME_CANONICAL_CONCEPT,COMPUTATIONAL_STRUCTURAL,WITHIN_ANCHOR,Canonical concept equality in candidate ledger,HIGH,Derived from controlled candidate metadata; no semantic evolution is asserted.
FT-REL-0FE1C25348BFA0,FT-SEED-R1B-P-1842-16,FT-SEED-R1B-P-1938-24,SAME_CANONICAL_CONCEPT,COMPUTATIONAL_STRUCTURAL,CROSS_ANCHOR,Canonical concept equality in candidate ledger,HIGH,Derived from controlled candidate metadata; no semantic evolution is asserted.
FT-REL-1EBAD8C52B04DA,FT-SEED-R1B-P-1842-16,FT-SEED-R1B-P-1938-27,SAME_CANONICAL_CONCEPT,COMPUTATIONAL_STRUCTURAL,CROSS_ANCHOR,Canonical concept equality in candidate ledger,HIGH,Derived from controlled candidate metadata; no semantic evolution is asserted.
FT-REL-3FCC5BC0B85CFF,FT-SEED-R1B-P-1842-19,FT-SEED-R1B-P-1938-30,SAME_CANONICAL_CONCEPT,COMPUTATIONAL_STRUCTURAL,CROSS_ANCHOR,Canonical concept equality in candidate ledger,HIGH,Derived from controlled candidate metadata; no semantic evolution is asserted.
FT-REL-DC6A96EEE1505A,FT-SEED-R1B-P-1842-19,FT-SEED-R1B-P-2022-23,SAME_CANONICAL_CONCEPT,COMPUTATIONAL_STRUCTURAL,CROSS_ANCHOR,Canonical concept equality in candidate ledger,HIGH,Derived from controlled candidate metadata; no semantic evolution is asserted.
FT-REL-5E87E524C7879A,FT-SEED-R1B-P-1842-20,FT-SEED-R1B-P-1842-26,SAME_CANONICAL_CONCEPT,COMPUTATIONAL_STRUCTURAL,WITHIN_ANCHOR,Canonical concept equality in candidate ledger,HIGH,Derived from controlled candidate metadata; no semantic evolution is asserted.
FT-REL-D98BE9265C82C1,FT-SEED-R1B-P-1842-22,FT-SEED-R1B-P-0607-06,SAME_CANONICAL_CONCEPT,COMPUTATIONAL_STRUCTURAL,CROSS_ANCHOR,Canonical concept equality in candidate ledger,HIGH,Derived from controlled candidate metadata; no semantic evolution is asserted.
FT-REL-93B8892C7C51B3,FT-SEED-R1B-P-1842-22,FT-SEED-R1B-P-0607-07,SAME_CANONICAL_CONCEPT,COMPUTATIONAL_STRUCTURAL,CROSS_ANCHOR,Canonical concept equality in candidate ledger,HIGH,Derived from controlled candidate metadata; no semantic evolution is asserted.
FT-REL-31401BA4680006,FT-SEED-R1B-P-1842-22,FT-SEED-R1B-P-0607-13,SAME_CANONICAL_CONCEPT,COMPUTATIONAL_STRUCTURAL,CROSS_ANCHOR,Canonical concept equality in candidate ledger,HIGH,Derived from controlled candidate metadata; no semantic evolution is asserted.
FT-REL-1E77C577F83C6E,FT-SEED-R1B-P-1842-22,FT-SEED-R1B-P-0607-16,SAME_CANONICAL_CONCEPT,COMPUTATIONAL_STRUCTURAL,CROSS_ANCHOR,Canonical concept equality in candidate ledger,HIGH,Derived from controlled candidate metadata; no semantic evolution is asserted.
FT-REL-E35D47C4BA3E9B,FT-SEED-R1B-P-1842-22,FT-SEED-R1B-P-0607-17,SAME_CANONICAL_CONCEPT,COMPUTATIONAL_STRUCTURAL,CROSS_ANCHOR,Canonical concept equality in candidate ledger,HIGH,Derived from controlled candidate metadata; no semantic evolution is asserted.
FT-REL-86BD37326F98D6,FT-SEED-R1B-P-1842-22,FT-SEED-R1B-P-0607-18,SAME_CANONICAL_CONCEPT,COMPUTATIONAL_STRUCTURAL,CROSS_ANCHOR,Canonical concept equality in candidate ledger,HIGH,Derived from controlled candidate metadata; no semantic evolution is asserted.
FT-REL-DB9DCDF6354D0B,FT-SEED-R1B-P-1842-22,FT-SEED-R1B-P-0607-19,SAME_CANONICAL_CONCEPT,COMPUTATIONAL_STRUCTURAL,CROSS_ANCHOR,Canonical concept equality in candidate ledger,HIGH,Derived from controlled candidate metadata; no semantic evolution is asserted.
FT-REL-712A7B67ADDFFF,FT-SEED-R1B-P-1842-22,FT-SEED-R1B-P-0607-20,SAME_CANONICAL_CONCEPT,COMPUTATIONAL_STRUCTURAL,CROSS_ANCHOR,Canonical concept equality in candidate ledger,HIGH,Derived from controlled candidate metadata; no semantic evolution is asserted.
FT-REL-CE6F89AC07E756,FT-SEED-R1B-P-1842-22,FT-SEED-R1B-P-0607-24,SAME_CANONICAL_CONCEPT,COMPUTATIONAL_STRUCTURAL,CROSS_ANCHOR,Canonical concept equality in candidate ledger,HIGH,Derived from controlled candidate metadata; no semantic evolution is asserted.
FT-REL-87E3BCF8570936,FT-SEED-R1B-P-1842-22,FT-SEED-R1B-P-0607-28,SAME_CANONICAL_CONCEPT,COMPUTATIONAL_STRUCTURAL,CROSS_ANCHOR,Canonical concept equality in candidate ledger,HIGH,Derived from controlled candidate metadata; no semantic evolution is asserted.
FT-REL-01E81962F9D580,FT-SEED-R1B-P-1842-22,FT-SEED-R1B-P-1842-23,SAME_CANONICAL_CONCEPT,COMPUTATIONAL_STRUCTURAL,WITHIN_ANCHOR,Canonical concept equality in candidate ledger,HIGH,Derived from controlled candidate metadata; no semantic evolution is asserted.
FT-REL-6EA00DDC814F46,FT-SEED-R1B-P-1842-22,FT-SEED-R1B-P-1842-24,SAME_CANONICAL_CONCEPT,COMPUTATIONAL_STRUCTURAL,WITHIN_ANCHOR,Canonical concept equality in candidate ledger,HIGH,Derived from controlled candidate metadata; no semantic evolution is asserted.
FT-REL-324D3559A91CAD,FT-SEED-R1B-P-1842-22,FT-SEED-R1B-P-1938-28,SAME_CANONICAL_CONCEPT,COMPUTATIONAL_STRUCTURAL,CROSS_ANCHOR,Canonical concept equality in candidate ledger,HIGH,Derived from controlled candidate metadata; no semantic evolution is asserted.
FT-REL-402880BE4F1229,FT-SEED-R1B-P-1842-22,FT-SEED-R1B-P-1938-29,SAME_CANONICAL_CONCEPT,COMPUTATIONAL_STRUCTURAL,CROSS_ANCHOR,Canonical concept equality in candidate ledger,HIGH,Derived from controlled candidate metadata; no semantic evolution is asserted.
FT-REL-988FA8C6F60C40,FT-SEED-R1B-P-1842-22,FT-SEED-R1B-P-1988-05,SAME_CANONICAL_CONCEPT,COMPUTATIONAL_STRUCTURAL,CROSS_ANCHOR,Canonical concept equality in candidate ledger,HIGH,Derived from controlled candidate metadata; no semantic evolution is asserted.
FT-REL-51A243F5E865CD,FT-SEED-R1B-P-1842-22,FT-SEED-R1B-P-1988-09,SAME_CANONICAL_CONCEPT,COMPUTATIONAL_STRUCTURAL,CROSS_ANCHOR,Canonical concept equality in candidate ledger,HIGH,Derived from controlled candidate metadata; no semantic evolution is asserted.
FT-REL-74D27FB9B288F1,FT-SEED-R1B-P-1842-22,FT-SEED-R1B-P-1988-11,SAME_CANONICAL_CONCEPT,COMPUTATIONAL_STRUCTURAL,CROSS_ANCHOR,Canonical concept equality in candidate ledger,HIGH,Derived from controlled candidate metadata; no semantic evolution is asserted.
FT-REL-7BC56D45384BB9,FT-SEED-R1B-P-1842-22,FT-SEED-R1B-P-1988-18,SAME_CANONICAL_CONCEPT,COMPUTATIONAL_STRUCTURAL,CROSS_ANCHOR,Canonical concept equality in candidate ledger,HIGH,Derived from controlled candidate metadata; no semantic evolution is asserted.
FT-REL-213761D72105AF,FT-SEED-R1B-P-1842-22,FT-SEED-R1B-P-1988-20,SAME_CANONICAL_CONCEPT,COMPUTATIONAL_STRUCTURAL,CROSS_ANCHOR,Canonical concept equality in candidate ledger,HIGH,Derived from controlled candidate metadata; no semantic evolution is asserted.
FT-REL-495DCF1072327E,FT-SEED-R1B-P-1842-22,FT-SEED-R1B-P-1988-22,SAME_CANONICAL_CONCEPT,COMPUTATIONAL_STRUCTURAL,CROSS_ANCHOR,Canonical concept equality in candidate ledger,HIGH,Derived from controlled candidate metadata; no semantic evolution is asserted.
FT-REL-4AE7FDDB619C30,FT-SEED-R1B-P-1842-22,FT-SEED-R1B-P-1988-25,SAME_CANONICAL_CONCEPT,COMPUTATIONAL_STRUCTURAL,CROSS_ANCHOR,Canonical concept equality in candidate ledger,HIGH,Derived from controlled candidate metadata; no semantic evolution is asserted.
FT-REL-7F390C377AEA1B,FT-SEED-R1B-P-1842-22,FT-SEED-R1B-P-1988-26,SAME_CANONICAL_CONCEPT,COMPUTATIONAL_STRUCTURAL,CROSS_ANCHOR,Canonical concept equality in candidate ledger,HIGH,Derived from controlled candidate metadata; no semantic evolution is asserted.
FT-REL-1A3BB6D77E4013,FT-SEED-R1B-P-1842-22,FT-SEED-R1B-P-2015-08,SAME_CANONICAL_CONCEPT,COMPUTATIONAL_STRUCTURAL,CROSS_ANCHOR,Canonical concept equality in candidate ledger,HIGH,Derived from controlled candidate metadata; no semantic evolution is asserted.
FT-REL-F2F8BD86774213,FT-SEED-R1B-P-1842-22,FT-SEED-R1B-P-2015-11,SAME_CANONICAL_CONCEPT,COMPUTATIONAL_STRUCTURAL,CROSS_ANCHOR,Canonical concept equality in candidate ledger,HIGH,Derived from controlled candidate metadata; no semantic evolution is asserted.
FT-REL-0395A62E9B72DA,FT-SEED-R1B-P-1842-22,FT-SEED-R1B-P-2015-15,SAME_CANONICAL_CONCEPT,COMPUTATIONAL_STRUCTURAL,CROSS_ANCHOR,Canonical concept equality in candidate ledger,HIGH,Derived from controlled candidate metadata; no semantic evolution is asserted.
FT-REL-0285E80FA2A9AC,FT-SEED-R1B-P-1842-22,FT-SEED-R1B-P-2015-16,SAME_CANONICAL_CONCEPT,COMPUTATIONAL_STRUCTURAL,CROSS_ANCHOR,Canonical concept equality in candidate ledger,HIGH,Derived from controlled candidate metadata; no semantic evolution is asserted.
FT-REL-F32C24468FBA80,FT-SEED-R1B-P-1842-22,FT-SEED-R1B-P-2015-18,SAME_CANONICAL_CONCEPT,COMPUTATIONAL_STRUCTURAL,CROSS_ANCHOR,Canonical concept equality in candidate ledger,HIGH,Derived from controlled candidate metadata; no semantic evolution is asserted.
FT-REL-9DDB824FA11AB0,FT-SEED-R1B-P-1842-22,FT-SEED-R1B-P-2015-24,SAME_CANONICAL_CONCEPT,COMPUTATIONAL_STRUCTURAL,CROSS_ANCHOR,Canonical concept equality in candidate ledger,HIGH,Derived from controlled candidate metadata; no semantic evolution is asserted.
FT-REL-AB997E888B914B,FT-SEED-R1B-P-1842-22,FT-SEED-R1B-P-2015-27,SAME_CANONICAL_CONCEPT,COMPUTATIONAL_STRUCTURAL,CROSS_ANCHOR,Canonical concept equality in candidate ledger,HIGH,Derived from controlled candidate metadata; no semantic evolution is asserted.
FT-REL-D60000DF45467D,FT-SEED-R1B-P-1842-22,FT-SEED-R1B-P-2015-28,SAME_CANONICAL_CONCEPT,COMPUTATIONAL_STRUCTURAL,CROSS_ANCHOR,Canonical concept equality in candidate ledger,HIGH,Derived from controlled candidate metadata; no semantic evolution is asserted.
FT-REL-03E62629BFFF72,FT-SEED-R1B-P-1842-22,FT-SEED-R1B-P-2015-29,SAME_CANONICAL_CONCEPT,COMPUTATIONAL_STRUCTURAL,CROSS_ANCHOR,Canonical concept equality in candidate ledger,HIGH,Derived from controlled candidate metadata; no semantic evolution is asserted.
FT-REL-F456A9CABAE52A,FT-SEED-R1B-P-1842-22,FT-SEED-R1B-P-2022-24,SAME_CANONICAL_CONCEPT,COMPUTATIONAL_STRUCTURAL,CROSS_ANCHOR,Canonical concept equality in candidate ledger,HIGH,Derived from controlled candidate metadata; no semantic evolution is asserted.
FT-REL-753C2370ECA8DC,FT-SEED-R1B-P-1842-22,FT-SEED-R1B-P-2022-26,SAME_CANONICAL_CONCEPT,COMPUTATIONAL_STRUCTURAL,CROSS_ANCHOR,Canonical concept equality in candidate ledger,HIGH,Derived from controlled candidate metadata; no semantic evolution is asserted.
FT-REL-30F358CAEAD6AA,FT-SEED-R1B-P-1842-29,FT-SEED-R1B-P-2022-27,SAME_CANONICAL_CONCEPT,COMPUTATIONAL_STRUCTURAL,CROSS_ANCHOR,Canonical concept equality in candidate ledger,HIGH,Derived from controlled candidate metadata; no semantic evolution is asserted.
FT-REL-509E6B14E9FBA1,FT-SEED-R1B-P-1938-01,FT-SEED-R1B-P-0607-08,SAME_CANONICAL_CONCEPT,COMPUTATIONAL_STRUCTURAL,CROSS_ANCHOR,Canonical concept equality in candidate ledger,HIGH,Derived from controlled candidate metadata; no semantic evolution is asserted.
FT-REL-5A902FB7317637,FT-SEED-R1B-P-1938-01,FT-SEED-R1B-P-1938-03,SAME_CANONICAL_CONCEPT,COMPUTATIONAL_STRUCTURAL,WITHIN_ANCHOR,Canonical concept equality in candidate ledger,HIGH,Derived from controlled candidate metadata; no semantic evolution is asserted.
FT-REL-9989656250CC76,FT-SEED-R1B-P-1938-02,FT-SEED-R1B-P-1988-30,SAME_CANONICAL_CONCEPT,COMPUTATIONAL_STRUCTURAL,CROSS_ANCHOR,Canonical concept equality in candidate ledger,HIGH,Derived from controlled candidate metadata; no semantic evolution is asserted.
FT-REL-F019BCB456D65A,FT-SEED-R1B-P-1938-13,FT-SEED-R1B-P-0607-03,SAME_CANONICAL_CONCEPT,COMPUTATIONAL_STRUCTURAL,CROSS_ANCHOR,Canonical concept equality in candidate ledger,HIGH,Derived from controlled candidate metadata; no semantic evolution is asserted.
FT-REL-018C4AD4B1F10A,FT-SEED-R1B-P-1938-13,FT-SEED-R1B-P-0607-04,SAME_CANONICAL_CONCEPT,COMPUTATIONAL_STRUCTURAL,CROSS_ANCHOR,Canonical concept equality in candidate ledger,HIGH,Derived from controlled candidate metadata; no semantic evolution is asserted.
FT-REL-53681B38ED9365,FT-SEED-R1B-P-1938-13,FT-SEED-R1B-P-1988-06,SAME_CANONICAL_CONCEPT,COMPUTATIONAL_STRUCTURAL,CROSS_ANCHOR,Canonical concept equality in candidate ledger,HIGH,Derived from controlled candidate metadata; no semantic evolution is asserted.
FT-REL-47D53A55B49568,FT-SEED-R1B-P-1938-13,FT-SEED-R1B-P-2015-03,SAME_CANONICAL_CONCEPT,COMPUTATIONAL_STRUCTURAL,CROSS_ANCHOR,Canonical concept equality in candidate ledger,HIGH,Derived from controlled candidate metadata; no semantic evolution is asserted.
FT-REL-8A44665505E473,FT-SEED-R1B-P-1938-14,FT-SEED-R1B-P-0607-05,SAME_CANONICAL_CONCEPT,COMPUTATIONAL_STRUCTURAL,CROSS_ANCHOR,Canonical concept equality in candidate ledger,HIGH,Derived from controlled candidate metadata; no semantic evolution is asserted.
FT-REL-BAB1E439ED473F,FT-SEED-R1B-P-1938-14,FT-SEED-R1B-P-1988-03,SAME_CANONICAL_CONCEPT,COMPUTATIONAL_STRUCTURAL,CROSS_ANCHOR,Canonical concept equality in candidate ledger,HIGH,Derived from controlled candidate metadata; no semantic evolution is asserted.
FT-REL-B9C69C4837700E,FT-SEED-R1B-P-1938-17,FT-SEED-R1B-P-0607-12,SAME_CANONICAL_CONCEPT,COMPUTATIONAL_STRUCTURAL,CROSS_ANCHOR,Canonical concept equality in candidate ledger,HIGH,Derived from controlled candidate metadata; no semantic evolution is asserted.
FT-REL-14AEF4493E67B0,FT-SEED-R1B-P-1938-17,FT-SEED-R1B-P-0607-26,SAME_CANONICAL_CONCEPT,COMPUTATIONAL_STRUCTURAL,CROSS_ANCHOR,Canonical concept equality in candidate ledger,HIGH,Derived from controlled candidate metadata; no semantic evolution is asserted.
FT-REL-738C9AD14443F5,FT-SEED-R1B-P-1938-17,FT-SEED-R1B-P-0607-27,SAME_CANONICAL_CONCEPT,COMPUTATIONAL_STRUCTURAL,CROSS_ANCHOR,Canonical concept equality in candidate ledger,HIGH,Derived from controlled candidate metadata; no semantic evolution is asserted.
FT-REL-C66CA2BC181895,FT-SEED-R1B-P-1938-17,FT-SEED-R1B-P-0607-30,SAME_CANONICAL_CONCEPT,COMPUTATIONAL_STRUCTURAL,CROSS_ANCHOR,Canonical concept equality in candidate ledger,HIGH,Derived from controlled candidate metadata; no semantic evolution is asserted.
FT-REL-903451B581BF23,FT-SEED-R1B-P-1938-17,FT-SEED-R1B-P-1988-19,SAME_CANONICAL_CONCEPT,COMPUTATIONAL_STRUCTURAL,CROSS_ANCHOR,Canonical concept equality in candidate ledger,HIGH,Derived from controlled candidate metadata; no semantic evolution is asserted.
FT-REL-A2AA5930F65BA3,FT-SEED-R1B-P-1938-17,FT-SEED-R1B-P-1988-21,SAME_CANONICAL_CONCEPT,COMPUTATIONAL_STRUCTURAL,CROSS_ANCHOR,Canonical concept equality in candidate ledger,HIGH,Derived from controlled candidate metadata; no semantic evolution is asserted.
FT-REL-5DDB4F4129E744,FT-SEED-R1B-P-1938-17,FT-SEED-R1B-P-2022-28,SAME_CANONICAL_CONCEPT,COMPUTATIONAL_STRUCTURAL,CROSS_ANCHOR,Canonical concept equality in candidate ledger,HIGH,Derived from controlled candidate metadata; no semantic evolution is asserted.
FT-REL-9F2A09A5C9CD70,FT-SEED-R1B-P-1938-18,FT-SEED-R1B-P-1938-26,SAME_CANONICAL_CONCEPT,COMPUTATIONAL_STRUCTURAL,WITHIN_ANCHOR,Canonical concept equality in candidate ledger,HIGH,Derived from controlled candidate metadata; no semantic evolution is asserted.
FT-REL-3ED7203125FFA8,FT-SEED-R1B-P-1938-18,FT-SEED-R1B-P-1988-29,SAME_CANONICAL_CONCEPT,COMPUTATIONAL_STRUCTURAL,CROSS_ANCHOR,Canonical concept equality in candidate ledger,HIGH,Derived from controlled candidate metadata; no semantic evolution is asserted.
FT-REL-AC0AEEAC53C6BA,FT-SEED-R1B-P-1938-18,FT-SEED-R1B-P-2015-30,SAME_CANONICAL_CONCEPT,COMPUTATIONAL_STRUCTURAL,CROSS_ANCHOR,Canonical concept equality in candidate ledger,HIGH,Derived from controlled candidate metadata; no semantic evolution is asserted.
FT-REL-9E67FCF53C63E1,FT-SEED-R1B-P-1938-18,FT-SEED-R1B-P-2022-11,SAME_CANONICAL_CONCEPT,COMPUTATIONAL_STRUCTURAL,CROSS_ANCHOR,Canonical concept equality in candidate ledger,HIGH,Derived from controlled candidate metadata; no semantic evolution is asserted.
FT-REL-F44E15BC98BEE9,FT-SEED-R1B-P-1938-19,FT-SEED-R1B-P-1938-20,SAME_CANONICAL_CONCEPT,COMPUTATIONAL_STRUCTURAL,WITHIN_ANCHOR,Canonical concept equality in candidate ledger,HIGH,Derived from controlled candidate metadata; no semantic evolution is asserted.
FT-REL-D5BECB28A94180,FT-SEED-R1B-P-1938-19,FT-SEED-R1B-P-1938-21,SAME_CANONICAL_CONCEPT,COMPUTATIONAL_STRUCTURAL,WITHIN_ANCHOR,Canonical concept equality in candidate ledger,HIGH,Derived from controlled candidate metadata; no semantic evolution is asserted.
FT-REL-6F4726104286FB,FT-SEED-R1B-P-1938-19,FT-SEED-R1B-P-1938-23,SAME_CANONICAL_CONCEPT,COMPUTATIONAL_STRUCTURAL,WITHIN_ANCHOR,Canonical concept equality in candidate ledger,HIGH,Derived from controlled candidate metadata; no semantic evolution is asserted.
FT-REL-975ECFA2A55864,FT-SEED-R1B-P-1938-19,FT-SEED-R1B-P-1938-25,SAME_CANONICAL_CONCEPT,COMPUTATIONAL_STRUCTURAL,WITHIN_ANCHOR,Canonical concept equality in candidate ledger,HIGH,Derived from controlled candidate metadata; no semantic evolution is asserted.
FT-REL-323452533DEDD8,FT-SEED-R1B-P-1938-19,FT-SEED-R1B-P-1988-07,SAME_CANONICAL_CONCEPT,COMPUTATIONAL_STRUCTURAL,CROSS_ANCHOR,Canonical concept equality in candidate ledger,HIGH,Derived from controlled candidate metadata; no semantic evolution is asserted.
FT-REL-5E14AB31362CEE,FT-SEED-R1B-P-1938-19,FT-SEED-R1B-P-1988-08,SAME_CANONICAL_CONCEPT,COMPUTATIONAL_STRUCTURAL,CROSS_ANCHOR,Canonical concept equality in candidate ledger,HIGH,Derived from controlled candidate metadata; no semantic evolution is asserted.
FT-REL-7448822939B3B9,FT-SEED-R1B-P-1938-19,FT-SEED-R1B-P-1988-10,SAME_CANONICAL_CONCEPT,COMPUTATIONAL_STRUCTURAL,CROSS_ANCHOR,Canonical concept equality in candidate ledger,HIGH,Derived from controlled candidate metadata; no semantic evolution is asserted.
FT-REL-84585E6B145F4A,FT-SEED-R1B-P-1938-19,FT-SEED-R1B-P-2022-22,SAME_CANONICAL_CONCEPT,COMPUTATIONAL_STRUCTURAL,CROSS_ANCHOR,Canonical concept equality in candidate ledger,HIGH,Derived from controlled candidate metadata; no semantic evolution is asserted.
FT-REL-F45D61405A35BE,FT-SEED-R1B-P-1988-02,FT-SEED-R1B-P-0607-11,SAME_CANONICAL_CONCEPT,COMPUTATIONAL_STRUCTURAL,CROSS_ANCHOR,Canonical concept equality in candidate ledger,HIGH,Derived from controlled candidate metadata; no semantic evolution is asserted.
FT-REL-996A848CD06F08,FT-SEED-R1B-P-1988-02,FT-SEED-R1B-P-1988-28,SAME_CANONICAL_CONCEPT,COMPUTATIONAL_STRUCTURAL,WITHIN_ANCHOR,Canonical concept equality in candidate ledger,HIGH,Derived from controlled candidate metadata; no semantic evolution is asserted.
FT-REL-95D2B5F16A2D05,FT-SEED-R1B-P-1988-02,FT-SEED-R1B-P-2022-02,SAME_CANONICAL_CONCEPT,COMPUTATIONAL_STRUCTURAL,CROSS_ANCHOR,Canonical concept equality in candidate ledger,HIGH,Derived from controlled candidate metadata; no semantic evolution is asserted.
FT-REL-360C5E85BA103F,FT-SEED-R1B-P-1988-17,FT-SEED-R1B-P-0607-01,SAME_CANONICAL_CONCEPT,COMPUTATIONAL_STRUCTURAL,CROSS_ANCHOR,Canonical concept equality in candidate ledger,HIGH,Derived from controlled candidate metadata; no semantic evolution is asserted.
FT-REL-C716FA0E42FDA3,FT-SEED-R1B-P-1988-23,FT-SEED-R1B-P-2015-07,SAME_CANONICAL_CONCEPT,COMPUTATIONAL_STRUCTURAL,CROSS_ANCHOR,Canonical concept equality in candidate ledger,HIGH,Derived from controlled candidate metadata; no semantic evolution is asserted.
FT-REL-3EDA9089172CF6,FT-SEED-R1B-P-1988-23,FT-SEED-R1B-P-2015-17,SAME_CANONICAL_CONCEPT,COMPUTATIONAL_STRUCTURAL,CROSS_ANCHOR,Canonical concept equality in candidate ledger,HIGH,Derived from controlled candidate metadata; no semantic evolution is asserted.
FT-REL-A4DAA45B46EFB4,FT-SEED-R1B-P-1988-23,FT-SEED-R1B-P-2015-21,SAME_CANONICAL_CONCEPT,COMPUTATIONAL_STRUCTURAL,CROSS_ANCHOR,Canonical concept equality in candidate ledger,HIGH,Derived from controlled candidate metadata; no semantic evolution is asserted.
FT-REL-3747BB34D81095,FT-SEED-R1B-P-1988-27,FT-SEED-R1B-P-0607-09,SAME_CANONICAL_CONCEPT,COMPUTATIONAL_STRUCTURAL,CROSS_ANCHOR,Canonical concept equality in candidate ledger,HIGH,Derived from controlled candidate metadata; no semantic evolution is asserted.
FT-REL-A2AEE3E5ADC5D3,FT-SEED-R1B-P-1988-27,FT-SEED-R1B-P-2015-10,SAME_CANONICAL_CONCEPT,COMPUTATIONAL_STRUCTURAL,CROSS_ANCHOR,Canonical concept equality in candidate ledger,HIGH,Derived from controlled candidate metadata; no semantic evolution is asserted.
FT-REL-3CA9780EDEBA9A,FT-SEED-R1B-P-2015-12,FT-SEED-R1B-P-2015-13,SAME_CANONICAL_CONCEPT,COMPUTATIONAL_STRUCTURAL,WITHIN_ANCHOR,Canonical concept equality in candidate ledger,HIGH,Derived from controlled candidate metadata; no semantic evolution is asserted.
FT-REL-87C9D9AD0055E9,FT-SEED-R1B-P-2015-14,FT-SEED-R1B-P-2015-20,SAME_CANONICAL_CONCEPT,COMPUTATIONAL_STRUCTURAL,WITHIN_ANCHOR,Canonical concept equality in candidate ledger,HIGH,Derived from controlled candidate metadata; no semantic evolution is asserted.
FT-REL-D3D43F7C621B78,FT-SEED-R1B-P-2015-25,FT-SEED-R1B-P-2015-26,SAME_CANONICAL_CONCEPT,COMPUTATIONAL_STRUCTURAL,WITHIN_ANCHOR,Canonical concept equality in candidate ledger,HIGH,Derived from controlled candidate metadata; no semantic evolution is asserted.
FT-REL-748C268ECBF785,FT-SEED-R1B-P-2015-25,FT-SEED-R1B-P-2022-03,SAME_CANONICAL_CONCEPT,COMPUTATIONAL_STRUCTURAL,CROSS_ANCHOR,Canonical concept equality in candidate ledger,HIGH,Derived from controlled candidate metadata; no semantic evolution is asserted.
FT-REL-051585B060DD73,FT-SEED-R1B-P-2015-25,FT-SEED-R1B-P-2022-04,SAME_CANONICAL_CONCEPT,COMPUTATIONAL_STRUCTURAL,CROSS_ANCHOR,Canonical concept equality in candidate ledger,HIGH,Derived from controlled candidate metadata; no semantic evolution is asserted.
FT-REL-98F2AA1A473879,FT-SEED-R1B-P-2022-07,FT-SEED-R1B-P-2022-08,SAME_CANONICAL_CONCEPT,COMPUTATIONAL_STRUCTURAL,WITHIN_ANCHOR,Canonical concept equality in candidate ledger,HIGH,Derived from controlled candidate metadata; no semantic evolution is asserted.
FT-REL-A9D659883F9DA9,FT-SEED-R1B-P-2022-07,FT-SEED-R1B-P-2022-09,SAME_CANONICAL_CONCEPT,COMPUTATIONAL_STRUCTURAL,WITHIN_ANCHOR,Canonical concept equality in candidate ledger,HIGH,Derived from controlled candidate metadata; no semantic evolution is asserted.
FT-REL-E05325711D3A52,FT-SEED-R1B-P-2022-07,FT-SEED-R1B-P-2022-10,SAME_CANONICAL_CONCEPT,COMPUTATIONAL_STRUCTURAL,WITHIN_ANCHOR,Canonical concept equality in candidate ledger,HIGH,Derived from controlled candidate metadata; no semantic evolution is asserted.
FT-REL-A2E809D7C952EB,FT-SEED-R1B-P-2022-07,FT-SEED-R1B-P-2022-12,SAME_CANONICAL_CONCEPT,COMPUTATIONAL_STRUCTURAL,WITHIN_ANCHOR,Canonical concept equality in candidate ledger,HIGH,Derived from controlled candidate metadata; no semantic evolution is asserted.
FT-REL-6667DCF4438CEA,FT-SEED-R1B-P-2022-07,FT-SEED-R1B-P-2022-13,SAME_CANONICAL_CONCEPT,COMPUTATIONAL_STRUCTURAL,WITHIN_ANCHOR,Canonical concept equality in candidate ledger,HIGH,Derived from controlled candidate metadata; no semantic evolution is asserted.
FT-REL-D2BE6615C30DB3,FT-SEED-R1B-P-2022-07,FT-SEED-R1B-P-2022-14,SAME_CANONICAL_CONCEPT,COMPUTATIONAL_STRUCTURAL,WITHIN_ANCHOR,Canonical concept equality in candidate ledger,HIGH,Derived from controlled candidate metadata; no semantic evolution is asserted.
FT-REL-2ECB5B34EE434A,FT-SEED-R1B-P-2022-07,FT-SEED-R1B-P-2022-20,SAME_CANONICAL_CONCEPT,COMPUTATIONAL_STRUCTURAL,WITHIN_ANCHOR,Canonical concept equality in candidate ledger,HIGH,Derived from controlled candidate metadata; no semantic evolution is asserted.
FT-REL-8F759A6626BEA6,FT-SEED-R1B-P-2022-07,FT-SEED-R1B-P-2022-21,SAME_CANONICAL_CONCEPT,COMPUTATIONAL_STRUCTURAL,WITHIN_ANCHOR,Canonical concept equality in candidate ledger,HIGH,Derived from controlled candidate metadata; no semantic evolution is asserted.
FT-REL-CBFB81A8AC5CD1,FT-SEED-R1B-P-2022-15,FT-SEED-R1B-P-2022-25,SAME_CANONICAL_CONCEPT,COMPUTATIONAL_STRUCTURAL,WITHIN_ANCHOR,Canonical concept equality in candidate ledger,HIGH,Derived from controlled candidate metadata; no semantic evolution is asserted.
FT-REL-7043D034698D3E,FT-SEED-R1B-P-2022-18,FT-SEED-R1B-P-2022-19,SAME_CANONICAL_CONCEPT,COMPUTATIONAL_STRUCTURAL,WITHIN_ANCHOR,Canonical concept equality in candidate ledger,HIGH,Derived from controlled candidate metadata; no semantic evolution is asserted.
FT-REL-64BA69AC591FD4,FT-SEED-R1B-P-0607-21,FT-SEED-R1B-P-0607-22,SAME_LEXICAL_FAMILY,COMPUTATIONAL_STRUCTURAL,WITHIN_ANCHOR,Shared controlled lexical family,HIGH,Derived from controlled candidate metadata; no semantic evolution is asserted.
FT-REL-12D070A9E8B55F,FT-SEED-R1B-P-0607-21,FT-SEED-R1B-P-0607-23,SAME_LEXICAL_FAMILY,COMPUTATIONAL_STRUCTURAL,WITHIN_ANCHOR,Shared controlled lexical family,HIGH,Derived from controlled candidate metadata; no semantic evolution is asserted.
FT-REL-78445D1F546611,FT-SEED-R1B-P-0607-21,FT-SEED-R1B-P-2015-25,SAME_LEXICAL_FAMILY,COMPUTATIONAL_STRUCTURAL,CROSS_ANCHOR,Shared controlled lexical family,HIGH,Derived from controlled candidate metadata; no semantic evolution is asserted.
FT-REL-8FA74F30730166,FT-SEED-R1B-P-0607-21,FT-SEED-R1B-P-2015-26,SAME_LEXICAL_FAMILY,COMPUTATIONAL_STRUCTURAL,CROSS_ANCHOR,Shared controlled lexical family,HIGH,Derived from controlled candidate metadata; no semantic evolution is asserted.
FT-REL-53CAE3E0CEEC77,FT-SEED-R1B-P-0607-21,FT-SEED-R1B-P-2022-03,SAME_LEXICAL_FAMILY,COMPUTATIONAL_STRUCTURAL,CROSS_ANCHOR,Shared controlled lexical family,HIGH,Derived from controlled candidate metadata; no semantic evolution is asserted.
FT-REL-7B2F45A11DC05F,FT-SEED-R1B-P-0607-21,FT-SEED-R1B-P-2022-04,SAME_LEXICAL_FAMILY,COMPUTATIONAL_STRUCTURAL,CROSS_ANCHOR,Shared controlled lexical family,HIGH,Derived from controlled candidate metadata; no semantic evolution is asserted.
FT-REL-061BAA10E107CB,FT-SEED-R1B-P-1842-01,FT-SEED-R1B-P-0607-03,SAME_LEXICAL_FAMILY,COMPUTATIONAL_STRUCTURAL,CROSS_ANCHOR,Shared controlled lexical family,HIGH,Derived from controlled candidate metadata; no semantic evolution is asserted.
FT-REL-129DC14C8110C1,FT-SEED-R1B-P-1842-01,FT-SEED-R1B-P-0607-04,SAME_LEXICAL_FAMILY,COMPUTATIONAL_STRUCTURAL,CROSS_ANCHOR,Shared controlled lexical family,HIGH,Derived from controlled candidate metadata; no semantic evolution is asserted.
FT-REL-3A027F208EB99A,FT-SEED-R1B-P-1842-01,FT-SEED-R1B-P-1842-02,SAME_LEXICAL_FAMILY,COMPUTATIONAL_STRUCTURAL,WITHIN_ANCHOR,Shared controlled lexical family,HIGH,Derived from controlled candidate metadata; no semantic evolution is asserted.
FT-REL-FD6539F3B18BA1,FT-SEED-R1B-P-1842-01,FT-SEED-R1B-P-1842-03,SAME_LEXICAL_FAMILY,COMPUTATIONAL_STRUCTURAL,WITHIN_ANCHOR,Shared controlled lexical family,HIGH,Derived from controlled candidate metadata; no semantic evolution is asserted.
FT-REL-1F6BBC6AF5F976,FT-SEED-R1B-P-1842-01,FT-SEED-R1B-P-1842-04,SAME_LEXICAL_FAMILY,COMPUTATIONAL_STRUCTURAL,WITHIN_ANCHOR,Shared controlled lexical family,HIGH,Derived from controlled candidate metadata; no semantic evolution is asserted.
FT-REL-B850A2680706A8,FT-SEED-R1B-P-1842-01,FT-SEED-R1B-P-1842-05,SAME_LEXICAL_FAMILY,COMPUTATIONAL_STRUCTURAL,WITHIN_ANCHOR,Shared controlled lexical family,HIGH,Derived from controlled candidate metadata; no semantic evolution is asserted.
FT-REL-5FD6F8DA4C87A6,FT-SEED-R1B-P-1842-01,FT-SEED-R1B-P-1842-06,SAME_LEXICAL_FAMILY,COMPUTATIONAL_STRUCTURAL,WITHIN_ANCHOR,Shared controlled lexical family,HIGH,Derived from controlled candidate metadata; no semantic evolution is asserted.
FT-REL-8EC1E809ADB646,FT-SEED-R1B-P-1842-01,FT-SEED-R1B-P-1842-07,SAME_LEXICAL_FAMILY,COMPUTATIONAL_STRUCTURAL,WITHIN_ANCHOR,Shared controlled lexical family,HIGH,Derived from controlled candidate metadata; no semantic evolution is asserted.
FT-REL-BCF8359036F96C,FT-SEED-R1B-P-1842-01,FT-SEED-R1B-P-1842-08,SAME_LEXICAL_FAMILY,COMPUTATIONAL_STRUCTURAL,WITHIN_ANCHOR,Shared controlled lexical family,HIGH,Derived from controlled candidate metadata; no semantic evolution is asserted.
FT-REL-47F79FDC10CAC0,FT-SEED-R1B-P-1842-01,FT-SEED-R1B-P-1842-09,SAME_LEXICAL_FAMILY,COMPUTATIONAL_STRUCTURAL,WITHIN_ANCHOR,Shared controlled lexical family,HIGH,Derived from controlled candidate metadata; no semantic evolution is asserted.
FT-REL-E840D28B5AEF72,FT-SEED-R1B-P-1842-01,FT-SEED-R1B-P-1842-10,SAME_LEXICAL_FAMILY,COMPUTATIONAL_STRUCTURAL,WITHIN_ANCHOR,Shared controlled lexical family,HIGH,Derived from controlled candidate metadata; no semantic evolution is asserted.
FT-REL-2D1BD01E568A64,FT-SEED-R1B-P-1842-01,FT-SEED-R1B-P-1842-11,SAME_LEXICAL_FAMILY,COMPUTATIONAL_STRUCTURAL,WITHIN_ANCHOR,Shared controlled lexical family,HIGH,Derived from controlled candidate metadata; no semantic evolution is asserted.
FT-REL-1A7D631DC5B902,FT-SEED-R1B-P-1842-01,FT-SEED-R1B-P-1842-18,SAME_LEXICAL_FAMILY,COMPUTATIONAL_STRUCTURAL,WITHIN_ANCHOR,Shared controlled lexical family,HIGH,Derived from controlled candidate metadata; no semantic evolution is asserted.
FT-REL-84D09C5F212286,FT-SEED-R1B-P-1842-01,FT-SEED-R1B-P-1938-09,SAME_LEXICAL_FAMILY,COMPUTATIONAL_STRUCTURAL,CROSS_ANCHOR,Shared controlled lexical family,HIGH,Derived from controlled candidate metadata; no semantic evolution is asserted.
FT-REL-2A87D2ED674B5F,FT-SEED-R1B-P-1842-01,FT-SEED-R1B-P-1938-10,SAME_LEXICAL_FAMILY,COMPUTATIONAL_STRUCTURAL,CROSS_ANCHOR,Shared controlled lexical family,HIGH,Derived from controlled candidate metadata; no semantic evolution is asserted.
FT-REL-BFE3A70FBBF3A2,FT-SEED-R1B-P-1842-01,FT-SEED-R1B-P-1938-11,SAME_LEXICAL_FAMILY,COMPUTATIONAL_STRUCTURAL,CROSS_ANCHOR,Shared controlled lexical family,HIGH,Derived from controlled candidate metadata; no semantic evolution is asserted.
FT-REL-51E28C4458E836,FT-SEED-R1B-P-1842-01,FT-SEED-R1B-P-1938-13,SAME_LEXICAL_FAMILY,COMPUTATIONAL_STRUCTURAL,CROSS_ANCHOR,Shared controlled lexical family,HIGH,Derived from controlled candidate metadata; no semantic evolution is asserted.
FT-REL-EDF46094C75BF0,FT-SEED-R1B-P-1842-01,FT-SEED-R1B-P-1938-15,SAME_LEXICAL_FAMILY,COMPUTATIONAL_STRUCTURAL,CROSS_ANCHOR,Shared controlled lexical family,HIGH,Derived from controlled candidate metadata; no semantic evolution is asserted.
FT-REL-FF5CE51ECF8F62,FT-SEED-R1B-P-1842-01,FT-SEED-R1B-P-1938-16,SAME_LEXICAL_FAMILY,COMPUTATIONAL_STRUCTURAL,CROSS_ANCHOR,Shared controlled lexical family,HIGH,Derived from controlled candidate metadata; no semantic evolution is asserted.
FT-REL-08F08B4839F3B7,FT-SEED-R1B-P-1842-01,FT-SEED-R1B-P-1938-22,SAME_LEXICAL_FAMILY,COMPUTATIONAL_STRUCTURAL,CROSS_ANCHOR,Shared controlled lexical family,HIGH,Derived from controlled candidate metadata; no semantic evolution is asserted.
FT-REL-38C2A89FB570B3,FT-SEED-R1B-P-1842-01,FT-SEED-R1B-P-1988-06,SAME_LEXICAL_FAMILY,COMPUTATIONAL_STRUCTURAL,CROSS_ANCHOR,Shared controlled lexical family,HIGH,Derived from controlled candidate metadata; no semantic evolution is asserted.
FT-REL-4BF550A92FB913,FT-SEED-R1B-P-1842-01,FT-SEED-R1B-P-1988-14,SAME_LEXICAL_FAMILY,COMPUTATIONAL_STRUCTURAL,CROSS_ANCHOR,Shared controlled lexical family,HIGH,Derived from controlled candidate metadata; no semantic evolution is asserted.
FT-REL-093810C903195A,FT-SEED-R1B-P-1842-01,FT-SEED-R1B-P-2015-03,SAME_LEXICAL_FAMILY,COMPUTATIONAL_STRUCTURAL,CROSS_ANCHOR,Shared controlled lexical family,HIGH,Derived from controlled candidate metadata; no semantic evolution is asserted.
FT-REL-EDC200C59DC959,FT-SEED-R1B-P-1842-01,FT-SEED-R1B-P-2015-04,SAME_LEXICAL_FAMILY,COMPUTATIONAL_STRUCTURAL,CROSS_ANCHOR,Shared controlled lexical family,HIGH,Derived from controlled candidate metadata; no semantic evolution is asserted.
FT-REL-5FD6BFEE007654,FT-SEED-R1B-P-1842-01,FT-SEED-R1B-P-2015-05,SAME_LEXICAL_FAMILY,COMPUTATIONAL_STRUCTURAL,CROSS_ANCHOR,Shared controlled lexical family,HIGH,Derived from controlled candidate metadata; no semantic evolution is asserted.
FT-REL-56B02B9ADB0AE7,FT-SEED-R1B-P-1842-12,FT-SEED-R1B-P-0607-02,SAME_LEXICAL_FAMILY,COMPUTATIONAL_STRUCTURAL,CROSS_ANCHOR,Shared controlled lexical family,HIGH,Derived from controlled candidate metadata; no semantic evolution is asserted.
FT-REL-609C4F3CD6D515,FT-SEED-R1B-P-1842-12,FT-SEED-R1B-P-0607-10,SAME_LEXICAL_FAMILY,COMPUTATIONAL_STRUCTURAL,CROSS_ANCHOR,Shared controlled lexical family,HIGH,Derived from controlled candidate metadata; no semantic evolution is asserted.
FT-REL-409A9BE195E4BB,FT-SEED-R1B-P-1842-12,FT-SEED-R1B-P-0607-14,SAME_LEXICAL_FAMILY,COMPUTATIONAL_STRUCTURAL,CROSS_ANCHOR,Shared controlled lexical family,HIGH,Derived from controlled candidate metadata; no semantic evolution is asserted.
FT-REL-4A2718E3A5CAAC,FT-SEED-R1B-P-1842-12,FT-SEED-R1B-P-0607-15,SAME_LEXICAL_FAMILY,COMPUTATIONAL_STRUCTURAL,CROSS_ANCHOR,Shared controlled lexical family,HIGH,Derived from controlled candidate metadata; no semantic evolution is asserted.
FT-REL-DCCD41A08D4546,FT-SEED-R1B-P-1842-12,FT-SEED-R1B-P-0607-29,SAME_LEXICAL_FAMILY,COMPUTATIONAL_STRUCTURAL,CROSS_ANCHOR,Shared controlled lexical family,HIGH,Derived from controlled candidate metadata; no semantic evolution is asserted.
FT-REL-B778ED5AFB4A70,FT-SEED-R1B-P-1842-12,FT-SEED-R1B-P-1842-13,SAME_LEXICAL_FAMILY,COMPUTATIONAL_STRUCTURAL,WITHIN_ANCHOR,Shared controlled lexical family,HIGH,Derived from controlled candidate metadata; no semantic evolution is asserted.
FT-REL-6E8B05A19211F6,FT-SEED-R1B-P-1842-12,FT-SEED-R1B-P-1842-14,SAME_LEXICAL_FAMILY,COMPUTATIONAL_STRUCTURAL,WITHIN_ANCHOR,Shared controlled lexical family,HIGH,Derived from controlled candidate metadata; no semantic evolution is asserted.
FT-REL-F475892D95134B,FT-SEED-R1B-P-1842-12,FT-SEED-R1B-P-1842-15,SAME_LEXICAL_FAMILY,COMPUTATIONAL_STRUCTURAL,WITHIN_ANCHOR,Shared controlled lexical family,HIGH,Derived from controlled candidate metadata; no semantic evolution is asserted.
FT-REL-BCCB40C5419857,FT-SEED-R1B-P-1842-12,FT-SEED-R1B-P-1938-04,SAME_LEXICAL_FAMILY,COMPUTATIONAL_STRUCTURAL,CROSS_ANCHOR,Shared controlled lexical family,HIGH,Derived from controlled candidate metadata; no semantic evolution is asserted.
FT-REL-08D09A4674EAD5,FT-SEED-R1B-P-1842-12,FT-SEED-R1B-P-1938-05,SAME_LEXICAL_FAMILY,COMPUTATIONAL_STRUCTURAL,CROSS_ANCHOR,Shared controlled lexical family,HIGH,Derived from controlled candidate metadata; no semantic evolution is asserted.
FT-REL-3E560C1B746E96,FT-SEED-R1B-P-1842-12,FT-SEED-R1B-P-1938-06,SAME_LEXICAL_FAMILY,COMPUTATIONAL_STRUCTURAL,CROSS_ANCHOR,Shared controlled lexical family,HIGH,Derived from controlled candidate metadata; no semantic evolution is asserted.
FT-REL-3BB0AF02399454,FT-SEED-R1B-P-1842-12,FT-SEED-R1B-P-1938-07,SAME_LEXICAL_FAMILY,COMPUTATIONAL_STRUCTURAL,CROSS_ANCHOR,Shared controlled lexical family,HIGH,Derived from controlled candidate metadata; no semantic evolution is asserted.
FT-REL-72A277BA0B03F0,FT-SEED-R1B-P-1842-12,FT-SEED-R1B-P-1938-08,SAME_LEXICAL_FAMILY,COMPUTATIONAL_STRUCTURAL,CROSS_ANCHOR,Shared controlled lexical family,HIGH,Derived from controlled candidate metadata; no semantic evolution is asserted.
FT-REL-37F53E3B39FDE4,FT-SEED-R1B-P-1842-12,FT-SEED-R1B-P-1938-12,SAME_LEXICAL_FAMILY,COMPUTATIONAL_STRUCTURAL,CROSS_ANCHOR,Shared controlled lexical family,HIGH,Derived from controlled candidate metadata; no semantic evolution is asserted.
FT-REL-6F975DFF36A0AA,FT-SEED-R1B-P-1842-12,FT-SEED-R1B-P-1988-04,SAME_LEXICAL_FAMILY,COMPUTATIONAL_STRUCTURAL,CROSS_ANCHOR,Shared controlled lexical family,HIGH,Derived from controlled candidate metadata; no semantic evolution is asserted.
FT-REL-AC63A21A7D0912,FT-SEED-R1B-P-1842-12,FT-SEED-R1B-P-1988-12,SAME_LEXICAL_FAMILY,COMPUTATIONAL_STRUCTURAL,CROSS_ANCHOR,Shared controlled lexical family,HIGH,Derived from controlled candidate metadata; no semantic evolution is asserted.
FT-REL-6893643E67CFE5,FT-SEED-R1B-P-1842-12,FT-SEED-R1B-P-1988-13,SAME_LEXICAL_FAMILY,COMPUTATIONAL_STRUCTURAL,CROSS_ANCHOR,Shared controlled lexical family,HIGH,Derived from controlled candidate metadata; no semantic evolution is asserted.
FT-REL-026DACBDAB7BE0,FT-SEED-R1B-P-1842-12,FT-SEED-R1B-P-1988-15,SAME_LEXICAL_FAMILY,COMPUTATIONAL_STRUCTURAL,CROSS_ANCHOR,Shared controlled lexical family,HIGH,Derived from controlled candidate metadata; no semantic evolution is asserted.
FT-REL-A75D481E382791,FT-SEED-R1B-P-1842-12,FT-SEED-R1B-P-2015-01,SAME_LEXICAL_FAMILY,COMPUTATIONAL_STRUCTURAL,CROSS_ANCHOR,Shared controlled lexical family,HIGH,Derived from controlled candidate metadata; no semantic evolution is asserted.
FT-REL-191596071B8466,FT-SEED-R1B-P-1842-12,FT-SEED-R1B-P-2015-02,SAME_LEXICAL_FAMILY,COMPUTATIONAL_STRUCTURAL,CROSS_ANCHOR,Shared controlled lexical family,HIGH,Derived from controlled candidate metadata; no semantic evolution is asserted.
FT-REL-807D675F05DADB,FT-SEED-R1B-P-1842-12,FT-SEED-R1B-P-2015-06,SAME_LEXICAL_FAMILY,COMPUTATIONAL_STRUCTURAL,CROSS_ANCHOR,Shared controlled lexical family,HIGH,Derived from controlled candidate metadata; no semantic evolution is asserted.
FT-REL-73613D7618CE20,FT-SEED-R1B-P-1842-12,FT-SEED-R1B-P-2015-09,SAME_LEXICAL_FAMILY,COMPUTATIONAL_STRUCTURAL,CROSS_ANCHOR,Shared controlled lexical family,HIGH,Derived from controlled candidate metadata; no semantic evolution is asserted.
FT-REL-5702FE40ED17AB,FT-SEED-R1B-P-1842-12,FT-SEED-R1B-P-2022-01,SAME_LEXICAL_FAMILY,COMPUTATIONAL_STRUCTURAL,CROSS_ANCHOR,Shared controlled lexical family,HIGH,Derived from controlled candidate metadata; no semantic evolution is asserted.
FT-REL-1D3F17302B2E88,FT-SEED-R1B-P-1842-16,FT-SEED-R1B-P-1842-17,SAME_LEXICAL_FAMILY,COMPUTATIONAL_STRUCTURAL,WITHIN_ANCHOR,Shared controlled lexical family,HIGH,Derived from controlled candidate metadata; no semantic evolution is asserted.
FT-REL-AC878A2AD2AB5B,FT-SEED-R1B-P-1842-16,FT-SEED-R1B-P-1842-19,SAME_LEXICAL_FAMILY,COMPUTATIONAL_STRUCTURAL,WITHIN_ANCHOR,Shared controlled lexical family,HIGH,Derived from controlled candidate metadata; no semantic evolution is asserted.
FT-REL-9ABB40E3CD3D71,FT-SEED-R1B-P-1842-16,FT-SEED-R1B-P-1842-20,SAME_LEXICAL_FAMILY,COMPUTATIONAL_STRUCTURAL,WITHIN_ANCHOR,Shared controlled lexical family,HIGH,Derived from controlled candidate metadata; no semantic evolution is asserted.
FT-REL-13672D4CDEE5EC,FT-SEED-R1B-P-1842-16,FT-SEED-R1B-P-1842-21,SAME_LEXICAL_FAMILY,COMPUTATIONAL_STRUCTURAL,WITHIN_ANCHOR,Shared controlled lexical family,HIGH,Derived from controlled candidate metadata; no semantic evolution is asserted.
FT-REL-EF6FA0F3C65119,FT-SEED-R1B-P-1842-16,FT-SEED-R1B-P-1842-26,SAME_LEXICAL_FAMILY,COMPUTATIONAL_STRUCTURAL,WITHIN_ANCHOR,Shared controlled lexical family,HIGH,Derived from controlled candidate metadata; no semantic evolution is asserted.
FT-REL-B121077FA14353,FT-SEED-R1B-P-1842-16,FT-SEED-R1B-P-1842-27,SAME_LEXICAL_FAMILY,COMPUTATIONAL_STRUCTURAL,WITHIN_ANCHOR,Shared controlled lexical family,HIGH,Derived from controlled candidate metadata; no semantic evolution is asserted.
FT-REL-D006CBC6772432,FT-SEED-R1B-P-1842-16,FT-SEED-R1B-P-1842-28,SAME_LEXICAL_FAMILY,COMPUTATIONAL_STRUCTURAL,WITHIN_ANCHOR,Shared controlled lexical family,HIGH,Derived from controlled candidate metadata; no semantic evolution is asserted.
FT-REL-BCDCBD2E9B3885,FT-SEED-R1B-P-1842-16,FT-SEED-R1B-P-1938-19,SAME_LEXICAL_FAMILY,COMPUTATIONAL_STRUCTURAL,CROSS_ANCHOR,Shared controlled lexical family,HIGH,Derived from controlled candidate metadata; no semantic evolution is asserted.
FT-REL-90DA6EEBC6B2FF,FT-SEED-R1B-P-1842-16,FT-SEED-R1B-P-1938-20,SAME_LEXICAL_FAMILY,COMPUTATIONAL_STRUCTURAL,CROSS_ANCHOR,Shared controlled lexical family,HIGH,Derived from controlled candidate metadata; no semantic evolution is asserted.
FT-REL-63D06769F0300D,FT-SEED-R1B-P-1842-16,FT-SEED-R1B-P-1938-21,SAME_LEXICAL_FAMILY,COMPUTATIONAL_STRUCTURAL,CROSS_ANCHOR,Shared controlled lexical family,HIGH,Derived from controlled candidate metadata; no semantic evolution is asserted.
FT-REL-4D9C6217F59D5D,FT-SEED-R1B-P-1842-16,FT-SEED-R1B-P-1938-23,SAME_LEXICAL_FAMILY,COMPUTATIONAL_STRUCTURAL,CROSS_ANCHOR,Shared controlled lexical family,HIGH,Derived from controlled candidate metadata; no semantic evolution is asserted.
FT-REL-33AB9951AAAA62,FT-SEED-R1B-P-1842-16,FT-SEED-R1B-P-1938-24,SAME_LEXICAL_FAMILY,COMPUTATIONAL_STRUCTURAL,CROSS_ANCHOR,Shared controlled lexical family,HIGH,Derived from controlled candidate metadata; no semantic evolution is asserted.
FT-REL-1FC434D1ABB86E,FT-SEED-R1B-P-1842-16,FT-SEED-R1B-P-1938-25,SAME_LEXICAL_FAMILY,COMPUTATIONAL_STRUCTURAL,CROSS_ANCHOR,Shared controlled lexical family,HIGH,Derived from controlled candidate metadata; no semantic evolution is asserted.
FT-REL-87B448569A8DC5,FT-SEED-R1B-P-1842-16,FT-SEED-R1B-P-1938-27,SAME_LEXICAL_FAMILY,COMPUTATIONAL_STRUCTURAL,CROSS_ANCHOR,Shared controlled lexical family,HIGH,Derived from controlled candidate metadata; no semantic evolution is asserted.
FT-REL-CBD6814A47078B,FT-SEED-R1B-P-1842-16,FT-SEED-R1B-P-1938-30,SAME_LEXICAL_FAMILY,COMPUTATIONAL_STRUCTURAL,CROSS_ANCHOR,Shared controlled lexical family,HIGH,Derived from controlled candidate metadata; no semantic evolution is asserted.
FT-REL-5622489AA16889,FT-SEED-R1B-P-1842-16,FT-SEED-R1B-P-1988-07,SAME_LEXICAL_FAMILY,COMPUTATIONAL_STRUCTURAL,CROSS_ANCHOR,Shared controlled lexical family,HIGH,Derived from controlled candidate metadata; no semantic evolution is asserted.
FT-REL-415B8EEC115BD1,FT-SEED-R1B-P-1842-16,FT-SEED-R1B-P-1988-08,SAME_LEXICAL_FAMILY,COMPUTATIONAL_STRUCTURAL,CROSS_ANCHOR,Shared controlled lexical family,HIGH,Derived from controlled candidate metadata; no semantic evolution is asserted.
FT-REL-E6E821B6710A4E,FT-SEED-R1B-P-1842-16,FT-SEED-R1B-P-1988-10,SAME_LEXICAL_FAMILY,COMPUTATIONAL_STRUCTURAL,CROSS_ANCHOR,Shared controlled lexical family,HIGH,Derived from controlled candidate metadata; no semantic evolution is asserted.
FT-REL-5F0233DE590A5D,FT-SEED-R1B-P-1842-16,FT-SEED-R1B-P-2022-22,SAME_LEXICAL_FAMILY,COMPUTATIONAL_STRUCTURAL,CROSS_ANCHOR,Shared controlled lexical family,HIGH,Derived from controlled candidate metadata; no semantic evolution is asserted.
FT-REL-9D74CA14D0424C,FT-SEED-R1B-P-1842-16,FT-SEED-R1B-P-2022-23,SAME_LEXICAL_FAMILY,COMPUTATIONAL_STRUCTURAL,CROSS_ANCHOR,Shared controlled lexical family,HIGH,Derived from controlled candidate metadata; no semantic evolution is asserted.
FT-REL-293CE431435F6B,FT-SEED-R1B-P-1842-22,FT-SEED-R1B-P-0607-06,SAME_LEXICAL_FAMILY,COMPUTATIONAL_STRUCTURAL,CROSS_ANCHOR,Shared controlled lexical family,HIGH,Derived from controlled candidate metadata; no semantic evolution is asserted.
FT-REL-BACA9304B4BD06,FT-SEED-R1B-P-1842-22,FT-SEED-R1B-P-0607-07,SAME_LEXICAL_FAMILY,COMPUTATIONAL_STRUCTURAL,CROSS_ANCHOR,Shared controlled lexical family,HIGH,Derived from controlled candidate metadata; no semantic evolution is asserted.
FT-REL-5295401A2A9526,FT-SEED-R1B-P-1842-22,FT-SEED-R1B-P-0607-13,SAME_LEXICAL_FAMILY,COMPUTATIONAL_STRUCTURAL,CROSS_ANCHOR,Shared controlled lexical family,HIGH,Derived from controlled candidate metadata; no semantic evolution is asserted.
FT-REL-C96F43C29678B1,FT-SEED-R1B-P-1842-22,FT-SEED-R1B-P-0607-16,SAME_LEXICAL_FAMILY,COMPUTATIONAL_STRUCTURAL,CROSS_ANCHOR,Shared controlled lexical family,HIGH,Derived from controlled candidate metadata; no semantic evolution is asserted.
FT-REL-D404DFDC3A0047,FT-SEED-R1B-P-1842-22,FT-SEED-R1B-P-0607-17,SAME_LEXICAL_FAMILY,COMPUTATIONAL_STRUCTURAL,CROSS_ANCHOR,Shared controlled lexical family,HIGH,Derived from controlled candidate metadata; no semantic evolution is asserted.
FT-REL-F57001C11A4EA8,FT-SEED-R1B-P-1842-22,FT-SEED-R1B-P-0607-18,SAME_LEXICAL_FAMILY,COMPUTATIONAL_STRUCTURAL,CROSS_ANCHOR,Shared controlled lexical family,HIGH,Derived from controlled candidate metadata; no semantic evolution is asserted.
FT-REL-9FCBA3B958350D,FT-SEED-R1B-P-1842-22,FT-SEED-R1B-P-0607-19,SAME_LEXICAL_FAMILY,COMPUTATIONAL_STRUCTURAL,CROSS_ANCHOR,Shared controlled lexical family,HIGH,Derived from controlled candidate metadata; no semantic evolution is asserted.
FT-REL-3B978CF4D72AAC,FT-SEED-R1B-P-1842-22,FT-SEED-R1B-P-0607-20,SAME_LEXICAL_FAMILY,COMPUTATIONAL_STRUCTURAL,CROSS_ANCHOR,Shared controlled lexical family,HIGH,Derived from controlled candidate metadata; no semantic evolution is asserted.
FT-REL-678D1729938349,FT-SEED-R1B-P-1842-22,FT-SEED-R1B-P-0607-24,SAME_LEXICAL_FAMILY,COMPUTATIONAL_STRUCTURAL,CROSS_ANCHOR,Shared controlled lexical family,HIGH,Derived from controlled candidate metadata; no semantic evolution is asserted.
FT-REL-BC25EBF4FFD1C8,FT-SEED-R1B-P-1842-22,FT-SEED-R1B-P-0607-28,SAME_LEXICAL_FAMILY,COMPUTATIONAL_STRUCTURAL,CROSS_ANCHOR,Shared controlled lexical family,HIGH,Derived from controlled candidate metadata; no semantic evolution is asserted.
FT-REL-7236492AA52DD7,FT-SEED-R1B-P-1842-22,FT-SEED-R1B-P-1842-23,SAME_LEXICAL_FAMILY,COMPUTATIONAL_STRUCTURAL,WITHIN_ANCHOR,Shared controlled lexical family,HIGH,Derived from controlled candidate metadata; no semantic evolution is asserted.
FT-REL-26262D60A2EC7B,FT-SEED-R1B-P-1842-22,FT-SEED-R1B-P-1842-24,SAME_LEXICAL_FAMILY,COMPUTATIONAL_STRUCTURAL,WITHIN_ANCHOR,Shared controlled lexical family,HIGH,Derived from controlled candidate metadata; no semantic evolution is asserted.
FT-REL-D467E97753ECA2,FT-SEED-R1B-P-1842-22,FT-SEED-R1B-P-1842-29,SAME_LEXICAL_FAMILY,COMPUTATIONAL_STRUCTURAL,WITHIN_ANCHOR,Shared controlled lexical family,HIGH,Derived from controlled candidate metadata; no semantic evolution is asserted.
FT-REL-D481E946ECC5F8,FT-SEED-R1B-P-1842-22,FT-SEED-R1B-P-1938-28,SAME_LEXICAL_FAMILY,COMPUTATIONAL_STRUCTURAL,CROSS_ANCHOR,Shared controlled lexical family,HIGH,Derived from controlled candidate metadata; no semantic evolution is asserted.
FT-REL-1DC6891845723F,FT-SEED-R1B-P-1842-22,FT-SEED-R1B-P-1938-29,SAME_LEXICAL_FAMILY,COMPUTATIONAL_STRUCTURAL,CROSS_ANCHOR,Shared controlled lexical family,HIGH,Derived from controlled candidate metadata; no semantic evolution is asserted.
FT-REL-46389B04B58655,FT-SEED-R1B-P-1842-22,FT-SEED-R1B-P-1988-05,SAME_LEXICAL_FAMILY,COMPUTATIONAL_STRUCTURAL,CROSS_ANCHOR,Shared controlled lexical family,HIGH,Derived from controlled candidate metadata; no semantic evolution is asserted.
FT-REL-53AD0803FA26D3,FT-SEED-R1B-P-1842-22,FT-SEED-R1B-P-1988-09,SAME_LEXICAL_FAMILY,COMPUTATIONAL_STRUCTURAL,CROSS_ANCHOR,Shared controlled lexical family,HIGH,Derived from controlled candidate metadata; no semantic evolution is asserted.
FT-REL-5741FC942306B1,FT-SEED-R1B-P-1842-22,FT-SEED-R1B-P-1988-11,SAME_LEXICAL_FAMILY,COMPUTATIONAL_STRUCTURAL,CROSS_ANCHOR,Shared controlled lexical family,HIGH,Derived from controlled candidate metadata; no semantic evolution is asserted.
FT-REL-4A105A4F0313AA,FT-SEED-R1B-P-1842-22,FT-SEED-R1B-P-1988-18,SAME_LEXICAL_FAMILY,COMPUTATIONAL_STRUCTURAL,CROSS_ANCHOR,Shared controlled lexical family,HIGH,Derived from controlled candidate metadata; no semantic evolution is asserted.
FT-REL-92D53DB3605F12,FT-SEED-R1B-P-1842-22,FT-SEED-R1B-P-1988-20,SAME_LEXICAL_FAMILY,COMPUTATIONAL_STRUCTURAL,CROSS_ANCHOR,Shared controlled lexical family,HIGH,Derived from controlled candidate metadata; no semantic evolution is asserted.
FT-REL-AD4604149F71C0,FT-SEED-R1B-P-1842-22,FT-SEED-R1B-P-1988-22,SAME_LEXICAL_FAMILY,COMPUTATIONAL_STRUCTURAL,CROSS_ANCHOR,Shared controlled lexical family,HIGH,Derived from controlled candidate metadata; no semantic evolution is asserted.
FT-REL-3EE60E226DC266,FT-SEED-R1B-P-1842-22,FT-SEED-R1B-P-1988-25,SAME_LEXICAL_FAMILY,COMPUTATIONAL_STRUCTURAL,CROSS_ANCHOR,Shared controlled lexical family,HIGH,Derived from controlled candidate metadata; no semantic evolution is asserted.
FT-REL-75AB7EE69B6752,FT-SEED-R1B-P-1842-22,FT-SEED-R1B-P-1988-26,SAME_LEXICAL_FAMILY,COMPUTATIONAL_STRUCTURAL,CROSS_ANCHOR,Shared controlled lexical family,HIGH,Derived from controlled candidate metadata; no semantic evolution is asserted.
FT-REL-3A9559E6E5D272,FT-SEED-R1B-P-1842-22,FT-SEED-R1B-P-2015-08,SAME_LEXICAL_FAMILY,COMPUTATIONAL_STRUCTURAL,CROSS_ANCHOR,Shared controlled lexical family,HIGH,Derived from controlled candidate metadata; no semantic evolution is asserted.
FT-REL-C302E2E3AA0E71,FT-SEED-R1B-P-1842-22,FT-SEED-R1B-P-2015-11,SAME_LEXICAL_FAMILY,COMPUTATIONAL_STRUCTURAL,CROSS_ANCHOR,Shared controlled lexical family,HIGH,Derived from controlled candidate metadata; no semantic evolution is asserted.
FT-REL-29C06E5245651F,FT-SEED-R1B-P-1842-22,FT-SEED-R1B-P-2015-12,SAME_LEXICAL_FAMILY,COMPUTATIONAL_STRUCTURAL,CROSS_ANCHOR,Shared controlled lexical family,HIGH,Derived from controlled candidate metadata; no semantic evolution is asserted.
FT-REL-9B568F03B48F5B,FT-SEED-R1B-P-1842-22,FT-SEED-R1B-P-2015-13,SAME_LEXICAL_FAMILY,COMPUTATIONAL_STRUCTURAL,CROSS_ANCHOR,Shared controlled lexical family,HIGH,Derived from controlled candidate metadata; no semantic evolution is asserted.
FT-REL-D82A42BD58991E,FT-SEED-R1B-P-1842-22,FT-SEED-R1B-P-2015-14,SAME_LEXICAL_FAMILY,COMPUTATIONAL_STRUCTURAL,CROSS_ANCHOR,Shared controlled lexical family,HIGH,Derived from controlled candidate metadata; no semantic evolution is asserted.
FT-REL-A74D2EABA19F7F,FT-SEED-R1B-P-1842-22,FT-SEED-R1B-P-2015-15,SAME_LEXICAL_FAMILY,COMPUTATIONAL_STRUCTURAL,CROSS_ANCHOR,Shared controlled lexical family,HIGH,Derived from controlled candidate metadata; no semantic evolution is asserted.
FT-REL-D760A172A79E8F,FT-SEED-R1B-P-1842-22,FT-SEED-R1B-P-2015-16,SAME_LEXICAL_FAMILY,COMPUTATIONAL_STRUCTURAL,CROSS_ANCHOR,Shared controlled lexical family,HIGH,Derived from controlled candidate metadata; no semantic evolution is asserted.
FT-REL-A8CA152C846E23,FT-SEED-R1B-P-1842-22,FT-SEED-R1B-P-2015-18,SAME_LEXICAL_FAMILY,COMPUTATIONAL_STRUCTURAL,CROSS_ANCHOR,Shared controlled lexical family,HIGH,Derived from controlled candidate metadata; no semantic evolution is asserted.
FT-REL-BC16D91BBECA3A,FT-SEED-R1B-P-1842-22,FT-SEED-R1B-P-2015-20,SAME_LEXICAL_FAMILY,COMPUTATIONAL_STRUCTURAL,CROSS_ANCHOR,Shared controlled lexical family,HIGH,Derived from controlled candidate metadata; no semantic evolution is asserted.
FT-REL-22186298A46408,FT-SEED-R1B-P-1842-22,FT-SEED-R1B-P-2015-22,SAME_LEXICAL_FAMILY,COMPUTATIONAL_STRUCTURAL,CROSS_ANCHOR,Shared controlled lexical family,HIGH,Derived from controlled candidate metadata; no semantic evolution is asserted.
FT-REL-61178F5FDC7D4D,FT-SEED-R1B-P-1842-22,FT-SEED-R1B-P-2015-24,SAME_LEXICAL_FAMILY,COMPUTATIONAL_STRUCTURAL,CROSS_ANCHOR,Shared controlled lexical family,HIGH,Derived from controlled candidate metadata; no semantic evolution is asserted.
FT-REL-9B8CAFCE3FE549,FT-SEED-R1B-P-1842-22,FT-SEED-R1B-P-2015-27,SAME_LEXICAL_FAMILY,COMPUTATIONAL_STRUCTURAL,CROSS_ANCHOR,Shared controlled lexical family,HIGH,Derived from controlled candidate metadata; no semantic evolution is asserted.
FT-REL-81D63592FF22BD,FT-SEED-R1B-P-1842-22,FT-SEED-R1B-P-2015-28,SAME_LEXICAL_FAMILY,COMPUTATIONAL_STRUCTURAL,CROSS_ANCHOR,Shared controlled lexical family,HIGH,Derived from controlled candidate metadata; no semantic evolution is asserted.
FT-REL-57BAFA348C209C,FT-SEED-R1B-P-1842-22,FT-SEED-R1B-P-2015-29,SAME_LEXICAL_FAMILY,COMPUTATIONAL_STRUCTURAL,CROSS_ANCHOR,Shared controlled lexical family,HIGH,Derived from controlled candidate metadata; no semantic evolution is asserted.
FT-REL-52F0D2E1406796,FT-SEED-R1B-P-1842-22,FT-SEED-R1B-P-2022-24,SAME_LEXICAL_FAMILY,COMPUTATIONAL_STRUCTURAL,CROSS_ANCHOR,Shared controlled lexical family,HIGH,Derived from controlled candidate metadata; no semantic evolution is asserted.
FT-REL-761549C3AC15A9,FT-SEED-R1B-P-1842-22,FT-SEED-R1B-P-2022-26,SAME_LEXICAL_FAMILY,COMPUTATIONAL_STRUCTURAL,CROSS_ANCHOR,Shared controlled lexical family,HIGH,Derived from controlled candidate metadata; no semantic evolution is asserted.
FT-REL-4D0A3598B6BE0F,FT-SEED-R1B-P-1842-22,FT-SEED-R1B-P-2022-27,SAME_LEXICAL_FAMILY,COMPUTATIONAL_STRUCTURAL,CROSS_ANCHOR,Shared controlled lexical family,HIGH,Derived from controlled candidate metadata; no semantic evolution is asserted.
FT-REL-E37DAE73D8F618,FT-SEED-R1B-P-1842-22,FT-SEED-R1B-P-2022-29,SAME_LEXICAL_FAMILY,COMPUTATIONAL_STRUCTURAL,CROSS_ANCHOR,Shared controlled lexical family,HIGH,Derived from controlled candidate metadata; no semantic evolution is asserted.
FT-REL-F2DCC4405CE14C,FT-SEED-R1B-P-1842-25,FT-SEED-R1B-P-2022-07,SAME_LEXICAL_FAMILY,COMPUTATIONAL_STRUCTURAL,CROSS_ANCHOR,Shared controlled lexical family,HIGH,Derived from controlled candidate metadata; no semantic evolution is asserted.
FT-REL-2B16BF96D83F62,FT-SEED-R1B-P-1842-25,FT-SEED-R1B-P-2022-08,SAME_LEXICAL_FAMILY,COMPUTATIONAL_STRUCTURAL,CROSS_ANCHOR,Shared controlled lexical family,HIGH,Derived from controlled candidate metadata; no semantic evolution is asserted.
FT-REL-248427BCEE8CD0,FT-SEED-R1B-P-1842-25,FT-SEED-R1B-P-2022-09,SAME_LEXICAL_FAMILY,COMPUTATIONAL_STRUCTURAL,CROSS_ANCHOR,Shared controlled lexical family,HIGH,Derived from controlled candidate metadata; no semantic evolution is asserted.
FT-REL-694263C69D7110,FT-SEED-R1B-P-1842-25,FT-SEED-R1B-P-2022-10,SAME_LEXICAL_FAMILY,COMPUTATIONAL_STRUCTURAL,CROSS_ANCHOR,Shared controlled lexical family,HIGH,Derived from controlled candidate metadata; no semantic evolution is asserted.
FT-REL-01A122ED2F83AB,FT-SEED-R1B-P-1842-25,FT-SEED-R1B-P-2022-12,SAME_LEXICAL_FAMILY,COMPUTATIONAL_STRUCTURAL,CROSS_ANCHOR,Shared controlled lexical family,HIGH,Derived from controlled candidate metadata; no semantic evolution is asserted.
FT-REL-FE00BFE257E333,FT-SEED-R1B-P-1842-25,FT-SEED-R1B-P-2022-13,SAME_LEXICAL_FAMILY,COMPUTATIONAL_STRUCTURAL,CROSS_ANCHOR,Shared controlled lexical family,HIGH,Derived from controlled candidate metadata; no semantic evolution is asserted.
FT-REL-A97BFB1D28BC7E,FT-SEED-R1B-P-1842-25,FT-SEED-R1B-P-2022-14,SAME_LEXICAL_FAMILY,COMPUTATIONAL_STRUCTURAL,CROSS_ANCHOR,Shared controlled lexical family,HIGH,Derived from controlled candidate metadata; no semantic evolution is asserted.
FT-REL-FEB4FBDF864B8C,FT-SEED-R1B-P-1842-25,FT-SEED-R1B-P-2022-18,SAME_LEXICAL_FAMILY,COMPUTATIONAL_STRUCTURAL,CROSS_ANCHOR,Shared controlled lexical family,HIGH,Derived from controlled candidate metadata; no semantic evolution is asserted.
FT-REL-16B7205D292DB9,FT-SEED-R1B-P-1842-25,FT-SEED-R1B-P-2022-19,SAME_LEXICAL_FAMILY,COMPUTATIONAL_STRUCTURAL,CROSS_ANCHOR,Shared controlled lexical family,HIGH,Derived from controlled candidate metadata; no semantic evolution is asserted.
FT-REL-2F571CD5C5C954,FT-SEED-R1B-P-1842-25,FT-SEED-R1B-P-2022-20,SAME_LEXICAL_FAMILY,COMPUTATIONAL_STRUCTURAL,CROSS_ANCHOR,Shared controlled lexical family,HIGH,Derived from controlled candidate metadata; no semantic evolution is asserted.
FT-REL-34E634192B67B6,FT-SEED-R1B-P-1842-25,FT-SEED-R1B-P-2022-21,SAME_LEXICAL_FAMILY,COMPUTATIONAL_STRUCTURAL,CROSS_ANCHOR,Shared controlled lexical family,HIGH,Derived from controlled candidate metadata; no semantic evolution is asserted.
FT-REL-A8DB29B0856497,FT-SEED-R1B-P-1842-30,FT-SEED-R1B-P-1938-18,SAME_LEXICAL_FAMILY,COMPUTATIONAL_STRUCTURAL,CROSS_ANCHOR,Shared controlled lexical family,HIGH,Derived from controlled candidate metadata; no semantic evolution is asserted.
FT-REL-76846DBC23DB98,FT-SEED-R1B-P-1842-30,FT-SEED-R1B-P-1938-26,SAME_LEXICAL_FAMILY,COMPUTATIONAL_STRUCTURAL,CROSS_ANCHOR,Shared controlled lexical family,HIGH,Derived from controlled candidate metadata; no semantic evolution is asserted.
FT-REL-B0163433E4C02A,FT-SEED-R1B-P-1842-30,FT-SEED-R1B-P-1988-29,SAME_LEXICAL_FAMILY,COMPUTATIONAL_STRUCTURAL,CROSS_ANCHOR,Shared controlled lexical family,HIGH,Derived from controlled candidate metadata; no semantic evolution is asserted.
FT-REL-6D52503205474F,FT-SEED-R1B-P-1842-30,FT-SEED-R1B-P-2015-23,SAME_LEXICAL_FAMILY,COMPUTATIONAL_STRUCTURAL,CROSS_ANCHOR,Shared controlled lexical family,HIGH,Derived from controlled candidate metadata; no semantic evolution is asserted.
FT-REL-CAA5B6B20679D2,FT-SEED-R1B-P-1842-30,FT-SEED-R1B-P-2015-30,SAME_LEXICAL_FAMILY,COMPUTATIONAL_STRUCTURAL,CROSS_ANCHOR,Shared controlled lexical family,HIGH,Derived from controlled candidate metadata; no semantic evolution is asserted.
FT-REL-5B6E4D17C7412C,FT-SEED-R1B-P-1842-30,FT-SEED-R1B-P-2022-11,SAME_LEXICAL_FAMILY,COMPUTATIONAL_STRUCTURAL,CROSS_ANCHOR,Shared controlled lexical family,HIGH,Derived from controlled candidate metadata; no semantic evolution is asserted.
FT-REL-225FF1DE7A1DF2,FT-SEED-R1B-P-1938-01,FT-SEED-R1B-P-0607-08,SAME_LEXICAL_FAMILY,COMPUTATIONAL_STRUCTURAL,CROSS_ANCHOR,Shared controlled lexical family,HIGH,Derived from controlled candidate metadata; no semantic evolution is asserted.
FT-REL-02827C816FF07C,FT-SEED-R1B-P-1938-01,FT-SEED-R1B-P-0607-09,SAME_LEXICAL_FAMILY,COMPUTATIONAL_STRUCTURAL,CROSS_ANCHOR,Shared controlled lexical family,HIGH,Derived from controlled candidate metadata; no semantic evolution is asserted.
FT-REL-287053A18649AF,FT-SEED-R1B-P-1938-01,FT-SEED-R1B-P-1938-02,SAME_LEXICAL_FAMILY,COMPUTATIONAL_STRUCTURAL,WITHIN_ANCHOR,Shared controlled lexical family,HIGH,Derived from controlled candidate metadata; no semantic evolution is asserted.
FT-REL-D82D7E60FD826B,FT-SEED-R1B-P-1938-01,FT-SEED-R1B-P-1938-03,SAME_LEXICAL_FAMILY,COMPUTATIONAL_STRUCTURAL,WITHIN_ANCHOR,Shared controlled lexical family,HIGH,Derived from controlled candidate metadata; no semantic evolution is asserted.
FT-REL-75399924659C84,FT-SEED-R1B-P-1938-01,FT-SEED-R1B-P-1988-01,SAME_LEXICAL_FAMILY,COMPUTATIONAL_STRUCTURAL,CROSS_ANCHOR,Shared controlled lexical family,HIGH,Derived from controlled candidate metadata; no semantic evolution is asserted.
FT-REL-46A9DD89DECC77,FT-SEED-R1B-P-1938-01,FT-SEED-R1B-P-1988-27,SAME_LEXICAL_FAMILY,COMPUTATIONAL_STRUCTURAL,CROSS_ANCHOR,Shared controlled lexical family,HIGH,Derived from controlled candidate metadata; no semantic evolution is asserted.
FT-REL-78FA47D05AB5A0,FT-SEED-R1B-P-1938-01,FT-SEED-R1B-P-1988-30,SAME_LEXICAL_FAMILY,COMPUTATIONAL_STRUCTURAL,CROSS_ANCHOR,Shared controlled lexical family,HIGH,Derived from controlled candidate metadata; no semantic evolution is asserted.
FT-REL-5088FE6422DE06,FT-SEED-R1B-P-1938-01,FT-SEED-R1B-P-2015-10,SAME_LEXICAL_FAMILY,COMPUTATIONAL_STRUCTURAL,CROSS_ANCHOR,Shared controlled lexical family,HIGH,Derived from controlled candidate metadata; no semantic evolution is asserted.
FT-REL-8D6B0E1A061261,FT-SEED-R1B-P-1938-14,FT-SEED-R1B-P-0607-01,SAME_LEXICAL_FAMILY,COMPUTATIONAL_STRUCTURAL,CROSS_ANCHOR,Shared controlled lexical family,HIGH,Derived from controlled candidate metadata; no semantic evolution is asserted.
FT-REL-BB619C6C902594,FT-SEED-R1B-P-1938-14,FT-SEED-R1B-P-0607-05,SAME_LEXICAL_FAMILY,COMPUTATIONAL_STRUCTURAL,CROSS_ANCHOR,Shared controlled lexical family,HIGH,Derived from controlled candidate metadata; no semantic evolution is asserted.
FT-REL-DB6561E398CD93,FT-SEED-R1B-P-1938-14,FT-SEED-R1B-P-0607-11,SAME_LEXICAL_FAMILY,COMPUTATIONAL_STRUCTURAL,CROSS_ANCHOR,Shared controlled lexical family,HIGH,Derived from controlled candidate metadata; no semantic evolution is asserted.
FT-REL-B80394F09009EE,FT-SEED-R1B-P-1938-14,FT-SEED-R1B-P-1988-02,SAME_LEXICAL_FAMILY,COMPUTATIONAL_STRUCTURAL,CROSS_ANCHOR,Shared controlled lexical family,HIGH,Derived from controlled candidate metadata; no semantic evolution is asserted.
FT-REL-8C25C277A605FD,FT-SEED-R1B-P-1938-14,FT-SEED-R1B-P-1988-03,SAME_LEXICAL_FAMILY,COMPUTATIONAL_STRUCTURAL,CROSS_ANCHOR,Shared controlled lexical family,HIGH,Derived from controlled candidate metadata; no semantic evolution is asserted.
FT-REL-2AC7C13B711DD7,FT-SEED-R1B-P-1938-14,FT-SEED-R1B-P-1988-17,SAME_LEXICAL_FAMILY,COMPUTATIONAL_STRUCTURAL,CROSS_ANCHOR,Shared controlled lexical family,HIGH,Derived from controlled candidate metadata; no semantic evolution is asserted.
FT-REL-950FEC7AF7F349,FT-SEED-R1B-P-1938-14,FT-SEED-R1B-P-1988-28,SAME_LEXICAL_FAMILY,COMPUTATIONAL_STRUCTURAL,CROSS_ANCHOR,Shared controlled lexical family,HIGH,Derived from controlled candidate metadata; no semantic evolution is asserted.
FT-REL-11FA350B68F77F,FT-SEED-R1B-P-1938-14,FT-SEED-R1B-P-2022-02,SAME_LEXICAL_FAMILY,COMPUTATIONAL_STRUCTURAL,CROSS_ANCHOR,Shared controlled lexical family,HIGH,Derived from controlled candidate metadata; no semantic evolution is asserted.
FT-REL-053FC0DB5EF850,FT-SEED-R1B-P-1938-17,FT-SEED-R1B-P-0607-12,SAME_LEXICAL_FAMILY,COMPUTATIONAL_STRUCTURAL,CROSS_ANCHOR,Shared controlled lexical family,HIGH,Derived from controlled candidate metadata; no semantic evolution is asserted.
FT-REL-68DD7F8A853DBE,FT-SEED-R1B-P-1938-17,FT-SEED-R1B-P-0607-25,SAME_LEXICAL_FAMILY,COMPUTATIONAL_STRUCTURAL,CROSS_ANCHOR,Shared controlled lexical family,HIGH,Derived from controlled candidate metadata; no semantic evolution is asserted.
FT-REL-CB81606D38C132,FT-SEED-R1B-P-1938-17,FT-SEED-R1B-P-0607-26,SAME_LEXICAL_FAMILY,COMPUTATIONAL_STRUCTURAL,CROSS_ANCHOR,Shared controlled lexical family,HIGH,Derived from controlled candidate metadata; no semantic evolution is asserted.
FT-REL-9AA29C687C354D,FT-SEED-R1B-P-1938-17,FT-SEED-R1B-P-0607-27,SAME_LEXICAL_FAMILY,COMPUTATIONAL_STRUCTURAL,CROSS_ANCHOR,Shared controlled lexical family,HIGH,Derived from controlled candidate metadata; no semantic evolution is asserted.
FT-REL-BC8182CB8D36CE,FT-SEED-R1B-P-1938-17,FT-SEED-R1B-P-0607-30,SAME_LEXICAL_FAMILY,COMPUTATIONAL_STRUCTURAL,CROSS_ANCHOR,Shared controlled lexical family,HIGH,Derived from controlled candidate metadata; no semantic evolution is asserted.
FT-REL-A984346156430D,FT-SEED-R1B-P-1938-17,FT-SEED-R1B-P-1988-16,SAME_LEXICAL_FAMILY,COMPUTATIONAL_STRUCTURAL,CROSS_ANCHOR,Shared controlled lexical family,HIGH,Derived from controlled candidate metadata; no semantic evolution is asserted.
FT-REL-F72EA0C12EC39B,FT-SEED-R1B-P-1938-17,FT-SEED-R1B-P-1988-19,SAME_LEXICAL_FAMILY,COMPUTATIONAL_STRUCTURAL,CROSS_ANCHOR,Shared controlled lexical family,HIGH,Derived from controlled candidate metadata; no semantic evolution is asserted.
FT-REL-B6E79699587521,FT-SEED-R1B-P-1938-17,FT-SEED-R1B-P-1988-21,SAME_LEXICAL_FAMILY,COMPUTATIONAL_STRUCTURAL,CROSS_ANCHOR,Shared controlled lexical family,HIGH,Derived from controlled candidate metadata; no semantic evolution is asserted.
FT-REL-DEA125A7477C31,FT-SEED-R1B-P-1938-17,FT-SEED-R1B-P-2022-28,SAME_LEXICAL_FAMILY,COMPUTATIONAL_STRUCTURAL,CROSS_ANCHOR,Shared controlled lexical family,HIGH,Derived from controlled candidate metadata; no semantic evolution is asserted.
FT-REL-74269B127967C8,FT-SEED-R1B-P-1988-23,FT-SEED-R1B-P-2015-07,SAME_LEXICAL_FAMILY,COMPUTATIONAL_STRUCTURAL,CROSS_ANCHOR,Shared controlled lexical family,HIGH,Derived from controlled candidate metadata; no semantic evolution is asserted.
FT-REL-DC110469F1E53E,FT-SEED-R1B-P-1988-23,FT-SEED-R1B-P-2015-17,SAME_LEXICAL_FAMILY,COMPUTATIONAL_STRUCTURAL,CROSS_ANCHOR,Shared controlled lexical family,HIGH,Derived from controlled candidate metadata; no semantic evolution is asserted.
FT-REL-6B28C65F8A0F40,FT-SEED-R1B-P-1988-23,FT-SEED-R1B-P-2015-21,SAME_LEXICAL_FAMILY,COMPUTATIONAL_STRUCTURAL,CROSS_ANCHOR,Shared controlled lexical family,HIGH,Derived from controlled candidate metadata; no semantic evolution is asserted.
FT-REL-A8831E4DA4EA7A,FT-SEED-R1B-P-1988-24,FT-SEED-R1B-P-2015-19,SAME_LEXICAL_FAMILY,COMPUTATIONAL_STRUCTURAL,CROSS_ANCHOR,Shared controlled lexical family,HIGH,Derived from controlled candidate metadata; no semantic evolution is asserted.
FT-REL-9BE8B04B72CE0A,FT-SEED-R1B-P-1988-24,FT-SEED-R1B-P-2022-30,SAME_LEXICAL_FAMILY,COMPUTATIONAL_STRUCTURAL,CROSS_ANCHOR,Shared controlled lexical family,HIGH,Derived from controlled candidate metadata; no semantic evolution is asserted.
FT-REL-68FFC5A20F82C8,FT-SEED-R1B-P-2022-06,FT-SEED-R1B-P-2022-15,SAME_LEXICAL_FAMILY,COMPUTATIONAL_STRUCTURAL,WITHIN_ANCHOR,Shared controlled lexical family,HIGH,Derived from controlled candidate metadata; no semantic evolution is asserted.
FT-REL-905B94F723CAFD,FT-SEED-R1B-P-2022-06,FT-SEED-R1B-P-2022-16,SAME_LEXICAL_FAMILY,COMPUTATIONAL_STRUCTURAL,WITHIN_ANCHOR,Shared controlled lexical family,HIGH,Derived from controlled candidate metadata; no semantic evolution is asserted.
FT-REL-85BEB013FAAD73,FT-SEED-R1B-P-2022-06,FT-SEED-R1B-P-2022-17,SAME_LEXICAL_FAMILY,COMPUTATIONAL_STRUCTURAL,WITHIN_ANCHOR,Shared controlled lexical family,HIGH,Derived from controlled candidate metadata; no semantic evolution is asserted.
FT-REL-76BD5D5020726C,FT-SEED-R1B-P-2022-06,FT-SEED-R1B-P-2022-25,SAME_LEXICAL_FAMILY,COMPUTATIONAL_STRUCTURAL,WITHIN_ANCHOR,Shared controlled lexical family,HIGH,Derived from controlled candidate metadata; no semantic evolution is asserted.
FT-REL-F9B1A7B33FC299,FT-SEED-R1B-P-0607-10,FT-SEED-R1B-P-2015-01,SAME_SURFACE_FORM,COMPUTATIONAL_STRUCTURAL,CROSS_ANCHOR,Normalized lexical form equality,HIGH,Derived from controlled candidate metadata; no semantic evolution is asserted.
FT-REL-436EE11F6E593E,FT-SEED-R1B-P-0607-10,FT-SEED-R1B-P-2022-01,SAME_SURFACE_FORM,COMPUTATIONAL_STRUCTURAL,CROSS_ANCHOR,Normalized lexical form equality,HIGH,Derived from controlled candidate metadata; no semantic evolution is asserted.
FT-REL-C548FADAF23330,FT-SEED-R1B-P-1842-02,FT-SEED-R1B-P-1938-10,SAME_SURFACE_FORM,COMPUTATIONAL_STRUCTURAL,CROSS_ANCHOR,Normalized lexical form equality,HIGH,Derived from controlled candidate metadata; no semantic evolution is asserted.
FT-REL-771024166F4CE8,FT-SEED-R1B-P-1938-21,FT-SEED-R1B-P-1988-08,SAME_SURFACE_FORM,COMPUTATIONAL_STRUCTURAL,CROSS_ANCHOR,Normalized lexical form equality,HIGH,Derived from controlled candidate metadata; no semantic evolution is asserted.
FT-REL-F703D9C9D856AF,FT-SEED-R1B-P-1938-28,FT-SEED-R1B-P-1988-09,SAME_SURFACE_FORM,COMPUTATIONAL_STRUCTURAL,CROSS_ANCHOR,Normalized lexical form equality,HIGH,Derived from controlled candidate metadata; no semantic evolution is asserted.
FT-REL-1890BB46FC99CC,FT-SEED-R1B-P-1988-02,FT-SEED-R1B-P-0607-11,SAME_SURFACE_FORM,COMPUTATIONAL_STRUCTURAL,CROSS_ANCHOR,Normalized lexical form equality,HIGH,Derived from controlled candidate metadata; no semantic evolution is asserted.
FT-REL-A7FF8D5A1A9919,FT-SEED-R1B-P-1988-02,FT-SEED-R1B-P-2022-02,SAME_SURFACE_FORM,COMPUTATIONAL_STRUCTURAL,CROSS_ANCHOR,Normalized lexical form equality,HIGH,Derived from controlled candidate metadata; no semantic evolution is asserted.
FT-REL-86CA48FEA2B9A3,FT-SEED-R1B-P-2015-25,FT-SEED-R1B-P-2022-03,SAME_SURFACE_FORM,COMPUTATIONAL_STRUCTURAL,CROSS_ANCHOR,Normalized lexical form equality,HIGH,Derived from controlled candidate metadata; no semantic evolution is asserted.
FT-REL-351F248D94E04B,FT-SEED-R1B-P-2015-26,FT-SEED-R1B-P-2022-04,SAME_SURFACE_FORM,COMPUTATIONAL_STRUCTURAL,CROSS_ANCHOR,Normalized lexical form equality,HIGH,Derived from controlled candidate metadata; no semantic evolution is asserted.
FT-REL-C7955D56C11C55,FT-SEED-R1B-P-0607-10,FT-SEED-R1B-P-2015-01,SHARES_NGRAM_MEASUREMENT,COMPUTATIONAL_STRUCTURAL,CROSS_ANCHOR,Shared deduplicated Ngram measurement ID,HIGH,Derived from controlled candidate metadata; no semantic evolution is asserted.
FT-REL-4AC46F1A917094,FT-SEED-R1B-P-0607-10,FT-SEED-R1B-P-2022-01,SHARES_NGRAM_MEASUREMENT,COMPUTATIONAL_STRUCTURAL,CROSS_ANCHOR,Shared deduplicated Ngram measurement ID,HIGH,Derived from controlled candidate metadata; no semantic evolution is asserted.
FT-REL-9EF3A90A69F616,FT-SEED-R1B-P-1842-02,FT-SEED-R1B-P-1938-10,SHARES_NGRAM_MEASUREMENT,COMPUTATIONAL_STRUCTURAL,CROSS_ANCHOR,Shared deduplicated Ngram measurement ID,HIGH,Derived from controlled candidate metadata; no semantic evolution is asserted.
FT-REL-FE01DEBE508B3D,FT-SEED-R1B-P-1938-21,FT-SEED-R1B-P-1988-08,SHARES_NGRAM_MEASUREMENT,COMPUTATIONAL_STRUCTURAL,CROSS_ANCHOR,Shared deduplicated Ngram measurement ID,HIGH,Derived from controlled candidate metadata; no semantic evolution is asserted.
FT-REL-0F617D1AE75F94,FT-SEED-R1B-P-1938-28,FT-SEED-R1B-P-1988-09,SHARES_NGRAM_MEASUREMENT,COMPUTATIONAL_STRUCTURAL,CROSS_ANCHOR,Shared deduplicated Ngram measurement ID,HIGH,Derived from controlled candidate metadata; no semantic evolution is asserted.
FT-REL-B5BEA62FAE6B10,FT-SEED-R1B-P-1988-02,FT-SEED-R1B-P-0607-11,SHARES_NGRAM_MEASUREMENT,COMPUTATIONAL_STRUCTURAL,CROSS_ANCHOR,Shared deduplicated Ngram measurement ID,HIGH,Derived from controlled candidate metadata; no semantic evolution is asserted.
FT-REL-168BC492857C64,FT-SEED-R1B-P-1988-02,FT-SEED-R1B-P-2022-02,SHARES_NGRAM_MEASUREMENT,COMPUTATIONAL_STRUCTURAL,CROSS_ANCHOR,Shared deduplicated Ngram measurement ID,HIGH,Derived from controlled candidate metadata; no semantic evolution is asserted.
FT-REL-8B5F7094C1090F,FT-SEED-R1B-P-2015-25,FT-SEED-R1B-P-2022-03,SHARES_NGRAM_MEASUREMENT,COMPUTATIONAL_STRUCTURAL,CROSS_ANCHOR,Shared deduplicated Ngram measurement ID,HIGH,Derived from controlled candidate metadata; no semantic evolution is asserted.
FT-REL-75F305869380E1,FT-SEED-R1B-P-2015-26,FT-SEED-R1B-P-2022-04,SHARES_NGRAM_MEASUREMENT,COMPUTATIONAL_STRUCTURAL,CROSS_ANCHOR,Shared deduplicated Ngram measurement ID,HIGH,Derived from controlled candidate metadata; no semantic evolution is asserted.
FT-REL-5C1201609650D5,FT-SEED-R1B-P-0607-10,FT-SEED-R1B-P-2022-01,USED_BY_MULTIPLE_VOICES,COMPUTATIONAL_STRUCTURAL,VOICE_COMPARISON,Same normalized lexical form assigned to different voices,HIGH,Voice assignment is preserved; shared wording does not imply shared discourse function.
FT-REL-E17D126E097869,FT-SEED-R1B-P-1988-02,FT-SEED-R1B-P-0607-11,USED_BY_MULTIPLE_VOICES,COMPUTATIONAL_STRUCTURAL,VOICE_COMPARISON,Same normalized lexical form assigned to different voices,HIGH,Voice assignment is preserved; shared wording does not imply shared discourse function.
FT-REL-49F5170F170338,FT-SEED-R1B-P-1988-02,FT-SEED-R1B-P-2022-02,USED_BY_MULTIPLE_VOICES,COMPUTATIONAL_STRUCTURAL,VOICE_COMPARISON,Same normalized lexical form assigned to different voices,HIGH,Voice assignment is preserved; shared wording does not imply shared discourse function.
FT-REL-7507E8E39FCC90,FT-SEED-R1B-P-1988-08,FT-SEED-R1B-P-1938-21,USED_BY_MULTIPLE_VOICES,COMPUTATIONAL_STRUCTURAL,VOICE_COMPARISON,Same normalized lexical form assigned to different voices,HIGH,Voice assignment is preserved; shared wording does not imply shared discourse function.
FT-REL-08D80B6986F749,FT-SEED-R1B-P-1988-09,FT-SEED-R1B-P-1938-28,USED_BY_MULTIPLE_VOICES,COMPUTATIONAL_STRUCTURAL,VOICE_COMPARISON,Same normalized lexical form assigned to different voices,HIGH,Voice assignment is preserved; shared wording does not imply shared discourse function.
FT-REL-20CF50348B877B,FT-SEED-R1B-P-1842-15,FT-SEED-R1B-P-2022-16,FALSE_CONTINUITY_RISK,RESEARCH_SEMANTIC_CANDIDATE,CROSS_ANCHOR,Dictionary anchor-sense comparison,HIGH,Historical climatological condition cannot silently inherit modern climate-anxiety meaning.
FT-REL-DC210CA2F441D4,FT-SEED-R1B-P-1988-16,FT-SEED-R1B-P-2022-16,RELATED_NOT_EQUIVALENT,RESEARCH_SEMANTIC_CANDIDATE,CROSS_ANCHOR,FT-SR-1988-SECURITY and FT-SR-2022-ANXIETY,HIGH,Institutional threat/security framing is not personal affect.
FT-REL-12E4C149E894B1,FT-SEED-R1B-P-2015-23,FT-SEED-R1B-P-2015-25,RELATED_NOT_EQUIVALENT,RESEARCH_SEMANTIC_CANDIDATE,WITHIN_ANCHOR,FT-SR-2015-CONCERN and candidate dictionary audit,HIGH,Legal common concern is not personal emotion.
FT-REL-CE44800CB3D380,FT-SEED-R1B-P-2022-16,FT-SEED-R1B-P-2022-03,RELATED_NOT_EQUIVALENT,RESEARCH_SEMANTIC_CANDIDATE,WITHIN_ANCHOR,FT-SR-2022-ANXIETY and FT-SR-2022-WORRIED,HIGH,Research construct and instrument-supplied participant endorsement require separate provenance.
FT-REL-06E4F6F9E12567,FT-SEED-R1B-P-0607-21,FT-SEED-R1B-P-0607-22,SAME_FAMILY_DIFFERENT_SENSE,RESEARCH_SEMANTIC_CANDIDATE,WITHIN_ANCHOR,FT-SR-2006-WORRIED and FT-SR-2007-WORRY,HIGH,Media-prescribed worry differs from survey-elicited endorsement.
FT-REL-64C074586061EC,FT-SEED-R1B-P-1842-25,FT-SEED-R1B-P-2022-14,SAME_FAMILY_DIFFERENT_SENSE,RESEARCH_SEMANTIC_CANDIDATE,CROSS_ANCHOR,Dictionary sense audit and FT-SR-1842-DEPRESSING,HIGH,Embodied/bodily energetic meaning must not be read as modern clinical depression.
