query_id,surface_form,anchor_id,concept_id,concept_label,family_id,family_code,query_classification,interpretation_class,ngram_compatibility_status,ngram_execution_eligible,ngram_compatibility_reason,source_report,source_page,provenance_status,provider,corpus_identifier,corpus_version,year_start,year_end,smoothing,case_insensitive,retrieved_at,execution_status,observation_count,raw_response_path,failure_reason
FT-Q-V01-001,temperature,FT-A1842,FT-C-LOCAL_INSTRUMENTAL_TEMPERATURE,local / instrumental temperature,FT-F01,temperature_threshold,BACKGROUND_AMBIGUOUS,BACKGROUND_AMBIGUOUS,COMPATIBLE,True,Compatible exact string/phrase for unsmoothed public Ngram retrieval (current interface supports up to seven words).,"Fear of Temperature_ Stratified Lexical Expansion, Voice Mapping, and Semantic-Relational Pre-Valida.pdf",6,RECONSTRUCTED_FROM_REPORT,Google Books Ngram Viewer,eng,current English corpus (July 2024 dataset; public shorthand eng; mutable current corpus),1842,2022,0,True,2026-08-26T02:53:35Z,SUCCEEDED,181,data/fear-temperature/ngram/raw/179a52b9336531c34b94ed0259d967ff017a402a8b91c8b496d5e31653598f08.json,
FT-Q-V01-002,mean temperature,FT-A1842,FT-C-MEAN_TEMPERATURE,mean temperature,FT-F01,temperature_threshold,EXECUTABLE_NGRAM,CONTEXT_REQUIRED,COMPATIBLE,True,Compatible exact string/phrase for unsmoothed public Ngram retrieval (current interface supports up to seven words).,"Fear of Temperature_ Stratified Lexical Expansion, Voice Mapping, and Semantic-Relational Pre-Valida.pdf",6,RECONSTRUCTED_FROM_REPORT,Google Books Ngram Viewer,eng,current English corpus (July 2024 dataset; public shorthand eng; mutable current corpus),1842,2022,0,True,2026-08-26T02:53:35Z,SUCCEEDED,181,data/fear-temperature/ngram/raw/264e2d12fe20c5aa6284ae43253eabc03ec9e11aa2056afde9e77d33d8e97530.json,
FT-Q-V01-003,temperature of the air in shade,FT-A1842,FT-C-LOCAL_INSTRUMENTAL_TEMPERATURE,local / instrumental temperature,FT-F01,temperature_threshold,EXECUTABLE_NGRAM,CONTEXT_REQUIRED,COMPATIBLE,True,Compatible exact string/phrase for unsmoothed public Ngram retrieval (current interface supports up to seven words).,"Fear of Temperature_ Stratified Lexical Expansion, Voice Mapping, and Semantic-Relational Pre-Valida.pdf",6,RECONSTRUCTED_FROM_REPORT,Google Books Ngram Viewer,eng,current English corpus (July 2024 dataset; public shorthand eng; mutable current corpus),1842,2022,0,True,2026-08-26T02:53:35Z,SUCCEEDED,181,data/fear-temperature/ngram/raw/1524427f0c535f347e97e3332fb50571eca9bae9e865c6017848e2e009d95b39.json,
FT-Q-V01-004,maximum temperature,FT-A1842,FT-C-LOCAL_INSTRUMENTAL_TEMPERATURE,local / instrumental temperature,FT-F01,temperature_threshold,EXECUTABLE_NGRAM,CONTEXT_REQUIRED,COMPATIBLE,True,Compatible exact string/phrase for unsmoothed public Ngram retrieval (current interface supports up to seven words).,"Fear of Temperature_ Stratified Lexical Expansion, Voice Mapping, and Semantic-Relational Pre-Valida.pdf",6,RECONSTRUCTED_FROM_REPORT,Google Books Ngram Viewer,eng,current English corpus (July 2024 dataset; public shorthand eng; mutable current corpus),1842,2022,0,True,2026-08-26T02:53:35Z,SUCCEEDED,181,data/fear-temperature/ngram/raw/9ef1e684d6470a99165d520c50c1782090e9e2db528fdf5e71f55f8f1d4f7ce2.json,
FT-Q-V01-005,minimum temperature,FT-A1842,FT-C-LOCAL_INSTRUMENTAL_TEMPERATURE,local / instrumental temperature,FT-F01,temperature_threshold,EXECUTABLE_NGRAM,CONTEXT_REQUIRED,COMPATIBLE,True,Compatible exact string/phrase for unsmoothed public Ngram retrieval (current interface supports up to seven words).,"Fear of Temperature_ Stratified Lexical Expansion, Voice Mapping, and Semantic-Relational Pre-Valida.pdf",6,RECONSTRUCTED_FROM_REPORT,Google Books Ngram Viewer,eng,current English corpus (July 2024 dataset; public shorthand eng; mutable current corpus),1842,2022,0,True,2026-08-26T02:53:35Z,SUCCEEDED,181,data/fear-temperature/ngram/raw/f32958ead9a4b7905bc78d007acd99b3363766a0ba25f1c363d262f5614f0be2.json,
FT-Q-V01-006,mean temperature of sea at surface,FT-A1842,FT-C-MEAN_TEMPERATURE,mean temperature,FT-F01,temperature_threshold,EXECUTABLE_NGRAM,CONTEXT_REQUIRED,COMPATIBLE,True,Compatible exact string/phrase for unsmoothed public Ngram retrieval (current interface supports up to seven words).,"Fear of Temperature_ Stratified Lexical Expansion, Voice Mapping, and Semantic-Relational Pre-Valida.pdf",6,RECONSTRUCTED_FROM_REPORT,Google Books Ngram Viewer,eng,current English corpus (July 2024 dataset; public shorthand eng; mutable current corpus),1842,2022,0,True,2026-08-26T02:53:35Z,ZERO_RESULT,0,data/fear-temperature/ngram/raw/3821c7b527e63ea16225f9ddeb9ceaf467e51e1486c0c84fca0bc5502dcf20d4.json,
FT-Q-V01-007,dew point,FT-A1842,FT-C-LOCAL_INSTRUMENTAL_TEMPERATURE,local / instrumental temperature,FT-F01,temperature_threshold,EXECUTABLE_NGRAM,CONTEXT_REQUIRED,COMPATIBLE,True,Compatible exact string/phrase for unsmoothed public Ngram retrieval (current interface supports up to seven words).,"Fear of Temperature_ Stratified Lexical Expansion, Voice Mapping, and Semantic-Relational Pre-Valida.pdf",6,RECONSTRUCTED_FROM_REPORT,Google Books Ngram Viewer,eng,current English corpus (July 2024 dataset; public shorthand eng; mutable current corpus),1842,2022,0,True,2026-08-26T02:53:35Z,SUCCEEDED,181,data/fear-temperature/ngram/raw/4898435e13db75c393f88431adaa7c57e859e86e427c2a0c7f85ffed43c9489d.json,
FT-Q-V01-008,standard thermometer,FT-A1842,FT-C-LOCAL_INSTRUMENTAL_TEMPERATURE,local / instrumental temperature,FT-F01,temperature_threshold,EXECUTABLE_NGRAM,CONTEXT_REQUIRED,COMPATIBLE,True,Compatible exact string/phrase for unsmoothed public Ngram retrieval (current interface supports up to seven words).,"Fear of Temperature_ Stratified Lexical Expansion, Voice Mapping, and Semantic-Relational Pre-Valida.pdf",7,RECONSTRUCTED_FROM_REPORT,Google Books Ngram Viewer,eng,current English corpus (July 2024 dataset; public shorthand eng; mutable current corpus),1842,2022,0,True,2026-08-26T02:53:35Z,SUCCEEDED,181,data/fear-temperature/ngram/raw/1b5489f7c11dc47a84c822f25bba9106c5bb57ed260344f09cccb40c2a47e5ab.json,
FT-Q-V01-009,attached thermometer,FT-A1842,FT-C-LOCAL_INSTRUMENTAL_TEMPERATURE,local / instrumental temperature,FT-F01,temperature_threshold,EXECUTABLE_NGRAM,CONTEXT_REQUIRED,COMPATIBLE,True,Compatible exact string/phrase for unsmoothed public Ngram retrieval (current interface supports up to seven words).,"Fear of Temperature_ Stratified Lexical Expansion, Voice Mapping, and Semantic-Relational Pre-Valida.pdf",7,RECONSTRUCTED_FROM_REPORT,Google Books Ngram Viewer,eng,current English corpus (July 2024 dataset; public shorthand eng; mutable current corpus),1842,2022,0,True,2026-08-26T02:53:35Z,SUCCEEDED,181,data/fear-temperature/ngram/raw/6a0588ceb7b0cd726403d59e6ae13eb6618e91f3b5f21baa3ed0fa972b12fdf6.json,
FT-Q-V01-010,dry bulb thermometer,FT-A1842,FT-C-LOCAL_INSTRUMENTAL_TEMPERATURE,local / instrumental temperature,FT-F01,temperature_threshold,EXECUTABLE_NGRAM,CONTEXT_REQUIRED,COMPATIBLE,True,Compatible exact string/phrase for unsmoothed public Ngram retrieval (current interface supports up to seven words).,"Fear of Temperature_ Stratified Lexical Expansion, Voice Mapping, and Semantic-Relational Pre-Valida.pdf",7,RECONSTRUCTED_FROM_REPORT,Google Books Ngram Viewer,eng,current English corpus (July 2024 dataset; public shorthand eng; mutable current corpus),1842,2022,0,True,2026-08-26T02:53:35Z,SUCCEEDED,181,data/fear-temperature/ngram/raw/ccf7b062d1c1fa3d9074e3f27879fdf37eb632c5d285dd90fa3bbaaeca5e0586.json,
FT-Q-V01-011,wet bulb thermometer,FT-A1842,FT-C-LOCAL_INSTRUMENTAL_TEMPERATURE,local / instrumental temperature,FT-F01,temperature_threshold,EXECUTABLE_NGRAM,CONTEXT_REQUIRED,COMPATIBLE,True,Compatible exact string/phrase for unsmoothed public Ngram retrieval (current interface supports up to seven words).,"Fear of Temperature_ Stratified Lexical Expansion, Voice Mapping, and Semantic-Relational Pre-Valida.pdf",6,RECONSTRUCTED_FROM_REPORT,Google Books Ngram Viewer,eng,current English corpus (July 2024 dataset; public shorthand eng; mutable current corpus),1842,2022,0,True,2026-08-26T02:53:35Z,SUCCEEDED,181,data/fear-temperature/ngram/raw/39268f7b0edac2a3caeb7bce6236c526ab82e48a6b48cb0cc06bf5cf840cbe9a.json,
FT-Q-V01-012,meteorological observations,FT-A1842,FT-C-HISTORICAL_CLIMATE_CONDITION,historical climate / climatological condition,FT-F04,climate,EXECUTABLE_NGRAM,CONTEXT_REQUIRED,COMPATIBLE,True,Compatible exact string/phrase for unsmoothed public Ngram retrieval (current interface supports up to seven words).,"Fear of Temperature_ Stratified Lexical Expansion, Voice Mapping, and Semantic-Relational Pre-Valida.pdf",6,RECONSTRUCTED_FROM_REPORT,Google Books Ngram Viewer,eng,current English corpus (July 2024 dataset; public shorthand eng; mutable current corpus),1842,2022,0,True,2026-08-26T02:53:35Z,SUCCEEDED,181,data/fear-temperature/ngram/raw/32e5ce8ef7371cdbf27a5865c35c03777dcd78911b87337158ac77f129ae383f.json,
FT-Q-V01-013,meteorological journal,FT-A1842,FT-C-HISTORICAL_CLIMATE_CONDITION,historical climate / climatological condition,FT-F04,climate,EXECUTABLE_NGRAM,CONTEXT_REQUIRED,COMPATIBLE,True,Compatible exact string/phrase for unsmoothed public Ngram retrieval (current interface supports up to seven words).,"Fear of Temperature_ Stratified Lexical Expansion, Voice Mapping, and Semantic-Relational Pre-Valida.pdf",6,RECONSTRUCTED_FROM_REPORT,Google Books Ngram Viewer,eng,current English corpus (July 2024 dataset; public shorthand eng; mutable current corpus),1842,2022,0,True,2026-08-26T02:53:35Z,SUCCEEDED,181,data/fear-temperature/ngram/raw/e11a874b3aa528b4ca775a4792b211f9ae21d79d674027de8fdaf55138f5e246.json,
FT-Q-V01-014,weather,FT-A1842,FT-C-HISTORICAL_CLIMATE_CONDITION,historical climate / climatological condition,FT-F04,climate,BACKGROUND_AMBIGUOUS,BACKGROUND_AMBIGUOUS,COMPATIBLE,True,Compatible exact string/phrase for unsmoothed public Ngram retrieval (current interface supports up to seven words).,"Fear of Temperature_ Stratified Lexical Expansion, Voice Mapping, and Semantic-Relational Pre-Valida.pdf",6,RECONSTRUCTED_FROM_REPORT,Google Books Ngram Viewer,eng,current English corpus (July 2024 dataset; public shorthand eng; mutable current corpus),1842,2022,0,True,2026-08-26T02:53:35Z,SUCCEEDED,181,data/fear-temperature/ngram/raw/b1c235e1f9b54d9c47f30260c9750c598212bb32714ef6ab727ce897ed2fe408.json,
FT-Q-V01-015,climate,FT-A1842,FT-C-HISTORICAL_CLIMATE_CONDITION,historical climate / climatological condition,FT-F04,climate,BACKGROUND_AMBIGUOUS,BACKGROUND_AMBIGUOUS,COMPATIBLE,True,Compatible exact string/phrase for unsmoothed public Ngram retrieval (current interface supports up to seven words).,"Fear of Temperature_ Stratified Lexical Expansion, Voice Mapping, and Semantic-Relational Pre-Valida.pdf",6,RECONSTRUCTED_FROM_REPORT,Google Books Ngram Viewer,eng,current English corpus (July 2024 dataset; public shorthand eng; mutable current corpus),1842,2022,0,True,2026-08-26T02:53:35Z,SUCCEEDED,181,data/fear-temperature/ngram/raw/15b0e51d7801a15c04a08d94fa0d6eafde8f1970a7229d0a666bcb7896395fae.json,
FT-Q-V01-016,sun's heat,FT-A1842,FT-C-PHYSICAL_HEAT_STATE,physical heat source / state,FT-F02,heat,EXECUTABLE_NGRAM,CONTEXT_REQUIRED,COMPATIBLE,True,Compatible exact string/phrase for unsmoothed public Ngram retrieval (current interface supports up to seven words).,"Fear of Temperature_ Stratified Lexical Expansion, Voice Mapping, and Semantic-Relational Pre-Valida.pdf",6,RECONSTRUCTED_FROM_REPORT,Google Books Ngram Viewer,eng,current English corpus (July 2024 dataset; public shorthand eng; mutable current corpus),1842,2022,0,True,2026-08-26T02:53:35Z,ZERO_RESULT,0,data/fear-temperature/ngram/raw/a5e0c6f662bea7df30da2af8d6f74cfa8d7e2db15acbb2556c3ecd3d4ba34a26.json,
FT-Q-V01-017,radiation of the heat,FT-A1842,FT-C-PHYSICAL_HEAT_STATE,physical heat source / state,FT-F02,heat,EXECUTABLE_NGRAM,CONTEXT_REQUIRED,COMPATIBLE,True,Compatible exact string/phrase for unsmoothed public Ngram retrieval (current interface supports up to seven words).,"Fear of Temperature_ Stratified Lexical Expansion, Voice Mapping, and Semantic-Relational Pre-Valida.pdf",6,RECONSTRUCTED_FROM_REPORT,Google Books Ngram Viewer,eng,current English corpus (July 2024 dataset; public shorthand eng; mutable current corpus),1842,2022,0,True,2026-08-26T02:53:35Z,SUCCEEDED,181,data/fear-temperature/ngram/raw/b1d91453b664fdcc21e4e3d3431ebf93f214078ffc9208777f1b541cd6603b40.json,
FT-Q-V01-018,changes of temperature,FT-A1842,FT-C-LOCAL_INSTRUMENTAL_TEMPERATURE,local / instrumental temperature,FT-F01,temperature_threshold,EXECUTABLE_NGRAM,CONTEXT_REQUIRED,COMPATIBLE,True,Compatible exact string/phrase for unsmoothed public Ngram retrieval (current interface supports up to seven words).,"Fear of Temperature_ Stratified Lexical Expansion, Voice Mapping, and Semantic-Relational Pre-Valida.pdf",7,RECONSTRUCTED_FROM_REPORT,Google Books Ngram Viewer,eng,current English corpus (July 2024 dataset; public shorthand eng; mutable current corpus),1842,2022,0,True,2026-08-26T02:53:35Z,SUCCEEDED,181,data/fear-temperature/ngram/raw/e6b380a089b14610402078727599ceb65a1975ef78d3de6b2dc206afdbe3ddba.json,
FT-Q-V01-019,excessive heat,FT-A1842,FT-C-EXTREME_HEAT_HAZARD,extreme-heat hazard,FT-F02,heat,EXECUTABLE_NGRAM,CONTEXT_REQUIRED,COMPATIBLE,True,Compatible exact string/phrase for unsmoothed public Ngram retrieval (current interface supports up to seven words).,"Fear of Temperature_ Stratified Lexical Expansion, Voice Mapping, and Semantic-Relational Pre-Valida.pdf",7,RECONSTRUCTED_FROM_REPORT,Google Books Ngram Viewer,eng,current English corpus (July 2024 dataset; public shorthand eng; mutable current corpus),1842,2022,0,True,2026-08-26T02:53:35Z,SUCCEEDED,181,data/fear-temperature/ngram/raw/f7c0a10c571c1deb244f8aad5b8580355924bf82e62e8910fbf3e507732cb56e.json,
FT-Q-V01-020,heat of the men,FT-A1842,FT-C-EMBODIED_HEAT_EXPOSURE,embodied heat exposure,FT-F02,heat,EXECUTABLE_NGRAM,CONTEXT_REQUIRED,COMPATIBLE,True,Compatible exact string/phrase for unsmoothed public Ngram retrieval (current interface supports up to seven words).,"Fear of Temperature_ Stratified Lexical Expansion, Voice Mapping, and Semantic-Relational Pre-Valida.pdf",7,RECONSTRUCTED_FROM_REPORT,Google Books Ngram Viewer,eng,current English corpus (July 2024 dataset; public shorthand eng; mutable current corpus),1842,2022,0,True,2026-08-26T02:53:35Z,SUCCEEDED,181,data/fear-temperature/ngram/raw/092dbc9916c5011136639ba399e86bd9ee47958643e7546a67c81d6201da72e9.json,
FT-Q-V01-021,artificial production of carbon dioxide,FT-A1938,FT-C-ANTHROPOGENIC_CARBON_DIOXIDE_PRODUCTION,anthropogenic carbon-dioxide production,FT-F05,carbon_greenhouse,EXECUTABLE_NGRAM,CONTEXT_REQUIRED,COMPATIBLE,True,Compatible exact string/phrase for unsmoothed public Ngram retrieval (current interface supports up to seven words).,"Fear of Temperature_ Stratified Lexical Expansion, Voice Mapping, and Semantic-Relational Pre-Valida.pdf",7,RECONSTRUCTED_FROM_REPORT,Google Books Ngram Viewer,eng,current English corpus (July 2024 dataset; public shorthand eng; mutable current corpus),1842,2022,0,True,2026-08-26T02:53:35Z,SUCCEEDED,181,data/fear-temperature/ngram/raw/2070ecc01d91fb37ee4d7883be04c16d4a7880b3a2dff5f0827d4e72b3e577c0.json,
FT-Q-V01-022,carbon dioxide,FT-A1938,FT-C-ATMOSPHERIC_CARBON_DIOXIDE,atmospheric carbon dioxide,FT-F05,carbon_greenhouse,EXECUTABLE_NGRAM,CONTEXT_REQUIRED,COMPATIBLE,True,Compatible exact string/phrase for unsmoothed public Ngram retrieval (current interface supports up to seven words).,"Fear of Temperature_ Stratified Lexical Expansion, Voice Mapping, and Semantic-Relational Pre-Valida.pdf",7,RECONSTRUCTED_FROM_REPORT,Google Books Ngram Viewer,eng,current English corpus (July 2024 dataset; public shorthand eng; mutable current corpus),1842,2022,0,True,2026-08-26T02:53:35Z,SUCCEEDED,181,data/fear-temperature/ngram/raw/4cb80f44edde6549156066466a74bfc57366da8f1cf6ad90b5890db731dd8d38.json,
FT-Q-V01-023,fuel combustion,FT-A1938,FT-C-ANTHROPOGENIC_CARBON_DIOXIDE_PRODUCTION,anthropogenic carbon-dioxide production,FT-F05,carbon_greenhouse,EXECUTABLE_NGRAM,CONTEXT_REQUIRED,COMPATIBLE,True,Compatible exact string/phrase for unsmoothed public Ngram retrieval (current interface supports up to seven words).,"Fear of Temperature_ Stratified Lexical Expansion, Voice Mapping, and Semantic-Relational Pre-Valida.pdf",8,RECONSTRUCTED_FROM_REPORT,Google Books Ngram Viewer,eng,current English corpus (July 2024 dataset; public shorthand eng; mutable current corpus),1842,2022,0,True,2026-08-26T02:53:35Z,SUCCEEDED,181,data/fear-temperature/ngram/raw/12a8595c1716a3689b1352a631f6c4cb21fd6f97651228f8731d5c059da7ddcd.json,
FT-Q-V01-024,air,FT-A1938,FT-C-HISTORICAL_CLIMATE_CONDITION,historical climate / climatological condition,FT-F04,climate,BACKGROUND_AMBIGUOUS,BACKGROUND_AMBIGUOUS,COMPATIBLE,True,Compatible exact string/phrase for unsmoothed public Ngram retrieval (current interface supports up to seven words).,"Fear of Temperature_ Stratified Lexical Expansion, Voice Mapping, and Semantic-Relational Pre-Valida.pdf",8,RECONSTRUCTED_FROM_REPORT,Google Books Ngram Viewer,eng,current English corpus (July 2024 dataset; public shorthand eng; mutable current corpus),1842,2022,0,True,2026-08-26T02:53:35Z,SUCCEEDED,181,data/fear-temperature/ngram/raw/d1d71646f7752f96d980c2569f429edc861dee3fe41954ab8819ae80ac484917.json,
FT-Q-V01-025,atmosphere,FT-A1938,FT-C-HISTORICAL_CLIMATE_CONDITION,historical climate / climatological condition,FT-F04,climate,BACKGROUND_AMBIGUOUS,BACKGROUND_AMBIGUOUS,COMPATIBLE,True,Compatible exact string/phrase for unsmoothed public Ngram retrieval (current interface supports up to seven words).,"Fear of Temperature_ Stratified Lexical Expansion, Voice Mapping, and Semantic-Relational Pre-Valida.pdf",8,RECONSTRUCTED_FROM_REPORT,Google Books Ngram Viewer,eng,current English corpus (July 2024 dataset; public shorthand eng; mutable current corpus),1842,2022,0,True,2026-08-26T02:53:35Z,SUCCEEDED,181,data/fear-temperature/ngram/raw/02abb1ffa0f647541454d9a403cb3fde6448b9c7ffe5a64372a582db79e9c276.json,
FT-Q-V01-026,radiation absorption coefficients,FT-A1938,FT-C-HISTORICAL_CLIMATE_CONDITION,historical climate / climatological condition,FT-F04,climate,EXECUTABLE_NGRAM,CONTEXT_REQUIRED,COMPATIBLE,True,Compatible exact string/phrase for unsmoothed public Ngram retrieval (current interface supports up to seven words).,"Fear of Temperature_ Stratified Lexical Expansion, Voice Mapping, and Semantic-Relational Pre-Valida.pdf",8,RECONSTRUCTED_FROM_REPORT,Google Books Ngram Viewer,eng,current English corpus (July 2024 dataset; public shorthand eng; mutable current corpus),1842,2022,0,True,2026-08-26T02:53:35Z,SUCCEEDED,181,data/fear-temperature/ngram/raw/2171601fde96b2bd2865c8be4c2da3ae797032f05534d51e6686631886ce7cdb.json,
FT-Q-V01-027,water vapour,FT-A1938,FT-C-HISTORICAL_CLIMATE_CONDITION,historical climate / climatological condition,FT-F04,climate,EXECUTABLE_NGRAM,CONTEXT_REQUIRED,COMPATIBLE,True,Compatible exact string/phrase for unsmoothed public Ngram retrieval (current interface supports up to seven words).,"Fear of Temperature_ Stratified Lexical Expansion, Voice Mapping, and Semantic-Relational Pre-Valida.pdf",8,RECONSTRUCTED_FROM_REPORT,Google Books Ngram Viewer,eng,current English corpus (July 2024 dataset; public shorthand eng; mutable current corpus),1842,2022,0,True,2026-08-26T02:53:35Z,SUCCEEDED,181,data/fear-temperature/ngram/raw/f51ff51dc09cac2d8a00e7b237acf835741ce26e1efca30bbc7f9b4da5279a28.json,
FT-Q-V01-028,sky radiation,FT-A1938,FT-C-HISTORICAL_CLIMATE_CONDITION,historical climate / climatological condition,FT-F04,climate,EXECUTABLE_NGRAM,CONTEXT_REQUIRED,COMPATIBLE,True,Compatible exact string/phrase for unsmoothed public Ngram retrieval (current interface supports up to seven words).,"Fear of Temperature_ Stratified Lexical Expansion, Voice Mapping, and Semantic-Relational Pre-Valida.pdf",8,RECONSTRUCTED_FROM_REPORT,Google Books Ngram Viewer,eng,current English corpus (July 2024 dataset; public shorthand eng; mutable current corpus),1842,2022,0,True,2026-08-26T02:53:35Z,SUCCEEDED,181,data/fear-temperature/ngram/raw/25f6f758b041c15280f5b78e2745bcaf174c736ac625ba6c8fa3f9e9b8acb3d0.json,
FT-Q-V01-029,increase in mean temperature,FT-A1938,FT-C-MEAN_TEMPERATURE,mean temperature,FT-F01,temperature_threshold,EXECUTABLE_NGRAM,CONTEXT_REQUIRED,COMPATIBLE,True,Compatible exact string/phrase for unsmoothed public Ngram retrieval (current interface supports up to seven words).,"Fear of Temperature_ Stratified Lexical Expansion, Voice Mapping, and Semantic-Relational Pre-Valida.pdf",8,RECONSTRUCTED_FROM_REPORT,Google Books Ngram Viewer,eng,current English corpus (July 2024 dataset; public shorthand eng; mutable current corpus),1842,2022,0,True,2026-08-26T02:53:35Z,SUCCEEDED,181,data/fear-temperature/ngram/raw/f17eca0292278251b17b3815a9781852804a5b948c3f6ebb56f9d678e7907143.json,
FT-Q-V01-030,mean temperature,FT-A1938,FT-C-MEAN_TEMPERATURE,mean temperature,FT-F01,temperature_threshold,EXECUTABLE_NGRAM,CONTEXT_REQUIRED,COMPATIBLE,True,Compatible exact string/phrase for unsmoothed public Ngram retrieval (current interface supports up to seven words).,"Fear of Temperature_ Stratified Lexical Expansion, Voice Mapping, and Semantic-Relational Pre-Valida.pdf",8,RECONSTRUCTED_FROM_REPORT,Google Books Ngram Viewer,eng,current English corpus (July 2024 dataset; public shorthand eng; mutable current corpus),1842,2022,0,True,2026-08-26T02:53:35Z,SUCCEEDED,181,data/fear-temperature/ngram/raw/264e2d12fe20c5aa6284ae43253eabc03ec9e11aa2056afde9e77d33d8e97530.json,
FT-Q-V01-031,temperature observations,FT-A1938,FT-C-LOCAL_INSTRUMENTAL_TEMPERATURE,local / instrumental temperature,FT-F01,temperature_threshold,EXECUTABLE_NGRAM,CONTEXT_REQUIRED,COMPATIBLE,True,Compatible exact string/phrase for unsmoothed public Ngram retrieval (current interface supports up to seven words).,"Fear of Temperature_ Stratified Lexical Expansion, Voice Mapping, and Semantic-Relational Pre-Valida.pdf",7,RECONSTRUCTED_FROM_REPORT,Google Books Ngram Viewer,eng,current English corpus (July 2024 dataset; public shorthand eng; mutable current corpus),1842,2022,0,True,2026-08-26T02:53:35Z,SUCCEEDED,181,data/fear-temperature/ngram/raw/66206e9216362147b860e1e6c3a8001945a83264107212b1c0f3c3d2fd551522.json,
FT-Q-V01-032,meteorological stations,FT-A1938,FT-C-HISTORICAL_CLIMATE_CONDITION,historical climate / climatological condition,FT-F04,climate,EXECUTABLE_NGRAM,CONTEXT_REQUIRED,COMPATIBLE,True,Compatible exact string/phrase for unsmoothed public Ngram retrieval (current interface supports up to seven words).,"Fear of Temperature_ Stratified Lexical Expansion, Voice Mapping, and Semantic-Relational Pre-Valida.pdf",7,RECONSTRUCTED_FROM_REPORT,Google Books Ngram Viewer,eng,current English corpus (July 2024 dataset; public shorthand eng; mutable current corpus),1842,2022,0,True,2026-08-26T02:53:35Z,SUCCEEDED,181,data/fear-temperature/ngram/raw/e9d57e4d27daeaa5ff3a311226643238760265d483bb429b63cf1eaf703e26ff.json,
FT-Q-V01-033,world temperatures,FT-A1938,FT-C-GLOBAL_AGGREGATE_TEMPERATURE,global aggregate temperature,FT-F01,temperature_threshold,EXECUTABLE_NGRAM,CONTEXT_REQUIRED,COMPATIBLE,True,Compatible exact string/phrase for unsmoothed public Ngram retrieval (current interface supports up to seven words).,"Fear of Temperature_ Stratified Lexical Expansion, Voice Mapping, and Semantic-Relational Pre-Valida.pdf",8,RECONSTRUCTED_FROM_REPORT,Google Books Ngram Viewer,eng,current English corpus (July 2024 dataset; public shorthand eng; mutable current corpus),1842,2022,0,True,2026-08-26T02:53:35Z,SUCCEEDED,181,data/fear-temperature/ngram/raw/c7e50063801250140864a7c772bbe06a1a5b4b6b0adaa4ccb81beedc0fdd8bbc.json,
FT-Q-V01-034,actually increased,FT-A1938,FT-C-TEMPERATURE_INCREASE,temperature increase,FT-F03,warming,EXECUTABLE_NGRAM,CONTEXT_REQUIRED,COMPATIBLE,True,Compatible exact string/phrase for unsmoothed public Ngram retrieval (current interface supports up to seven words).,"Fear of Temperature_ Stratified Lexical Expansion, Voice Mapping, and Semantic-Relational Pre-Valida.pdf",8,RECONSTRUCTED_FROM_REPORT,Google Books Ngram Viewer,eng,current English corpus (July 2024 dataset; public shorthand eng; mutable current corpus),1842,2022,0,True,2026-08-26T02:53:35Z,SUCCEEDED,181,data/fear-temperature/ngram/raw/9167b97ea3895d8f249f2aa5de33317b397ec2743be4c95d3c595b1798795eb5.json,
FT-Q-V01-035,average rate,FT-A1938,FT-C-LOCAL_INSTRUMENTAL_TEMPERATURE,local / instrumental temperature,FT-F01,temperature_threshold,EXECUTABLE_NGRAM,CONTEXT_REQUIRED,COMPATIBLE,True,Compatible exact string/phrase for unsmoothed public Ngram retrieval (current interface supports up to seven words).,"Fear of Temperature_ Stratified Lexical Expansion, Voice Mapping, and Semantic-Relational Pre-Valida.pdf",8,RECONSTRUCTED_FROM_REPORT,Google Books Ngram Viewer,eng,current English corpus (July 2024 dataset; public shorthand eng; mutable current corpus),1842,2022,0,True,2026-08-26T02:53:35Z,SUCCEEDED,181,data/fear-temperature/ngram/raw/e427f2da752395cacbd7c32fdf3f8f75639075e807d2631a0c0fc4f137209b9f.json,
FT-Q-V01-036,small increases in mean temperature,FT-A1938,FT-C-MEAN_TEMPERATURE,mean temperature,FT-F01,temperature_threshold,EXECUTABLE_NGRAM,CONTEXT_REQUIRED,COMPATIBLE,True,Compatible exact string/phrase for unsmoothed public Ngram retrieval (current interface supports up to seven words).,"Fear of Temperature_ Stratified Lexical Expansion, Voice Mapping, and Semantic-Relational Pre-Valida.pdf",8,RECONSTRUCTED_FROM_REPORT,Google Books Ngram Viewer,eng,current English corpus (July 2024 dataset; public shorthand eng; mutable current corpus),1842,2022,0,True,2026-08-26T02:53:35Z,ZERO_RESULT,0,data/fear-temperature/ngram/raw/d6d0759da43a3f360d038f003e572d16c77ddbfc718996d3d12107850601cb5e.json,
FT-Q-V01-037,deadly glaciers,FT-A1938,FT-C-INSTITUTIONAL_CLIMATE_THREAT,institutional climate threat,FT-F11,danger_threat,EXECUTABLE_NGRAM,CONTEXT_REQUIRED,COMPATIBLE,True,Compatible exact string/phrase for unsmoothed public Ngram retrieval (current interface supports up to seven words).,"Fear of Temperature_ Stratified Lexical Expansion, Voice Mapping, and Semantic-Relational Pre-Valida.pdf",8,RECONSTRUCTED_FROM_REPORT,Google Books Ngram Viewer,eng,current English corpus (July 2024 dataset; public shorthand eng; mutable current corpus),1842,2022,0,True,2026-08-26T02:53:35Z,SUCCEEDED,181,data/fear-temperature/ngram/raw/acd1c78d49da2b3a6c3ef64dbd5a9c1d23715156d453753d86190a592a0bf21f.json,
FT-Q-V01-038,rather a coincidence,FT-A1938,FT-C-PERSONAL_CONCERN,personal concern,FT-F06,concern_alarm,EXECUTABLE_NGRAM,CONTEXT_REQUIRED,COMPATIBLE,True,Compatible exact string/phrase for unsmoothed public Ngram retrieval (current interface supports up to seven words).,"Fear of Temperature_ Stratified Lexical Expansion, Voice Mapping, and Semantic-Relational Pre-Valida.pdf",8,RECONSTRUCTED_FROM_REPORT,Google Books Ngram Viewer,eng,current English corpus (July 2024 dataset; public shorthand eng; mutable current corpus),1842,2022,0,True,2026-08-26T02:53:35Z,SUCCEEDED,181,data/fear-temperature/ngram/raw/bca4b0be62a4f63b3d0e7919b771c514c52a4bdc627ec3a3afe9095da1caf1ba.json,
FT-Q-V01-039,Hottest Day for Ten Years,FT-A1938,FT-C-HEATWAVE_WEATHER_EVENT,heatwave / weather event,FT-F02,heat,EXECUTABLE_NGRAM,CONTEXT_REQUIRED,COMPATIBLE,True,Compatible exact string/phrase for unsmoothed public Ngram retrieval (current interface supports up to seven words).,"Fear of Temperature_ Stratified Lexical Expansion, Voice Mapping, and Semantic-Relational Pre-Valida.pdf",8,RECONSTRUCTED_FROM_REPORT,Google Books Ngram Viewer,eng,current English corpus (July 2024 dataset; public shorthand eng; mutable current corpus),1842,2022,0,True,2026-08-26T02:53:35Z,ZERO_RESULT,0,data/fear-temperature/ngram/raw/7c1cabc675b2da12af25d48ca83988bcbc1381ceee50bb7b5e8500626cbe9b00.json,
FT-Q-V01-040,Heat Wave Over Queensland,FT-A1938,FT-C-HEATWAVE_WEATHER_EVENT,heatwave / weather event,FT-F02,heat,EXECUTABLE_NGRAM,CONTEXT_REQUIRED,COMPATIBLE,True,Compatible exact string/phrase for unsmoothed public Ngram retrieval (current interface supports up to seven words).,"Fear of Temperature_ Stratified Lexical Expansion, Voice Mapping, and Semantic-Relational Pre-Valida.pdf",8,RECONSTRUCTED_FROM_REPORT,Google Books Ngram Viewer,eng,current English corpus (July 2024 dataset; public shorthand eng; mutable current corpus),1842,2022,0,True,2026-08-26T02:53:35Z,ZERO_RESULT,0,data/fear-temperature/ngram/raw/ff4de47b36b0ffff4f03545db968f819af528c6de47ea4be4984876b37550a41.json,
FT-Q-V01-041,greenhouse effect,FT-A1988,FT-C-GREENHOUSE_MECHANISM,greenhouse mechanism,FT-F05,carbon_greenhouse,EXECUTABLE_NGRAM,CLIMATE_SPECIFIC,COMPATIBLE,True,Compatible exact string/phrase for unsmoothed public Ngram retrieval (current interface supports up to seven words).,"Fear of Temperature_ Stratified Lexical Expansion, Voice Mapping, and Semantic-Relational Pre-Valida.pdf",9,RECONSTRUCTED_FROM_REPORT,Google Books Ngram Viewer,eng,current English corpus (July 2024 dataset; public shorthand eng; mutable current corpus),1842,2022,0,True,2026-08-26T02:53:35Z,SUCCEEDED,181,data/fear-temperature/ngram/raw/205959f263c8ae6824e66753a55df505e51b40905b28c4cb916bd1952aea4bdb.json,
FT-Q-V01-042,global warming,FT-A1988,FT-C-GLOBAL_WARMING_ISSUE_LABEL,global warming as issue label,FT-F03,warming,EXECUTABLE_NGRAM,CLIMATE_SPECIFIC,COMPATIBLE,True,Compatible exact string/phrase for unsmoothed public Ngram retrieval (current interface supports up to seven words).,"Fear of Temperature_ Stratified Lexical Expansion, Voice Mapping, and Semantic-Relational Pre-Valida.pdf",9,RECONSTRUCTED_FROM_REPORT,Google Books Ngram Viewer,eng,current English corpus (July 2024 dataset; public shorthand eng; mutable current corpus),1842,2022,0,True,2026-08-26T02:53:35Z,SUCCEEDED,181,data/fear-temperature/ngram/raw/e982c3b5d6e77fc759f19bb2931d892bfaa9221ade4a44977579a8d5a8afab71.json,
FT-Q-V01-043,earth is warmer,FT-A1988,FT-C-TEMPERATURE_INCREASE,temperature increase,FT-F03,warming,EXECUTABLE_NGRAM,CONTEXT_REQUIRED,COMPATIBLE,True,Compatible exact string/phrase for unsmoothed public Ngram retrieval (current interface supports up to seven words).,"Fear of Temperature_ Stratified Lexical Expansion, Voice Mapping, and Semantic-Relational Pre-Valida.pdf",9,RECONSTRUCTED_FROM_REPORT,Google Books Ngram Viewer,eng,current English corpus (July 2024 dataset; public shorthand eng; mutable current corpus),1842,2022,0,True,2026-08-26T02:53:35Z,SUCCEEDED,181,data/fear-temperature/ngram/raw/ae93b0533e9e2ca24d879c60ebc4c416dc7f4834ae02aa0e97387d0fc291a9d5.json,
FT-Q-V01-044,instrumental measurements,FT-A1988,FT-C-HISTORICAL_CLIMATE_CONDITION,historical climate / climatological condition,FT-F04,climate,EXECUTABLE_NGRAM,CONTEXT_REQUIRED,COMPATIBLE,True,Compatible exact string/phrase for unsmoothed public Ngram retrieval (current interface supports up to seven words).,"Fear of Temperature_ Stratified Lexical Expansion, Voice Mapping, and Semantic-Relational Pre-Valida.pdf",9,RECONSTRUCTED_FROM_REPORT,Google Books Ngram Viewer,eng,current English corpus (July 2024 dataset; public shorthand eng; mutable current corpus),1842,2022,0,True,2026-08-26T02:53:35Z,SUCCEEDED,181,data/fear-temperature/ngram/raw/c3041954c2284cf34bcd5a29020d6fdb5062957ed9d066a23d0fa6dec11d5477.json,
FT-Q-V01-045,cause-and-effect relationship,FT-A1988,FT-C-GENERIC_DAMAGE,generic damage,FT-F14,harm_loss_consequences,EXECUTABLE_NGRAM,CONTEXT_REQUIRED,COMPATIBLE,True,Compatible exact string/phrase for unsmoothed public Ngram retrieval (current interface supports up to seven words).,"Fear of Temperature_ Stratified Lexical Expansion, Voice Mapping, and Semantic-Relational Pre-Valida.pdf",9,RECONSTRUCTED_FROM_REPORT,Google Books Ngram Viewer,eng,current English corpus (July 2024 dataset; public shorthand eng; mutable current corpus),1842,2022,0,True,2026-08-26T02:53:35Z,SUCCEEDED,181,data/fear-temperature/ngram/raw/e8efe8017919981d401ccd71f2302b528ff86d0e6a69149a56ed3d7dde862bfc.json,
FT-Q-V01-046,global temperature,FT-A1988,FT-C-GLOBAL_AGGREGATE_TEMPERATURE,global aggregate temperature,FT-F01,temperature_threshold,EXECUTABLE_NGRAM,CONTEXT_REQUIRED,COMPATIBLE,True,Compatible exact string/phrase for unsmoothed public Ngram retrieval (current interface supports up to seven words).,"Fear of Temperature_ Stratified Lexical Expansion, Voice Mapping, and Semantic-Relational Pre-Valida.pdf",9,RECONSTRUCTED_FROM_REPORT,Google Books Ngram Viewer,eng,current English corpus (July 2024 dataset; public shorthand eng; mutable current corpus),1842,2022,0,True,2026-08-26T02:53:35Z,SUCCEEDED,181,data/fear-temperature/ngram/raw/9d665931c5878a5de16bd731767c2e6571f77c1eb6e01bf9fa50497db3ebbd93.json,
FT-Q-V01-047,regional heat waves,FT-A1988,FT-C-HEATWAVE_WEATHER_EVENT,heatwave / weather event,FT-F02,heat,EXECUTABLE_NGRAM,CONTEXT_REQUIRED,COMPATIBLE,True,Compatible exact string/phrase for unsmoothed public Ngram retrieval (current interface supports up to seven words).,"Fear of Temperature_ Stratified Lexical Expansion, Voice Mapping, and Semantic-Relational Pre-Valida.pdf",9,RECONSTRUCTED_FROM_REPORT,Google Books Ngram Viewer,eng,current English corpus (July 2024 dataset; public shorthand eng; mutable current corpus),1842,2022,0,True,2026-08-26T02:53:35Z,SUCCEEDED,181,data/fear-temperature/ngram/raw/9937ebec5dbc305d8752f541539d2c1d1521c4688bdf38c7075d02cee934d6b0.json,
FT-Q-V01-048,heat wave,FT-A1988,FT-C-HEATWAVE_WEATHER_EVENT,heatwave / weather event,FT-F02,heat,EXECUTABLE_NGRAM,CLIMATE_SPECIFIC,COMPATIBLE,True,Compatible exact string/phrase for unsmoothed public Ngram retrieval (current interface supports up to seven words).,"Fear of Temperature_ Stratified Lexical Expansion, Voice Mapping, and Semantic-Relational Pre-Valida.pdf",9,RECONSTRUCTED_FROM_REPORT,Google Books Ngram Viewer,eng,current English corpus (July 2024 dataset; public shorthand eng; mutable current corpus),1842,2022,0,True,2026-08-26T02:53:35Z,SUCCEEDED,181,data/fear-temperature/ngram/raw/306e212ec9cdb980f5e1f91f3e6734e7998c99820aa93fd4a8109533d1676f5a.json,
FT-Q-V01-049,drought,FT-A1988,FT-C-GENERIC_DAMAGE,generic damage,FT-F14,harm_loss_consequences,BACKGROUND_AMBIGUOUS,BACKGROUND_AMBIGUOUS,COMPATIBLE,True,Compatible exact string/phrase for unsmoothed public Ngram retrieval (current interface supports up to seven words).,"Fear of Temperature_ Stratified Lexical Expansion, Voice Mapping, and Semantic-Relational Pre-Valida.pdf",9,RECONSTRUCTED_FROM_REPORT,Google Books Ngram Viewer,eng,current English corpus (July 2024 dataset; public shorthand eng; mutable current corpus),1842,2022,0,True,2026-08-26T02:53:35Z,SUCCEEDED,181,data/fear-temperature/ngram/raw/a3bdefd3e410e2b0f75ef6e82328b0b053a2b9a4d162237384d67e405f89fe96.json,
FT-Q-V01-050,heat wave/drought occurrences,FT-A1988,FT-C-HEATWAVE_WEATHER_EVENT,heatwave / weather event,FT-F02,heat,EXECUTABLE_CORPUS_ONLY,CONTEXT_REQUIRED,STRUCTURALLY_UNSUPPORTED,False,Slash construction is not a defensible isolated Ngram phrase.,"Fear of Temperature_ Stratified Lexical Expansion, Voice Mapping, and Semantic-Relational Pre-Valida.pdf",9,RECONSTRUCTED_FROM_REPORT,Google Books Ngram Viewer,eng,current English corpus (July 2024 dataset; public shorthand eng; mutable current corpus),1842,2022,0,True,2026-08-26T02:53:35Z,NOT_RUN_INCOMPATIBLE,0,,Slash construction is not a defensible isolated Ngram phrase.
FT-Q-V01-051,extreme events,FT-A1988,FT-C-GENERIC_DAMAGE,generic damage,FT-F14,harm_loss_consequences,EXECUTABLE_NGRAM,CONTEXT_REQUIRED,COMPATIBLE,True,Compatible exact string/phrase for unsmoothed public Ngram retrieval (current interface supports up to seven words).,"Fear of Temperature_ Stratified Lexical Expansion, Voice Mapping, and Semantic-Relational Pre-Valida.pdf",9,RECONSTRUCTED_FROM_REPORT,Google Books Ngram Viewer,eng,current English corpus (July 2024 dataset; public shorthand eng; mutable current corpus),1842,2022,0,True,2026-08-26T02:53:35Z,SUCCEEDED,181,data/fear-temperature/ngram/raw/2f8cbf9b55aae32ec25fe5c485850b9461d5296a85a191304d2d582edd1a8448.json,
FT-Q-V01-052,global climate models,FT-A1988,FT-C-CLIMATE_SYSTEM,climate system,FT-F04,climate,EXECUTABLE_NGRAM,CONTEXT_REQUIRED,COMPATIBLE,True,Compatible exact string/phrase for unsmoothed public Ngram retrieval (current interface supports up to seven words).,"Fear of Temperature_ Stratified Lexical Expansion, Voice Mapping, and Semantic-Relational Pre-Valida.pdf",9,RECONSTRUCTED_FROM_REPORT,Google Books Ngram Viewer,eng,current English corpus (July 2024 dataset; public shorthand eng; mutable current corpus),1842,2022,0,True,2026-08-26T02:53:35Z,SUCCEEDED,181,data/fear-temperature/ngram/raw/804d613b38ca8ff6fa01fb2e1f4e6d91e7b874a9e4472af082eb9e1155863731.json,
FT-Q-V01-053,global observations,FT-A1988,FT-C-HISTORICAL_CLIMATE_CONDITION,historical climate / climatological condition,FT-F04,climate,EXECUTABLE_NGRAM,CONTEXT_REQUIRED,COMPATIBLE,True,Compatible exact string/phrase for unsmoothed public Ngram retrieval (current interface supports up to seven words).,"Fear of Temperature_ Stratified Lexical Expansion, Voice Mapping, and Semantic-Relational Pre-Valida.pdf",9,RECONSTRUCTED_FROM_REPORT,Google Books Ngram Viewer,eng,current English corpus (July 2024 dataset; public shorthand eng; mutable current corpus),1842,2022,0,True,2026-08-26T02:53:35Z,SUCCEEDED,181,data/fear-temperature/ngram/raw/d002a730e85fdef3f5ec37960af0518814de2fb4a5adf229395a737b937a15d9.json,
FT-Q-V01-054,warm air,FT-A1988,FT-C-LOCAL_INSTRUMENTAL_TEMPERATURE,local / instrumental temperature,FT-F01,temperature_threshold,EXECUTABLE_NGRAM,CONTEXT_REQUIRED,COMPATIBLE,True,Compatible exact string/phrase for unsmoothed public Ngram retrieval (current interface supports up to seven words).,"Fear of Temperature_ Stratified Lexical Expansion, Voice Mapping, and Semantic-Relational Pre-Valida.pdf",9,RECONSTRUCTED_FROM_REPORT,Google Books Ngram Viewer,eng,current English corpus (July 2024 dataset; public shorthand eng; mutable current corpus),1842,2022,0,True,2026-08-26T02:53:35Z,SUCCEEDED,181,data/fear-temperature/ngram/raw/815c60311238a418153e263ec5d032bdb11f2ad98f6938675e0f2291e0d31283.json,
FT-Q-V01-055,changing atmosphere,FT-A1988,FT-C-CHANGING_ATMOSPHERE,changing atmosphere,FT-F04,climate,EXECUTABLE_NGRAM,CLIMATE_SPECIFIC,COMPATIBLE,True,Compatible exact string/phrase for unsmoothed public Ngram retrieval (current interface supports up to seven words).,"Fear of Temperature_ Stratified Lexical Expansion, Voice Mapping, and Semantic-Relational Pre-Valida.pdf",9,RECONSTRUCTED_FROM_REPORT,Google Books Ngram Viewer,eng,current English corpus (July 2024 dataset; public shorthand eng; mutable current corpus),1842,2022,0,True,2026-08-26T02:53:35Z,SUCCEEDED,181,data/fear-temperature/ngram/raw/d85a605bd6ea660c1f4aa52a4a83b71832a460c045386101932b8aac3fb6f215.json,
FT-Q-V01-056,global security,FT-A1988,FT-C-GLOBAL_SECURITY_FRAME,global security frame,FT-F11,danger_threat,EXECUTABLE_NGRAM,CONTEXT_REQUIRED,COMPATIBLE,True,Compatible exact string/phrase for unsmoothed public Ngram retrieval (current interface supports up to seven words).,"Fear of Temperature_ Stratified Lexical Expansion, Voice Mapping, and Semantic-Relational Pre-Valida.pdf",9,RECONSTRUCTED_FROM_REPORT,Google Books Ngram Viewer,eng,current English corpus (July 2024 dataset; public shorthand eng; mutable current corpus),1842,2022,0,True,2026-08-26T02:53:35Z,SUCCEEDED,181,data/fear-temperature/ngram/raw/37f3c91b5bdb2434e5e7fbfc823d1f62804dd9a06082e829967508e3305f442f.json,
FT-Q-V01-057,climate warming,FT-A1988,FT-C-CLIMATE_SYSTEM_WARMING,climate-system warming,FT-F03,warming,EXECUTABLE_NGRAM,CONTEXT_REQUIRED,COMPATIBLE,True,Compatible exact string/phrase for unsmoothed public Ngram retrieval (current interface supports up to seven words).,"Fear of Temperature_ Stratified Lexical Expansion, Voice Mapping, and Semantic-Relational Pre-Valida.pdf",9,RECONSTRUCTED_FROM_REPORT,Google Books Ngram Viewer,eng,current English corpus (July 2024 dataset; public shorthand eng; mutable current corpus),1842,2022,0,True,2026-08-26T02:53:35Z,SUCCEEDED,181,data/fear-temperature/ngram/raw/b007c4e4f28b0d91c852846fb12cbb9f19e181cbfebe2c7ad3081912a94fdef1.json,
FT-Q-V01-058,changed climatic extremes,FT-A1988,FT-C-GENERIC_DAMAGE,generic damage,FT-F14,harm_loss_consequences,EXECUTABLE_NGRAM,CONTEXT_REQUIRED,COMPATIBLE,True,Compatible exact string/phrase for unsmoothed public Ngram retrieval (current interface supports up to seven words).,"Fear of Temperature_ Stratified Lexical Expansion, Voice Mapping, and Semantic-Relational Pre-Valida.pdf",9,RECONSTRUCTED_FROM_REPORT,Google Books Ngram Viewer,eng,current English corpus (July 2024 dataset; public shorthand eng; mutable current corpus),1842,2022,0,True,2026-08-26T02:53:35Z,ZERO_RESULT,0,data/fear-temperature/ngram/raw/e3c721797f491dbfd313d1ebf26dce903f725eee8b0becece08b3766489bec5e.json,
FT-Q-V01-059,major threat,FT-A1988,FT-C-INSTITUTIONAL_CLIMATE_THREAT,institutional climate threat,FT-F11,danger_threat,EXECUTABLE_NGRAM,CONTEXT_REQUIRED,COMPATIBLE,True,Compatible exact string/phrase for unsmoothed public Ngram retrieval (current interface supports up to seven words).,"Fear of Temperature_ Stratified Lexical Expansion, Voice Mapping, and Semantic-Relational Pre-Valida.pdf",9,RECONSTRUCTED_FROM_REPORT,Google Books Ngram Viewer,eng,current English corpus (July 2024 dataset; public shorthand eng; mutable current corpus),1842,2022,0,True,2026-08-26T02:53:35Z,SUCCEEDED,181,data/fear-temperature/ngram/raw/3852fb8c0602dd1dd7e82aede6ff96df951ae0ab14e8dff39d9436087f4b2d1e.json,
FT-Q-V01-060,harmful consequences,FT-A1988,FT-C-GENERIC_DAMAGE,generic damage,FT-F14,harm_loss_consequences,EXECUTABLE_NGRAM,CONTEXT_REQUIRED,COMPATIBLE,True,Compatible exact string/phrase for unsmoothed public Ngram retrieval (current interface supports up to seven words).,"Fear of Temperature_ Stratified Lexical Expansion, Voice Mapping, and Semantic-Relational Pre-Valida.pdf",9,RECONSTRUCTED_FROM_REPORT,Google Books Ngram Viewer,eng,current English corpus (July 2024 dataset; public shorthand eng; mutable current corpus),1842,2022,0,True,2026-08-26T02:53:35Z,SUCCEEDED,181,data/fear-temperature/ngram/raw/ca8b82883f6811093ecec7cb6aa37b2187c9c8705f722490a53620e189c7b504.json,
FT-Q-V01-061,warming of the climate system,FT-A0607,FT-C-CLIMATE_SYSTEM_WARMING,climate-system warming,FT-F03,warming,EXECUTABLE_NGRAM,CONTEXT_REQUIRED,COMPATIBLE,True,Compatible exact string/phrase for unsmoothed public Ngram retrieval (current interface supports up to seven words).,"Fear of Temperature_ Stratified Lexical Expansion, Voice Mapping, and Semantic-Relational Pre-Valida.pdf",10,RECONSTRUCTED_FROM_REPORT,Google Books Ngram Viewer,eng,current English corpus (July 2024 dataset; public shorthand eng; mutable current corpus),1842,2022,0,True,2026-08-26T02:53:35Z,SUCCEEDED,181,data/fear-temperature/ngram/raw/8dcf3248dddb111a1f30bab5b3545357d072f4605eedc0c49e65add20572aa70.json,
FT-Q-V01-062,unequivocal,FT-A0607,FT-C-HISTORICAL_CLIMATE_CONDITION,historical climate / climatological condition,FT-F04,climate,EXECUTABLE_NGRAM,CONTEXT_REQUIRED,COMPATIBLE,True,Compatible exact string/phrase for unsmoothed public Ngram retrieval (current interface supports up to seven words).,"Fear of Temperature_ Stratified Lexical Expansion, Voice Mapping, and Semantic-Relational Pre-Valida.pdf",10,RECONSTRUCTED_FROM_REPORT,Google Books Ngram Viewer,eng,current English corpus (July 2024 dataset; public shorthand eng; mutable current corpus),1842,2022,0,True,2026-08-26T02:53:35Z,SUCCEEDED,181,data/fear-temperature/ngram/raw/589b222dcaad46517e9261b3de8c0a74d95549534dafe4e4c9401053bb014a0f.json,
FT-Q-V01-063,global average air and ocean temperatures,FT-A0607,FT-C-GLOBAL_AGGREGATE_TEMPERATURE,global aggregate temperature,FT-F01,temperature_threshold,EXECUTABLE_NGRAM,CONTEXT_REQUIRED,COMPATIBLE,True,Compatible exact string/phrase for unsmoothed public Ngram retrieval (current interface supports up to seven words).,"Fear of Temperature_ Stratified Lexical Expansion, Voice Mapping, and Semantic-Relational Pre-Valida.pdf",10,RECONSTRUCTED_FROM_REPORT,Google Books Ngram Viewer,eng,current English corpus (July 2024 dataset; public shorthand eng; mutable current corpus),1842,2022,0,True,2026-08-26T02:53:35Z,SUCCEEDED,181,data/fear-temperature/ngram/raw/f73af1ae45c262eb8a777b662382952c3959bd2b5435d50eb84ffa31953e7815.json,
FT-Q-V01-064,global surface temperature,FT-A0607,FT-C-GLOBAL_AGGREGATE_TEMPERATURE,global aggregate temperature,FT-F01,temperature_threshold,EXECUTABLE_NGRAM,CONTEXT_REQUIRED,COMPATIBLE,True,Compatible exact string/phrase for unsmoothed public Ngram retrieval (current interface supports up to seven words).,"Fear of Temperature_ Stratified Lexical Expansion, Voice Mapping, and Semantic-Relational Pre-Valida.pdf",10,RECONSTRUCTED_FROM_REPORT,Google Books Ngram Viewer,eng,current English corpus (July 2024 dataset; public shorthand eng; mutable current corpus),1842,2022,0,True,2026-08-26T02:53:35Z,SUCCEEDED,181,data/fear-temperature/ngram/raw/0c509bcbc95a5c5d481b3d693eaf5548c14084450a9268d3c1f9640d9ccedf23.json,
FT-Q-V01-065,temperature increase,FT-A0607,FT-C-TEMPERATURE_INCREASE,temperature increase,FT-F03,warming,EXECUTABLE_NGRAM,CLIMATE_SPECIFIC,COMPATIBLE,True,Compatible exact string/phrase for unsmoothed public Ngram retrieval (current interface supports up to seven words).,"Fear of Temperature_ Stratified Lexical Expansion, Voice Mapping, and Semantic-Relational Pre-Valida.pdf",10,RECONSTRUCTED_FROM_REPORT,Google Books Ngram Viewer,eng,current English corpus (July 2024 dataset; public shorthand eng; mutable current corpus),1842,2022,0,True,2026-08-26T02:53:35Z,SUCCEEDED,181,data/fear-temperature/ngram/raw/e6efba58d92f6e3c0b60cedfb131afc6f4d35abfc0f251f7d7b486284e4283e4.json,
FT-Q-V01-066,rising global average sea level,FT-A0607,FT-C-GENERIC_DAMAGE,generic damage,FT-F14,harm_loss_consequences,EXECUTABLE_NGRAM,CONTEXT_REQUIRED,COMPATIBLE,True,Compatible exact string/phrase for unsmoothed public Ngram retrieval (current interface supports up to seven words).,"Fear of Temperature_ Stratified Lexical Expansion, Voice Mapping, and Semantic-Relational Pre-Valida.pdf",10,RECONSTRUCTED_FROM_REPORT,Google Books Ngram Viewer,eng,current English corpus (July 2024 dataset; public shorthand eng; mutable current corpus),1842,2022,0,True,2026-08-26T02:53:35Z,SUCCEEDED,181,data/fear-temperature/ngram/raw/87718eb09b1ce320108dbcce3dd7b6faaf2c6f10134af590aa1e6d5c0f1f5363.json,
FT-Q-V01-067,widespread melting of snow and ice,FT-A0607,FT-C-GENERIC_DAMAGE,generic damage,FT-F14,harm_loss_consequences,EXECUTABLE_NGRAM,CONTEXT_REQUIRED,COMPATIBLE,True,Compatible exact string/phrase for unsmoothed public Ngram retrieval (current interface supports up to seven words).,"Fear of Temperature_ Stratified Lexical Expansion, Voice Mapping, and Semantic-Relational Pre-Valida.pdf",10,RECONSTRUCTED_FROM_REPORT,Google Books Ngram Viewer,eng,current English corpus (July 2024 dataset; public shorthand eng; mutable current corpus),1842,2022,0,True,2026-08-26T02:53:35Z,SUCCEEDED,181,data/fear-temperature/ngram/raw/806fa1b4d7e70879a062cfd1acba0fee5db80a00c9014f31015edfe13f8f81fa.json,
FT-Q-V01-068,anthropogenic CO₂,FT-A0607,FT-C-ANTHROPOGENIC_CARBON_DIOXIDE_PRODUCTION,anthropogenic carbon-dioxide production,FT-F05,carbon_greenhouse,EXECUTABLE_CORPUS_ONLY,CONTEXT_REQUIRED,NUMERIC_OR_SYMBOLIC,False,Degree/subscript notation is not queried as an isolated public-interface Ngram.,"Fear of Temperature_ Stratified Lexical Expansion, Voice Mapping, and Semantic-Relational Pre-Valida.pdf",10,RECONSTRUCTED_FROM_REPORT,Google Books Ngram Viewer,eng,current English corpus (July 2024 dataset; public shorthand eng; mutable current corpus),1842,2022,0,True,2026-08-26T02:53:35Z,NOT_RUN_INCOMPATIBLE,0,,Degree/subscript notation is not queried as an isolated public-interface Ngram.
FT-Q-V01-069,anthropogenic GHG emissions,FT-A0607,FT-C-ANTHROPOGENIC_GREENHOUSE_GAS_EMISSIONS,anthropogenic greenhouse-gas emissions,FT-F05,carbon_greenhouse,EXECUTABLE_NGRAM,CONTEXT_REQUIRED,COMPATIBLE,True,Compatible exact string/phrase for unsmoothed public Ngram retrieval (current interface supports up to seven words).,"Fear of Temperature_ Stratified Lexical Expansion, Voice Mapping, and Semantic-Relational Pre-Valida.pdf",10,RECONSTRUCTED_FROM_REPORT,Google Books Ngram Viewer,eng,current English corpus (July 2024 dataset; public shorthand eng; mutable current corpus),1842,2022,0,True,2026-08-26T02:53:35Z,SUCCEEDED,181,data/fear-temperature/ngram/raw/914334e57db329f472c585240f860566f4453aba88a7a68d703eb2b8ba0b7e47.json,
FT-Q-V01-070,climate change,FT-A0607,FT-C-MODERN_CLIMATE_CHANGE,modern climate change,FT-F04,climate,EXECUTABLE_NGRAM,CLIMATE_SPECIFIC,COMPATIBLE,True,Compatible exact string/phrase for unsmoothed public Ngram retrieval (current interface supports up to seven words).,"Fear of Temperature_ Stratified Lexical Expansion, Voice Mapping, and Semantic-Relational Pre-Valida.pdf",10,RECONSTRUCTED_FROM_REPORT,Google Books Ngram Viewer,eng,current English corpus (July 2024 dataset; public shorthand eng; mutable current corpus),1842,2022,0,True,2026-08-26T02:53:35Z,SUCCEEDED,181,data/fear-temperature/ngram/raw/c0c3021f09dbdf3542c85e1a8bd4e013bd4d99d85af63bbd55f5e05a6a7ddd2b.json,
FT-Q-V01-071,global warming,FT-A0607,FT-C-GLOBAL_WARMING_ISSUE_LABEL,global warming as issue label,FT-F03,warming,EXECUTABLE_NGRAM,CLIMATE_SPECIFIC,COMPATIBLE,True,Compatible exact string/phrase for unsmoothed public Ngram retrieval (current interface supports up to seven words).,"Fear of Temperature_ Stratified Lexical Expansion, Voice Mapping, and Semantic-Relational Pre-Valida.pdf",10,RECONSTRUCTED_FROM_REPORT,Google Books Ngram Viewer,eng,current English corpus (July 2024 dataset; public shorthand eng; mutable current corpus),1842,2022,0,True,2026-08-26T02:53:35Z,SUCCEEDED,181,data/fear-temperature/ngram/raw/e982c3b5d6e77fc759f19bb2931d892bfaa9221ade4a44977579a8d5a8afab71.json,
FT-Q-V01-072,serious global threat,FT-A0607,FT-C-INSTITUTIONAL_CLIMATE_THREAT,institutional climate threat,FT-F11,danger_threat,EXECUTABLE_NGRAM,CONTEXT_REQUIRED,COMPATIBLE,True,Compatible exact string/phrase for unsmoothed public Ngram retrieval (current interface supports up to seven words).,"Fear of Temperature_ Stratified Lexical Expansion, Voice Mapping, and Semantic-Relational Pre-Valida.pdf",10,RECONSTRUCTED_FROM_REPORT,Google Books Ngram Viewer,eng,current English corpus (July 2024 dataset; public shorthand eng; mutable current corpus),1842,2022,0,True,2026-08-26T02:53:35Z,SUCCEEDED,181,data/fear-temperature/ngram/raw/5b32321ca744b813f5972199bf6100cca59a22ed8377107ee90f3439bdecbfa6.json,
FT-Q-V01-073,urgent global response,FT-A0607,FT-C-GENERIC_DAMAGE,generic damage,FT-F14,harm_loss_consequences,EXECUTABLE_NGRAM,CONTEXT_REQUIRED,COMPATIBLE,True,Compatible exact string/phrase for unsmoothed public Ngram retrieval (current interface supports up to seven words).,"Fear of Temperature_ Stratified Lexical Expansion, Voice Mapping, and Semantic-Relational Pre-Valida.pdf",10,RECONSTRUCTED_FROM_REPORT,Google Books Ngram Viewer,eng,current English corpus (July 2024 dataset; public shorthand eng; mutable current corpus),1842,2022,0,True,2026-08-26T02:53:35Z,SUCCEEDED,181,data/fear-temperature/ngram/raw/2b3e1b1685a35825228a411e6215b23d8f9bb83c5a827b09d9abd02b86000899.json,
FT-Q-V01-074,costs and risks of climate change,FT-A0607,FT-C-MODERN_CLIMATE_CHANGE,modern climate change,FT-F04,climate,EXECUTABLE_NGRAM,CONTEXT_REQUIRED,COMPATIBLE,True,Compatible exact string/phrase for unsmoothed public Ngram retrieval (current interface supports up to seven words).,"Fear of Temperature_ Stratified Lexical Expansion, Voice Mapping, and Semantic-Relational Pre-Valida.pdf",10,RECONSTRUCTED_FROM_REPORT,Google Books Ngram Viewer,eng,current English corpus (July 2024 dataset; public shorthand eng; mutable current corpus),1842,2022,0,True,2026-08-26T02:53:35Z,SUCCEEDED,181,data/fear-temperature/ngram/raw/8bd78b7ad15e9e48d2ac43434782eef178ec9ab9fe62373cb5361adae97daf18.json,
FT-Q-V01-075,impacts of climate change,FT-A0607,FT-C-MODERN_CLIMATE_CHANGE,modern climate change,FT-F04,climate,EXECUTABLE_NGRAM,CONTEXT_REQUIRED,COMPATIBLE,True,Compatible exact string/phrase for unsmoothed public Ngram retrieval (current interface supports up to seven words).,"Fear of Temperature_ Stratified Lexical Expansion, Voice Mapping, and Semantic-Relational Pre-Valida.pdf",10,RECONSTRUCTED_FROM_REPORT,Google Books Ngram Viewer,eng,current English corpus (July 2024 dataset; public shorthand eng; mutable current corpus),1842,2022,0,True,2026-08-26T02:53:35Z,SUCCEEDED,181,data/fear-temperature/ngram/raw/10edc30626c2300c5c7fd37f88b17289d17de5d55c5e717eb20c37a82770241c.json,
FT-Q-V01-076,damage,FT-A0607,FT-C-GENERIC_DAMAGE,generic damage,FT-F14,harm_loss_consequences,BACKGROUND_AMBIGUOUS,BACKGROUND_AMBIGUOUS,COMPATIBLE,True,Compatible exact string/phrase for unsmoothed public Ngram retrieval (current interface supports up to seven words).,"Fear of Temperature_ Stratified Lexical Expansion, Voice Mapping, and Semantic-Relational Pre-Valida.pdf",10,RECONSTRUCTED_FROM_REPORT,Google Books Ngram Viewer,eng,current English corpus (July 2024 dataset; public shorthand eng; mutable current corpus),1842,2022,0,True,2026-08-26T02:53:35Z,SUCCEEDED,181,data/fear-temperature/ngram/raw/d01f41629ee6773134a211a7026f5208a1c2513b8707a3bed0900691e7c0f8c8.json,
FT-Q-V01-077,hunger,FT-A0607,FT-C-GENERIC_DAMAGE,generic damage,FT-F14,harm_loss_consequences,EXECUTABLE_NGRAM,CONTEXT_REQUIRED,COMPATIBLE,True,Compatible exact string/phrase for unsmoothed public Ngram retrieval (current interface supports up to seven words).,"Fear of Temperature_ Stratified Lexical Expansion, Voice Mapping, and Semantic-Relational Pre-Valida.pdf",10,RECONSTRUCTED_FROM_REPORT,Google Books Ngram Viewer,eng,current English corpus (July 2024 dataset; public shorthand eng; mutable current corpus),1842,2022,0,True,2026-08-26T02:53:35Z,SUCCEEDED,181,data/fear-temperature/ngram/raw/316db15cf9762a5992d3f01731d219bae77ccddd5b4e7b3a3624d6529956f51c.json,
FT-Q-V01-078,water shortages,FT-A0607,FT-C-GENERIC_DAMAGE,generic damage,FT-F14,harm_loss_consequences,EXECUTABLE_NGRAM,CONTEXT_REQUIRED,COMPATIBLE,True,Compatible exact string/phrase for unsmoothed public Ngram retrieval (current interface supports up to seven words).,"Fear of Temperature_ Stratified Lexical Expansion, Voice Mapping, and Semantic-Relational Pre-Valida.pdf",10,RECONSTRUCTED_FROM_REPORT,Google Books Ngram Viewer,eng,current English corpus (July 2024 dataset; public shorthand eng; mutable current corpus),1842,2022,0,True,2026-08-26T02:53:35Z,SUCCEEDED,181,data/fear-temperature/ngram/raw/1efef2d790a347bb687eb3d223fce6047f4cbe50b45e07fb13a40f36a37a8053.json,
FT-Q-V01-079,coastal flooding,FT-A0607,FT-C-GENERIC_DAMAGE,generic damage,FT-F14,harm_loss_consequences,EXECUTABLE_NGRAM,CONTEXT_REQUIRED,COMPATIBLE,True,Compatible exact string/phrase for unsmoothed public Ngram retrieval (current interface supports up to seven words).,"Fear of Temperature_ Stratified Lexical Expansion, Voice Mapping, and Semantic-Relational Pre-Valida.pdf",10,RECONSTRUCTED_FROM_REPORT,Google Books Ngram Viewer,eng,current English corpus (July 2024 dataset; public shorthand eng; mutable current corpus),1842,2022,0,True,2026-08-26T02:53:35Z,SUCCEEDED,181,data/fear-temperature/ngram/raw/52bfa613753c4eadca65ad755383bb46d16281d2f73bd1c629782b94ca7ca635.json,
FT-Q-V01-080,worst impacts,FT-A0607,FT-C-GENERIC_DAMAGE,generic damage,FT-F14,harm_loss_consequences,EXECUTABLE_NGRAM,CONTEXT_REQUIRED,COMPATIBLE,True,Compatible exact string/phrase for unsmoothed public Ngram retrieval (current interface supports up to seven words).,"Fear of Temperature_ Stratified Lexical Expansion, Voice Mapping, and Semantic-Relational Pre-Valida.pdf",10,RECONSTRUCTED_FROM_REPORT,Google Books Ngram Viewer,eng,current English corpus (July 2024 dataset; public shorthand eng; mutable current corpus),1842,2022,0,True,2026-08-26T02:53:35Z,SUCCEEDED,181,data/fear-temperature/ngram/raw/ef191d5d6d10d37fbddf1313d24b7921544ca0578b9663de780c6b926ed9497b.json,
FT-Q-V01-081,climate change,FT-A2015,FT-C-MODERN_CLIMATE_CHANGE,modern climate change,FT-F04,climate,EXECUTABLE_NGRAM,CLIMATE_SPECIFIC,COMPATIBLE,True,Compatible exact string/phrase for unsmoothed public Ngram retrieval (current interface supports up to seven words).,"Fear of Temperature_ Stratified Lexical Expansion, Voice Mapping, and Semantic-Relational Pre-Valida.pdf",11,RECONSTRUCTED_FROM_REPORT,Google Books Ngram Viewer,eng,current English corpus (July 2024 dataset; public shorthand eng; mutable current corpus),1842,2022,0,True,2026-08-26T02:53:35Z,SUCCEEDED,181,data/fear-temperature/ngram/raw/c0c3021f09dbdf3542c85e1a8bd4e013bd4d99d85af63bbd55f5e05a6a7ddd2b.json,
FT-Q-V01-082,threat of climate change,FT-A2015,FT-C-MODERN_CLIMATE_CHANGE,modern climate change,FT-F04,climate,EXECUTABLE_NGRAM,CONTEXT_REQUIRED,COMPATIBLE,True,Compatible exact string/phrase for unsmoothed public Ngram retrieval (current interface supports up to seven words).,"Fear of Temperature_ Stratified Lexical Expansion, Voice Mapping, and Semantic-Relational Pre-Valida.pdf",11,RECONSTRUCTED_FROM_REPORT,Google Books Ngram Viewer,eng,current English corpus (July 2024 dataset; public shorthand eng; mutable current corpus),1842,2022,0,True,2026-08-26T02:53:35Z,SUCCEEDED,181,data/fear-temperature/ngram/raw/80f335fb2f081618fb98e644333ac39d4ab1da3118610e2c37f4c52eaba6f01e.json,
FT-Q-V01-083,global average temperature,FT-A2015,FT-C-GLOBAL_AGGREGATE_TEMPERATURE,global aggregate temperature,FT-F01,temperature_threshold,EXECUTABLE_NGRAM,CLIMATE_SPECIFIC,COMPATIBLE,True,Compatible exact string/phrase for unsmoothed public Ngram retrieval (current interface supports up to seven words).,"Fear of Temperature_ Stratified Lexical Expansion, Voice Mapping, and Semantic-Relational Pre-Valida.pdf",11,RECONSTRUCTED_FROM_REPORT,Google Books Ngram Viewer,eng,current English corpus (July 2024 dataset; public shorthand eng; mutable current corpus),1842,2022,0,True,2026-08-26T02:53:35Z,SUCCEEDED,181,data/fear-temperature/ngram/raw/fec10abcfbf0091d0548b70a06317daaadc5fc16f753d8243a75bd2e1dbbcb94.json,
FT-Q-V01-084,well below 2°C above pre-industrial levels,FT-A2015,FT-C-TEMPERATURE_THRESHOLD_2C,2°C threshold,FT-F01,temperature_threshold,EXECUTABLE_CORPUS_ONLY,CONTEXT_REQUIRED,NUMERIC_OR_SYMBOLIC,False,Degree/subscript notation is not queried as an isolated public-interface Ngram.,"Fear of Temperature_ Stratified Lexical Expansion, Voice Mapping, and Semantic-Relational Pre-Valida.pdf",11,RECONSTRUCTED_FROM_REPORT,Google Books Ngram Viewer,eng,current English corpus (July 2024 dataset; public shorthand eng; mutable current corpus),1842,2022,0,True,2026-08-26T02:53:35Z,NOT_RUN_INCOMPATIBLE,0,,Degree/subscript notation is not queried as an isolated public-interface Ngram.
FT-Q-V01-085,1.5°C above pre-industrial levels,FT-A2015,FT-C-TEMPERATURE_THRESHOLD_1_5C,1.5°C threshold,FT-F01,temperature_threshold,EXECUTABLE_CORPUS_ONLY,CONTEXT_REQUIRED,NUMERIC_OR_SYMBOLIC,False,Degree/subscript notation is not queried as an isolated public-interface Ngram.,"Fear of Temperature_ Stratified Lexical Expansion, Voice Mapping, and Semantic-Relational Pre-Valida.pdf",11,RECONSTRUCTED_FROM_REPORT,Google Books Ngram Viewer,eng,current English corpus (July 2024 dataset; public shorthand eng; mutable current corpus),1842,2022,0,True,2026-08-26T02:53:35Z,NOT_RUN_INCOMPATIBLE,0,,Degree/subscript notation is not queried as an isolated public-interface Ngram.
FT-Q-V01-086,pre-industrial levels,FT-A2015,FT-C-HISTORICAL_CLIMATE_CONDITION,historical climate / climatological condition,FT-F04,climate,EXECUTABLE_NGRAM,CONTEXT_REQUIRED,COMPATIBLE,True,Compatible exact string/phrase for unsmoothed public Ngram retrieval (current interface supports up to seven words).,"Fear of Temperature_ Stratified Lexical Expansion, Voice Mapping, and Semantic-Relational Pre-Valida.pdf",11,RECONSTRUCTED_FROM_REPORT,Google Books Ngram Viewer,eng,current English corpus (July 2024 dataset; public shorthand eng; mutable current corpus),1842,2022,0,True,2026-08-26T02:53:35Z,SUCCEEDED,181,data/fear-temperature/ngram/raw/2881b2893bb9f90b34c6b55e69b178f175071000fb539d5b087f62591c3d0923.json,
FT-Q-V01-087,risks and impacts,FT-A2015,FT-C-ADMINISTRATIVE_RISK_ASSESSMENT,administrative risk assessment,FT-F12,risk,EXECUTABLE_NGRAM,CONTEXT_REQUIRED,COMPATIBLE,True,Compatible exact string/phrase for unsmoothed public Ngram retrieval (current interface supports up to seven words).,"Fear of Temperature_ Stratified Lexical Expansion, Voice Mapping, and Semantic-Relational Pre-Valida.pdf",11,RECONSTRUCTED_FROM_REPORT,Google Books Ngram Viewer,eng,current English corpus (July 2024 dataset; public shorthand eng; mutable current corpus),1842,2022,0,True,2026-08-26T02:53:35Z,SUCCEEDED,181,data/fear-temperature/ngram/raw/f2eee010d3ab2ac253dad16e8a988ee29a535b3f9fd3c70274c871172742c1fa.json,
FT-Q-V01-088,adverse impacts,FT-A2015,FT-C-GENERIC_DAMAGE,generic damage,FT-F14,harm_loss_consequences,EXECUTABLE_NGRAM,CONTEXT_REQUIRED,COMPATIBLE,True,Compatible exact string/phrase for unsmoothed public Ngram retrieval (current interface supports up to seven words).,"Fear of Temperature_ Stratified Lexical Expansion, Voice Mapping, and Semantic-Relational Pre-Valida.pdf",11,RECONSTRUCTED_FROM_REPORT,Google Books Ngram Viewer,eng,current English corpus (July 2024 dataset; public shorthand eng; mutable current corpus),1842,2022,0,True,2026-08-26T02:53:35Z,SUCCEEDED,181,data/fear-temperature/ngram/raw/ca32195a736f01bebb286362f731491393c9174f8b7dda50446f400cf3ec81ea.json,
FT-Q-V01-089,adverse effects of climate change,FT-A2015,FT-C-MODERN_CLIMATE_CHANGE,modern climate change,FT-F04,climate,EXECUTABLE_NGRAM,CONTEXT_REQUIRED,COMPATIBLE,True,Compatible exact string/phrase for unsmoothed public Ngram retrieval (current interface supports up to seven words).,"Fear of Temperature_ Stratified Lexical Expansion, Voice Mapping, and Semantic-Relational Pre-Valida.pdf",11,RECONSTRUCTED_FROM_REPORT,Google Books Ngram Viewer,eng,current English corpus (July 2024 dataset; public shorthand eng; mutable current corpus),1842,2022,0,True,2026-08-26T02:53:35Z,SUCCEEDED,181,data/fear-temperature/ngram/raw/6cd471adbfc5a4ba1c140cf1b0bb66ae2800dcb64e4a80dc1708e81d2b1e0278.json,
FT-Q-V01-090,greenhouse gas emissions,FT-A2015,FT-C-ANTHROPOGENIC_GREENHOUSE_GAS_EMISSIONS,anthropogenic greenhouse-gas emissions,FT-F05,carbon_greenhouse,EXECUTABLE_NGRAM,CONTEXT_REQUIRED,COMPATIBLE,True,Compatible exact string/phrase for unsmoothed public Ngram retrieval (current interface supports up to seven words).,"Fear of Temperature_ Stratified Lexical Expansion, Voice Mapping, and Semantic-Relational Pre-Valida.pdf",11,RECONSTRUCTED_FROM_REPORT,Google Books Ngram Viewer,eng,current English corpus (July 2024 dataset; public shorthand eng; mutable current corpus),1842,2022,0,True,2026-08-26T02:53:35Z,SUCCEEDED,181,data/fear-temperature/ngram/raw/76b11e33a5bc00d4a70cd7cd5a433e1f985ce44395b87f40f95baf9a424ebb9f.json,
FT-Q-V01-091,climate resilience,FT-A2015,FT-C-GENERIC_DAMAGE,generic damage,FT-F14,harm_loss_consequences,EXECUTABLE_NGRAM,CONTEXT_REQUIRED,COMPATIBLE,True,Compatible exact string/phrase for unsmoothed public Ngram retrieval (current interface supports up to seven words).,"Fear of Temperature_ Stratified Lexical Expansion, Voice Mapping, and Semantic-Relational Pre-Valida.pdf",11,RECONSTRUCTED_FROM_REPORT,Google Books Ngram Viewer,eng,current English corpus (July 2024 dataset; public shorthand eng; mutable current corpus),1842,2022,0,True,2026-08-26T02:53:35Z,SUCCEEDED,181,data/fear-temperature/ngram/raw/92704c26947e3df5352fb6efc8254b2c45a554c7aeacf18289357f8535c68963.json,
FT-Q-V01-092,vulnerability,FT-A2015,FT-C-VULNERABILITY,vulnerability,FT-F14,harm_loss_consequences,EXECUTABLE_NGRAM,CONTEXT_REQUIRED,COMPATIBLE,True,Compatible exact string/phrase for unsmoothed public Ngram retrieval (current interface supports up to seven words).,"Fear of Temperature_ Stratified Lexical Expansion, Voice Mapping, and Semantic-Relational Pre-Valida.pdf",11,RECONSTRUCTED_FROM_REPORT,Google Books Ngram Viewer,eng,current English corpus (July 2024 dataset; public shorthand eng; mutable current corpus),1842,2022,0,True,2026-08-26T02:53:35Z,SUCCEEDED,181,data/fear-temperature/ngram/raw/e3aaf62677c5b9972e9e9767131d1c45ead25c9c6ac869d7f84391f12e762596.json,
FT-Q-V01-093,vulnerable groups,FT-A2015,FT-C-VULNERABILITY,vulnerability,FT-F14,harm_loss_consequences,EXECUTABLE_NGRAM,CONTEXT_REQUIRED,COMPATIBLE,True,Compatible exact string/phrase for unsmoothed public Ngram retrieval (current interface supports up to seven words).,"Fear of Temperature_ Stratified Lexical Expansion, Voice Mapping, and Semantic-Relational Pre-Valida.pdf",11,RECONSTRUCTED_FROM_REPORT,Google Books Ngram Viewer,eng,current English corpus (July 2024 dataset; public shorthand eng; mutable current corpus),1842,2022,0,True,2026-08-26T02:53:35Z,SUCCEEDED,181,data/fear-temperature/ngram/raw/c1c2349a76191b6ffd2a6c32c4dea78e0f8dec919502a5c3d1bfe00aad11a917.json,
FT-Q-V01-094,loss and damage,FT-A2015,FT-C-LOSS_AND_DAMAGE,loss and damage,FT-F14,harm_loss_consequences,EXECUTABLE_NGRAM,CLIMATE_SPECIFIC,COMPATIBLE,True,Compatible exact string/phrase for unsmoothed public Ngram retrieval (current interface supports up to seven words).,"Fear of Temperature_ Stratified Lexical Expansion, Voice Mapping, and Semantic-Relational Pre-Valida.pdf",11,RECONSTRUCTED_FROM_REPORT,Google Books Ngram Viewer,eng,current English corpus (July 2024 dataset; public shorthand eng; mutable current corpus),1842,2022,0,True,2026-08-26T02:53:35Z,SUCCEEDED,181,data/fear-temperature/ngram/raw/2a8f32859c14ca29219aef3fba343d7b66fdc9599f2050be8c5c3ae3c3caff20.json,
FT-Q-V01-095,extreme weather events,FT-A2015,FT-C-GENERIC_DAMAGE,generic damage,FT-F14,harm_loss_consequences,EXECUTABLE_NGRAM,CONTEXT_REQUIRED,COMPATIBLE,True,Compatible exact string/phrase for unsmoothed public Ngram retrieval (current interface supports up to seven words).,"Fear of Temperature_ Stratified Lexical Expansion, Voice Mapping, and Semantic-Relational Pre-Valida.pdf",11,RECONSTRUCTED_FROM_REPORT,Google Books Ngram Viewer,eng,current English corpus (July 2024 dataset; public shorthand eng; mutable current corpus),1842,2022,0,True,2026-08-26T02:53:35Z,SUCCEEDED,181,data/fear-temperature/ngram/raw/41ea78235d646a87a5662d877bdd2935cd19152295e4a22d8c9909ea0c9b64d1.json,
FT-Q-V01-096,slow onset events,FT-A2015,FT-C-GENERIC_DAMAGE,generic damage,FT-F14,harm_loss_consequences,EXECUTABLE_NGRAM,CONTEXT_REQUIRED,COMPATIBLE,True,Compatible exact string/phrase for unsmoothed public Ngram retrieval (current interface supports up to seven words).,"Fear of Temperature_ Stratified Lexical Expansion, Voice Mapping, and Semantic-Relational Pre-Valida.pdf",11,RECONSTRUCTED_FROM_REPORT,Google Books Ngram Viewer,eng,current English corpus (July 2024 dataset; public shorthand eng; mutable current corpus),1842,2022,0,True,2026-08-26T02:53:35Z,SUCCEEDED,181,data/fear-temperature/ngram/raw/5439fab30f12eefa137527403d8b5cd053c082ce42c62d8a7a910a9e8ddf7ada.json,
FT-Q-V01-097,risk of loss and damage,FT-A2015,FT-C-ADMINISTRATIVE_RISK_ASSESSMENT,administrative risk assessment,FT-F12,risk,EXECUTABLE_NGRAM,CONTEXT_REQUIRED,COMPATIBLE,True,Compatible exact string/phrase for unsmoothed public Ngram retrieval (current interface supports up to seven words).,"Fear of Temperature_ Stratified Lexical Expansion, Voice Mapping, and Semantic-Relational Pre-Valida.pdf",11,RECONSTRUCTED_FROM_REPORT,Google Books Ngram Viewer,eng,current English corpus (July 2024 dataset; public shorthand eng; mutable current corpus),1842,2022,0,True,2026-08-26T02:53:35Z,SUCCEEDED,181,data/fear-temperature/ngram/raw/b6bda48b4b592fbca5ae78c2cb683e73c7e0fff263baea2b4c915799da173acf.json,
FT-Q-V01-098,early warning systems,FT-A2015,FT-C-GENERIC_DAMAGE,generic damage,FT-F14,harm_loss_consequences,EXECUTABLE_NGRAM,CONTEXT_REQUIRED,COMPATIBLE,True,Compatible exact string/phrase for unsmoothed public Ngram retrieval (current interface supports up to seven words).,"Fear of Temperature_ Stratified Lexical Expansion, Voice Mapping, and Semantic-Relational Pre-Valida.pdf",11,RECONSTRUCTED_FROM_REPORT,Google Books Ngram Viewer,eng,current English corpus (July 2024 dataset; public shorthand eng; mutable current corpus),1842,2022,0,True,2026-08-26T02:53:35Z,SUCCEEDED,181,data/fear-temperature/ngram/raw/db7720e0093df08b9b566f8653346c9ee2ee9d6f76372c131ccb58cb8b5cbdc9.json,
FT-Q-V01-099,emergency preparedness,FT-A2015,FT-C-EMERGENCY_RESPONSE_CATEGORY,emergency response category,FT-F13,crisis_emergency,EXECUTABLE_NGRAM,CONTEXT_REQUIRED,COMPATIBLE,True,Compatible exact string/phrase for unsmoothed public Ngram retrieval (current interface supports up to seven words).,"Fear of Temperature_ Stratified Lexical Expansion, Voice Mapping, and Semantic-Relational Pre-Valida.pdf",11,RECONSTRUCTED_FROM_REPORT,Google Books Ngram Viewer,eng,current English corpus (July 2024 dataset; public shorthand eng; mutable current corpus),1842,2022,0,True,2026-08-26T02:53:35Z,SUCCEEDED,181,data/fear-temperature/ngram/raw/6b662c4eda6184bd92d9d0037f495d86d50dc584d45cc46a4545b53d474d2828.json,
FT-Q-V01-100,irreversible and permanent loss and damage,FT-A2015,FT-C-LOSS_AND_DAMAGE,loss and damage,FT-F14,harm_loss_consequences,EXECUTABLE_NGRAM,CONTEXT_REQUIRED,COMPATIBLE,True,Compatible exact string/phrase for unsmoothed public Ngram retrieval (current interface supports up to seven words).,"Fear of Temperature_ Stratified Lexical Expansion, Voice Mapping, and Semantic-Relational Pre-Valida.pdf",11,RECONSTRUCTED_FROM_REPORT,Google Books Ngram Viewer,eng,current English corpus (July 2024 dataset; public shorthand eng; mutable current corpus),1842,2022,0,True,2026-08-26T02:53:35Z,SUCCEEDED,181,data/fear-temperature/ngram/raw/0ef67b7c065caacb93d84434be0b418fa5d590360386c1b856d05e4d43e9bbfd.json,
FT-Q-V01-101,climate change,FT-A2022,FT-C-MODERN_CLIMATE_CHANGE,modern climate change,FT-F04,climate,EXECUTABLE_NGRAM,CLIMATE_SPECIFIC,COMPATIBLE,True,Compatible exact string/phrase for unsmoothed public Ngram retrieval (current interface supports up to seven words).,"Fear of Temperature_ Stratified Lexical Expansion, Voice Mapping, and Semantic-Relational Pre-Valida.pdf",12,RECONSTRUCTED_FROM_REPORT,Google Books Ngram Viewer,eng,current English corpus (July 2024 dataset; public shorthand eng; mutable current corpus),1842,2022,0,True,2026-08-26T02:53:35Z,SUCCEEDED,181,data/fear-temperature/ngram/raw/c0c3021f09dbdf3542c85e1a8bd4e013bd4d99d85af63bbd55f5e05a6a7ddd2b.json,
FT-Q-V01-102,global warming,FT-A2022,FT-C-GLOBAL_WARMING_ISSUE_LABEL,global warming as issue label,FT-F03,warming,EXECUTABLE_NGRAM,CLIMATE_SPECIFIC,COMPATIBLE,True,Compatible exact string/phrase for unsmoothed public Ngram retrieval (current interface supports up to seven words).,"Fear of Temperature_ Stratified Lexical Expansion, Voice Mapping, and Semantic-Relational Pre-Valida.pdf",12,RECONSTRUCTED_FROM_REPORT,Google Books Ngram Viewer,eng,current English corpus (July 2024 dataset; public shorthand eng; mutable current corpus),1842,2022,0,True,2026-08-26T02:53:35Z,SUCCEEDED,181,data/fear-temperature/ngram/raw/e982c3b5d6e77fc759f19bb2931d892bfaa9221ade4a44977579a8d5a8afab71.json,
FT-Q-V01-103,very worried,FT-A2022,FT-C-PARTICIPANT_WORRY_ENDORSEMENT,participant worry endorsement,FT-F07,worry,EXECUTABLE_NGRAM,CONTEXT_REQUIRED,COMPATIBLE,True,Compatible exact string/phrase for unsmoothed public Ngram retrieval (current interface supports up to seven words).,"Fear of Temperature_ Stratified Lexical Expansion, Voice Mapping, and Semantic-Relational Pre-Valida.pdf",12,RECONSTRUCTED_FROM_REPORT,Google Books Ngram Viewer,eng,current English corpus (July 2024 dataset; public shorthand eng; mutable current corpus),1842,2022,0,True,2026-08-26T02:53:35Z,SUCCEEDED,181,data/fear-temperature/ngram/raw/f526cd2f784872130404682caca300afe87335e50333313d2bc99fcd1c9e6323.json,
FT-Q-V01-104,somewhat worried,FT-A2022,FT-C-PARTICIPANT_WORRY_ENDORSEMENT,participant worry endorsement,FT-F07,worry,EXECUTABLE_NGRAM,CONTEXT_REQUIRED,COMPATIBLE,True,Compatible exact string/phrase for unsmoothed public Ngram retrieval (current interface supports up to seven words).,"Fear of Temperature_ Stratified Lexical Expansion, Voice Mapping, and Semantic-Relational Pre-Valida.pdf",12,RECONSTRUCTED_FROM_REPORT,Google Books Ngram Viewer,eng,current English corpus (July 2024 dataset; public shorthand eng; mutable current corpus),1842,2022,0,True,2026-08-26T02:53:35Z,SUCCEEDED,181,data/fear-temperature/ngram/raw/5acfc1306b3a13d5d65432940489e2b50940bd9a14347e9c6f374920fc2eeb52.json,
FT-Q-V01-105,afraid,FT-A2022,FT-C-PARTICIPANT_AFRAID_ENDORSEMENT,participant afraid endorsement,FT-F08,fear_afraid,BACKGROUND_AMBIGUOUS,BACKGROUND_AMBIGUOUS,COMPATIBLE,True,Compatible exact string/phrase for unsmoothed public Ngram retrieval (current interface supports up to seven words).,"Fear of Temperature_ Stratified Lexical Expansion, Voice Mapping, and Semantic-Relational Pre-Valida.pdf",12,RECONSTRUCTED_FROM_REPORT,Google Books Ngram Viewer,eng,current English corpus (July 2024 dataset; public shorthand eng; mutable current corpus),1842,2022,0,True,2026-08-26T02:53:35Z,SUCCEEDED,181,data/fear-temperature/ngram/raw/62c539c6f003ab8a35487500472daf71f2a80584f1fa1ea2da6aa2bce785ebb8.json,
FT-Q-V01-106,anxious,FT-A2022,FT-C-ANXIOUS_AFFECT,anxious affect,FT-F09,anxiety,EXECUTABLE_NGRAM,CONTEXT_REQUIRED,COMPATIBLE,True,Compatible exact string/phrase for unsmoothed public Ngram retrieval (current interface supports up to seven words).,"Fear of Temperature_ Stratified Lexical Expansion, Voice Mapping, and Semantic-Relational Pre-Valida.pdf",12,RECONSTRUCTED_FROM_REPORT,Google Books Ngram Viewer,eng,current English corpus (July 2024 dataset; public shorthand eng; mutable current corpus),1842,2022,0,True,2026-08-26T02:53:35Z,SUCCEEDED,181,data/fear-temperature/ngram/raw/2107eccb0485a4ca882ccf647c440758210c000f228ba9db9af26d8c66a765d7.json,
FT-Q-V01-107,hopeless,FT-A2022,FT-C-DEPRESSED_AFFECT,depressed affect,FT-F10,distress_depression,EXECUTABLE_NGRAM,CONTEXT_REQUIRED,COMPATIBLE,True,Compatible exact string/phrase for unsmoothed public Ngram retrieval (current interface supports up to seven words).,"Fear of Temperature_ Stratified Lexical Expansion, Voice Mapping, and Semantic-Relational Pre-Valida.pdf",12,RECONSTRUCTED_FROM_REPORT,Google Books Ngram Viewer,eng,current English corpus (July 2024 dataset; public shorthand eng; mutable current corpus),1842,2022,0,True,2026-08-26T02:53:35Z,SUCCEEDED,181,data/fear-temperature/ngram/raw/5e7eb5b7a08faad04d037212a71a6f31398290267b6855e9bb04c5f2cfe60f53.json,
FT-Q-V01-108,sad,FT-A2022,FT-C-DEPRESSED_AFFECT,depressed affect,FT-F10,distress_depression,EXECUTABLE_NGRAM,CONTEXT_REQUIRED,COMPATIBLE,True,Compatible exact string/phrase for unsmoothed public Ngram retrieval (current interface supports up to seven words).,"Fear of Temperature_ Stratified Lexical Expansion, Voice Mapping, and Semantic-Relational Pre-Valida.pdf",12,RECONSTRUCTED_FROM_REPORT,Google Books Ngram Viewer,eng,current English corpus (July 2024 dataset; public shorthand eng; mutable current corpus),1842,2022,0,True,2026-08-26T02:53:35Z,SUCCEEDED,181,data/fear-temperature/ngram/raw/953b2016da3c902bd89fed3fb5f48705d4ce54ad9ad3dd228629c0c4849f2491.json,
FT-Q-V01-109,angry,FT-A2022,FT-C-DEPRESSED_AFFECT,depressed affect,FT-F10,distress_depression,EXECUTABLE_NGRAM,CONTEXT_REQUIRED,COMPATIBLE,True,Compatible exact string/phrase for unsmoothed public Ngram retrieval (current interface supports up to seven words).,"Fear of Temperature_ Stratified Lexical Expansion, Voice Mapping, and Semantic-Relational Pre-Valida.pdf",13,RECONSTRUCTED_FROM_REPORT,Google Books Ngram Viewer,eng,current English corpus (July 2024 dataset; public shorthand eng; mutable current corpus),1842,2022,0,True,2026-08-26T02:53:35Z,SUCCEEDED,181,data/fear-temperature/ngram/raw/1cceb7003946894218df8f23071e2fba77be57b1ee95b996a43348a160450fbd.json,
FT-Q-V01-110,frustrated,FT-A2022,FT-C-DEPRESSED_AFFECT,depressed affect,FT-F10,distress_depression,EXECUTABLE_NGRAM,CONTEXT_REQUIRED,COMPATIBLE,True,Compatible exact string/phrase for unsmoothed public Ngram retrieval (current interface supports up to seven words).,"Fear of Temperature_ Stratified Lexical Expansion, Voice Mapping, and Semantic-Relational Pre-Valida.pdf",13,RECONSTRUCTED_FROM_REPORT,Google Books Ngram Viewer,eng,current English corpus (July 2024 dataset; public shorthand eng; mutable current corpus),1842,2022,0,True,2026-08-26T02:53:35Z,SUCCEEDED,181,data/fear-temperature/ngram/raw/9329bf8b3df7723e136f5cc98ba235a05dd2f56642d3399a06703f75d57157f7.json,
FT-Q-V01-111,hopeful,FT-A2022,FT-C-PERSONAL_CONCERN,personal concern,FT-F06,concern_alarm,EXECUTABLE_NGRAM,CONTEXT_REQUIRED,COMPATIBLE,True,Compatible exact string/phrase for unsmoothed public Ngram retrieval (current interface supports up to seven words).,"Fear of Temperature_ Stratified Lexical Expansion, Voice Mapping, and Semantic-Relational Pre-Valida.pdf",12,RECONSTRUCTED_FROM_REPORT,Google Books Ngram Viewer,eng,current English corpus (July 2024 dataset; public shorthand eng; mutable current corpus),1842,2022,0,True,2026-08-26T02:53:35Z,SUCCEEDED,181,data/fear-temperature/ngram/raw/ba6a435a485847d46be014c9428192105ae5255c0ad7a7e0783a223d028b671c.json,
FT-Q-V01-112,disgusted,FT-A2022,FT-C-DEPRESSED_AFFECT,depressed affect,FT-F10,distress_depression,EXECUTABLE_NGRAM,CONTEXT_REQUIRED,COMPATIBLE,True,Compatible exact string/phrase for unsmoothed public Ngram retrieval (current interface supports up to seven words).,"Fear of Temperature_ Stratified Lexical Expansion, Voice Mapping, and Semantic-Relational Pre-Valida.pdf",12,RECONSTRUCTED_FROM_REPORT,Google Books Ngram Viewer,eng,current English corpus (July 2024 dataset; public shorthand eng; mutable current corpus),1842,2022,0,True,2026-08-26T02:53:35Z,SUCCEEDED,181,data/fear-temperature/ngram/raw/f210204c4e717ccb60d443280a0631eb5726d577e81139674d3ac30bcd9f2998.json,
FT-Q-V01-113,outraged,FT-A2022,FT-C-DEPRESSED_AFFECT,depressed affect,FT-F10,distress_depression,EXECUTABLE_NGRAM,CONTEXT_REQUIRED,COMPATIBLE,True,Compatible exact string/phrase for unsmoothed public Ngram retrieval (current interface supports up to seven words).,"Fear of Temperature_ Stratified Lexical Expansion, Voice Mapping, and Semantic-Relational Pre-Valida.pdf",12,RECONSTRUCTED_FROM_REPORT,Google Books Ngram Viewer,eng,current English corpus (July 2024 dataset; public shorthand eng; mutable current corpus),1842,2022,0,True,2026-08-26T02:53:35Z,SUCCEEDED,181,data/fear-temperature/ngram/raw/f40285eec2f0032bdb5bfbc2c085fc4cadc9ba551a688c6439d3a5237ef977c7.json,
FT-Q-V01-114,depressed,FT-A2022,FT-C-DEPRESSED_AFFECT,depressed affect,FT-F10,distress_depression,BACKGROUND_AMBIGUOUS,BACKGROUND_AMBIGUOUS,COMPATIBLE,True,Compatible exact string/phrase for unsmoothed public Ngram retrieval (current interface supports up to seven words).,"Fear of Temperature_ Stratified Lexical Expansion, Voice Mapping, and Semantic-Relational Pre-Valida.pdf",12,RECONSTRUCTED_FROM_REPORT,Google Books Ngram Viewer,eng,current English corpus (July 2024 dataset; public shorthand eng; mutable current corpus),1842,2022,0,True,2026-08-26T02:53:35Z,SUCCEEDED,181,data/fear-temperature/ngram/raw/1e2c67caed74063005c91a921bdcebefacae62473cda222cb6b54f2d0f494115.json,
FT-Q-V01-115,symptoms of anxiety,FT-A2022,FT-C-ANXIETY_SYMPTOM_MEASURE,anxiety symptom measure,FT-F09,anxiety,EXECUTABLE_NGRAM,CONTEXT_REQUIRED,COMPATIBLE,True,Compatible exact string/phrase for unsmoothed public Ngram retrieval (current interface supports up to seven words).,"Fear of Temperature_ Stratified Lexical Expansion, Voice Mapping, and Semantic-Relational Pre-Valida.pdf",12,RECONSTRUCTED_FROM_REPORT,Google Books Ngram Viewer,eng,current English corpus (July 2024 dataset; public shorthand eng; mutable current corpus),1842,2022,0,True,2026-08-26T02:53:35Z,SUCCEEDED,181,data/fear-temperature/ngram/raw/1b1b0a9675ab8a7678713746fdd62646f8c5451626f2103eb483512a2277f6c7.json,
FT-Q-V01-116,climate anxiety,FT-A2022,FT-C-CLIMATE_ANXIETY_RESEARCH_CONSTRUCT,climate anxiety research construct,FT-F09,anxiety,EXECUTABLE_NGRAM,CLIMATE_SPECIFIC,COMPATIBLE,True,Compatible exact string/phrase for unsmoothed public Ngram retrieval (current interface supports up to seven words).,"Fear of Temperature_ Stratified Lexical Expansion, Voice Mapping, and Semantic-Relational Pre-Valida.pdf",12,RECONSTRUCTED_FROM_REPORT,Google Books Ngram Viewer,eng,current English corpus (July 2024 dataset; public shorthand eng; mutable current corpus),1842,2022,0,True,2026-08-26T02:53:35Z,SUCCEEDED,181,data/fear-temperature/ngram/raw/d00250b2ef40b968bd0aa5befdc2b2cb971793fb2c476d828ffc5ab3fab1830a.json,
FT-Q-V01-117,eco-anxiety,FT-A2022,FT-C-ECO_ANXIETY_RESEARCH_CONSTRUCT,eco-anxiety research construct,FT-F09,anxiety,EXECUTABLE_NGRAM,CLIMATE_SPECIFIC,COMPATIBLE,True,Compatible exact string/phrase for unsmoothed public Ngram retrieval (current interface supports up to seven words).,"Fear of Temperature_ Stratified Lexical Expansion, Voice Mapping, and Semantic-Relational Pre-Valida.pdf",12,RECONSTRUCTED_FROM_REPORT,Google Books Ngram Viewer,eng,current English corpus (July 2024 dataset; public shorthand eng; mutable current corpus),1842,2022,0,True,2026-08-26T02:53:35Z,SUCCEEDED,181,data/fear-temperature/ngram/raw/4dec744e176b02d5b58560cc5e870a26c6e15a00884d43da40bc682039cdf566.json,
FT-Q-V01-118,psychological distress,FT-A2022,FT-C-PSYCHOLOGICAL_DISTRESS,psychological distress,FT-F10,distress_depression,EXECUTABLE_NGRAM,CONTEXT_REQUIRED,COMPATIBLE,True,Compatible exact string/phrase for unsmoothed public Ngram retrieval (current interface supports up to seven words).,"Fear of Temperature_ Stratified Lexical Expansion, Voice Mapping, and Semantic-Relational Pre-Valida.pdf",12,RECONSTRUCTED_FROM_REPORT,Google Books Ngram Viewer,eng,current English corpus (July 2024 dataset; public shorthand eng; mutable current corpus),1842,2022,0,True,2026-08-26T02:53:35Z,SUCCEEDED,181,data/fear-temperature/ngram/raw/36dab6d94430baaff9d42a62e3c2af4716d35c6323cbc1f9c41cbd36969e7647.json,
FT-Q-V01-119,distress,FT-A2022,FT-C-PSYCHOLOGICAL_DISTRESS,psychological distress,FT-F10,distress_depression,BACKGROUND_AMBIGUOUS,BACKGROUND_AMBIGUOUS,COMPATIBLE,True,Compatible exact string/phrase for unsmoothed public Ngram retrieval (current interface supports up to seven words).,"Fear of Temperature_ Stratified Lexical Expansion, Voice Mapping, and Semantic-Relational Pre-Valida.pdf",13,RECONSTRUCTED_FROM_REPORT,Google Books Ngram Viewer,eng,current English corpus (July 2024 dataset; public shorthand eng; mutable current corpus),1842,2022,0,True,2026-08-26T02:53:35Z,SUCCEEDED,181,data/fear-temperature/ngram/raw/69a25d3b4abb2591bf0e8cc23730cd85d5e6133b29f60ddf50c84a4afc8a5d9a.json,
FT-Q-V01-120,powerlessness,FT-A2022,FT-C-DEPRESSED_AFFECT,depressed affect,FT-F10,distress_depression,EXECUTABLE_NGRAM,CONTEXT_REQUIRED,COMPATIBLE,True,Compatible exact string/phrase for unsmoothed public Ngram retrieval (current interface supports up to seven words).,"Fear of Temperature_ Stratified Lexical Expansion, Voice Mapping, and Semantic-Relational Pre-Valida.pdf",13,RECONSTRUCTED_FROM_REPORT,Google Books Ngram Viewer,eng,current English corpus (July 2024 dataset; public shorthand eng; mutable current corpus),1842,2022,0,True,2026-08-26T02:53:35Z,SUCCEEDED,181,data/fear-temperature/ngram/raw/3cf4985d3f59ca9bec554eac71523373ea46987c9f956c1e518194c8ba5701b4.json,
FT-Q-V01-121,climatic change,FT-A1938,FT-C-HISTORICAL_CLIMATIC_CHANGE,historical climatic change,FT-F04,climate,EXECUTABLE_NGRAM,CLIMATE_SPECIFIC,COMPATIBLE,True,Compatible exact string/phrase for unsmoothed public Ngram retrieval (current interface supports up to seven words).,"Fear of Temperature — Deep Research Round Two_ Historical Semantic Validation, Cross-Voice Relationa.pdf",14–17,RECONSTRUCTED_FROM_REPORT,Google Books Ngram Viewer,eng,current English corpus (July 2024 dataset; public shorthand eng; mutable current corpus),1842,2022,0,True,2026-08-26T02:53:35Z,SUCCEEDED,181,data/fear-temperature/ngram/raw/0a04941be5651b2bc9de7c1d97a1ec296ca7d83fbf14cbae1d4cb6dce5e31d80.json,
FT-Q-V01-122,climate system,FT-A0607,FT-C-CLIMATE_SYSTEM,climate system,FT-F04,climate,EXECUTABLE_NGRAM,CLIMATE_SPECIFIC,COMPATIBLE,True,Compatible exact string/phrase for unsmoothed public Ngram retrieval (current interface supports up to seven words).,"Fear of Temperature — Deep Research Round Two_ Historical Semantic Validation, Cross-Voice Relationa.pdf",14–17,RECONSTRUCTED_FROM_REPORT,Google Books Ngram Viewer,eng,current English corpus (July 2024 dataset; public shorthand eng; mutable current corpus),1842,2022,0,True,2026-08-26T02:53:35Z,SUCCEEDED,181,data/fear-temperature/ngram/raw/44123082f140b34693c19e6c204f15f36cbfab06a2fb516dea8b50cb69f5544f.json,
FT-Q-V01-123,climate crisis,FT-A2022,FT-C-CLIMATE_CRISIS_ISSUE_LABEL,climate crisis issue label,FT-F13,crisis_emergency,EXECUTABLE_NGRAM,CLIMATE_SPECIFIC,COMPATIBLE,True,Compatible exact string/phrase for unsmoothed public Ngram retrieval (current interface supports up to seven words).,"Fear of Temperature — Deep Research Round Two_ Historical Semantic Validation, Cross-Voice Relationa.pdf",14–17,RECONSTRUCTED_FROM_REPORT,Google Books Ngram Viewer,eng,current English corpus (July 2024 dataset; public shorthand eng; mutable current corpus),1842,2022,0,True,2026-08-26T02:53:35Z,SUCCEEDED,181,data/fear-temperature/ngram/raw/23354bc43bed6570702eab740469c8b00c388007e8cf69ff8fd38735d57ed065.json,
FT-Q-V01-124,climate emergency,FT-A2022,FT-C-CLIMATE_EMERGENCY_DECLARATION,climate emergency frame / declaration,FT-F13,crisis_emergency,EXECUTABLE_NGRAM,CLIMATE_SPECIFIC,COMPATIBLE,True,Compatible exact string/phrase for unsmoothed public Ngram retrieval (current interface supports up to seven words).,"Fear of Temperature — Deep Research Round Two_ Historical Semantic Validation, Cross-Voice Relationa.pdf",14–17,RECONSTRUCTED_FROM_REPORT,Google Books Ngram Viewer,eng,current English corpus (July 2024 dataset; public shorthand eng; mutable current corpus),1842,2022,0,True,2026-08-26T02:53:35Z,SUCCEEDED,181,data/fear-temperature/ngram/raw/3237c9c334be43668f3ba7cf3a2aa06f34c5080255b6e1461b714d92a123b591.json,
FT-Q-V01-125,heat,FT-A1842,FT-C-PHYSICAL_HEAT_STATE,physical heat source / state,FT-F02,heat,BACKGROUND_AMBIGUOUS,BACKGROUND_AMBIGUOUS,COMPATIBLE,True,Compatible exact string/phrase for unsmoothed public Ngram retrieval (current interface supports up to seven words).,"Fear of Temperature — Deep Research Round Two_ Historical Semantic Validation, Cross-Voice Relationa.pdf",14–17,RECONSTRUCTED_FROM_REPORT,Google Books Ngram Viewer,eng,current English corpus (July 2024 dataset; public shorthand eng; mutable current corpus),1842,2022,0,True,2026-08-26T02:53:35Z,SUCCEEDED,181,data/fear-temperature/ngram/raw/c4a2fddf7c4162769bbd0a82f12e004a6ee58ba1f0ff17f2b453dcf677494b07.json,
FT-Q-V01-126,extreme heat,FT-A2022,FT-C-EXTREME_HEAT_HAZARD,extreme-heat hazard,FT-F02,heat,EXECUTABLE_NGRAM,CLIMATE_SPECIFIC,COMPATIBLE,True,Compatible exact string/phrase for unsmoothed public Ngram retrieval (current interface supports up to seven words).,"Fear of Temperature — Deep Research Round Two_ Historical Semantic Validation, Cross-Voice Relationa.pdf",14–17,RECONSTRUCTED_FROM_REPORT,Google Books Ngram Viewer,eng,current English corpus (July 2024 dataset; public shorthand eng; mutable current corpus),1842,2022,0,True,2026-08-26T02:53:35Z,SUCCEEDED,181,data/fear-temperature/ngram/raw/f78acfa1d100e2ca03e0287a6e355eeb4633059fd59d841bf6e3f477f083c054.json,
FT-Q-V01-127,fear,FT-A2022,FT-C-DIRECT_FEAR,direct fear,FT-F08,fear_afraid,BACKGROUND_AMBIGUOUS,BACKGROUND_AMBIGUOUS,COMPATIBLE,True,Compatible exact string/phrase for unsmoothed public Ngram retrieval (current interface supports up to seven words).,"Fear of Temperature — Deep Research Round Two_ Historical Semantic Validation, Cross-Voice Relationa.pdf",14–17,RECONSTRUCTED_FROM_REPORT,Google Books Ngram Viewer,eng,current English corpus (July 2024 dataset; public shorthand eng; mutable current corpus),1842,2022,0,True,2026-08-26T02:53:35Z,SUCCEEDED,181,data/fear-temperature/ngram/raw/9a82a1e3ac136df19ab9c86fccf9b11d26bd9aa0af615506d9063f8b7db4b821.json,
FT-Q-V01-128,worry,FT-A0607,FT-C-SPONTANEOUS_WORRY,spontaneous worry,FT-F07,worry,BACKGROUND_AMBIGUOUS,BACKGROUND_AMBIGUOUS,COMPATIBLE,True,Compatible exact string/phrase for unsmoothed public Ngram retrieval (current interface supports up to seven words).,"Fear of Temperature — Deep Research Round Two_ Historical Semantic Validation, Cross-Voice Relationa.pdf",14–17,RECONSTRUCTED_FROM_REPORT,Google Books Ngram Viewer,eng,current English corpus (July 2024 dataset; public shorthand eng; mutable current corpus),1842,2022,0,True,2026-08-26T02:53:35Z,SUCCEEDED,181,data/fear-temperature/ngram/raw/a637a16642bc8126e12038a79352c7309b624c759631dc6fb805a314dd5f39ce.json,
FT-Q-V01-129,worried,FT-A0607,FT-C-SPONTANEOUS_WORRY,spontaneous worry,FT-F07,worry,BACKGROUND_AMBIGUOUS,BACKGROUND_AMBIGUOUS,COMPATIBLE,True,Compatible exact string/phrase for unsmoothed public Ngram retrieval (current interface supports up to seven words).,"Fear of Temperature — Deep Research Round Two_ Historical Semantic Validation, Cross-Voice Relationa.pdf",14–17,RECONSTRUCTED_FROM_REPORT,Google Books Ngram Viewer,eng,current English corpus (July 2024 dataset; public shorthand eng; mutable current corpus),1842,2022,0,True,2026-08-26T02:53:35Z,SUCCEEDED,181,data/fear-temperature/ngram/raw/663a933fc48043f250f90a98b66b006334ad658684ce96825d57307b8d52b76d.json,
FT-Q-V01-130,concern,FT-A2015,FT-C-PERSONAL_CONCERN,personal concern,FT-F06,concern_alarm,BACKGROUND_AMBIGUOUS,BACKGROUND_AMBIGUOUS,COMPATIBLE,True,Compatible exact string/phrase for unsmoothed public Ngram retrieval (current interface supports up to seven words).,"Fear of Temperature — Deep Research Round Two_ Historical Semantic Validation, Cross-Voice Relationa.pdf",14–17,RECONSTRUCTED_FROM_REPORT,Google Books Ngram Viewer,eng,current English corpus (July 2024 dataset; public shorthand eng; mutable current corpus),1842,2022,0,True,2026-08-26T02:53:35Z,SUCCEEDED,181,data/fear-temperature/ngram/raw/4643a1a18409e446a85be4d799f0377db1c82b28463617e3e93dfc9e103700e6.json,
FT-Q-V01-131,anxiety,FT-A2022,FT-C-ANXIOUS_AFFECT,anxious affect,FT-F09,anxiety,BACKGROUND_AMBIGUOUS,BACKGROUND_AMBIGUOUS,COMPATIBLE,True,Compatible exact string/phrase for unsmoothed public Ngram retrieval (current interface supports up to seven words).,"Fear of Temperature — Deep Research Round Two_ Historical Semantic Validation, Cross-Voice Relationa.pdf",14–17,RECONSTRUCTED_FROM_REPORT,Google Books Ngram Viewer,eng,current English corpus (July 2024 dataset; public shorthand eng; mutable current corpus),1842,2022,0,True,2026-08-26T02:53:35Z,SUCCEEDED,181,data/fear-temperature/ngram/raw/b9681b24d3f5a1319cae6436236bc0f5b64d75ea848bbbe2dbfc5b26c0042582.json,
FT-Q-V01-132,danger,FT-A0607,FT-C-HAZARD_EVALUATION,hazard evaluation,FT-F11,danger_threat,BACKGROUND_AMBIGUOUS,BACKGROUND_AMBIGUOUS,COMPATIBLE,True,Compatible exact string/phrase for unsmoothed public Ngram retrieval (current interface supports up to seven words).,"Fear of Temperature — Deep Research Round Two_ Historical Semantic Validation, Cross-Voice Relationa.pdf",14–17,RECONSTRUCTED_FROM_REPORT,Google Books Ngram Viewer,eng,current English corpus (July 2024 dataset; public shorthand eng; mutable current corpus),1842,2022,0,True,2026-08-26T02:53:35Z,SUCCEEDED,181,data/fear-temperature/ngram/raw/d1a6b726471d63c6003c4338e335ea4b6d0c7bf5b03bfb510d338867d19b8d4d.json,
FT-Q-V01-133,threat,FT-A1988,FT-C-INSTITUTIONAL_CLIMATE_THREAT,institutional climate threat,FT-F11,danger_threat,BACKGROUND_AMBIGUOUS,BACKGROUND_AMBIGUOUS,COMPATIBLE,True,Compatible exact string/phrase for unsmoothed public Ngram retrieval (current interface supports up to seven words).,"Fear of Temperature — Deep Research Round Two_ Historical Semantic Validation, Cross-Voice Relationa.pdf",14–17,RECONSTRUCTED_FROM_REPORT,Google Books Ngram Viewer,eng,current English corpus (July 2024 dataset; public shorthand eng; mutable current corpus),1842,2022,0,True,2026-08-26T02:53:35Z,SUCCEEDED,181,data/fear-temperature/ngram/raw/66e5485b36228b44bc5b3b9a522cc35739a50a73b1b41bb1439c84b0c452c1bb.json,
FT-Q-V01-134,risk,FT-A2015,FT-C-PROBABILISTIC_RISK,probabilistic risk,FT-F12,risk,BACKGROUND_AMBIGUOUS,BACKGROUND_AMBIGUOUS,COMPATIBLE,True,Compatible exact string/phrase for unsmoothed public Ngram retrieval (current interface supports up to seven words).,"Fear of Temperature — Deep Research Round Two_ Historical Semantic Validation, Cross-Voice Relationa.pdf",14–17,RECONSTRUCTED_FROM_REPORT,Google Books Ngram Viewer,eng,current English corpus (July 2024 dataset; public shorthand eng; mutable current corpus),1842,2022,0,True,2026-08-26T02:53:35Z,SUCCEEDED,181,data/fear-temperature/ngram/raw/a81a666e861de5f55d081039af6b25250d329cbe655211e018749975fe62522d.json,
FT-Q-V01-135,crisis,FT-A1988,FT-C-SEVERITY_CRISIS_PREDICATE,severity / crisis predicate,FT-F13,crisis_emergency,BACKGROUND_AMBIGUOUS,BACKGROUND_AMBIGUOUS,COMPATIBLE,True,Compatible exact string/phrase for unsmoothed public Ngram retrieval (current interface supports up to seven words).,"Fear of Temperature — Deep Research Round Two_ Historical Semantic Validation, Cross-Voice Relationa.pdf",14–17,RECONSTRUCTED_FROM_REPORT,Google Books Ngram Viewer,eng,current English corpus (July 2024 dataset; public shorthand eng; mutable current corpus),1842,2022,0,True,2026-08-26T02:53:35Z,SUCCEEDED,181,data/fear-temperature/ngram/raw/51f107a3bb3ac7010decceb94d2ae2bf077c7cdba099bdf39d277bd64b1a1a9e.json,
FT-Q-V01-136,emergency,FT-A2015,FT-C-EMERGENCY_RESPONSE_CATEGORY,emergency response category,FT-F13,crisis_emergency,BACKGROUND_AMBIGUOUS,BACKGROUND_AMBIGUOUS,COMPATIBLE,True,Compatible exact string/phrase for unsmoothed public Ngram retrieval (current interface supports up to seven words).,"Fear of Temperature — Deep Research Round Two_ Historical Semantic Validation, Cross-Voice Relationa.pdf",14–17,RECONSTRUCTED_FROM_REPORT,Google Books Ngram Viewer,eng,current English corpus (July 2024 dataset; public shorthand eng; mutable current corpus),1842,2022,0,True,2026-08-26T02:53:35Z,SUCCEEDED,181,data/fear-temperature/ngram/raw/c5162a664882434d77d4c5d3bffd7a896165ae13d26ba78263febba6d337d60e.json,
FT-Q-V01-137,mortality,FT-A2022,FT-C-MORTALITY,mortality,FT-F14,harm_loss_consequences,BACKGROUND_AMBIGUOUS,BACKGROUND_AMBIGUOUS,COMPATIBLE,True,Compatible exact string/phrase for unsmoothed public Ngram retrieval (current interface supports up to seven words).,"Fear of Temperature — Deep Research Round Two_ Historical Semantic Validation, Cross-Voice Relationa.pdf",14–17,RECONSTRUCTED_FROM_REPORT,Google Books Ngram Viewer,eng,current English corpus (July 2024 dataset; public shorthand eng; mutable current corpus),1842,2022,0,True,2026-08-26T02:53:35Z,SUCCEEDED,181,data/fear-temperature/ngram/raw/8e9bd7f9f8db93306a8194efc16e753c9591ba2cf84f600e436012188897e8db.json,
FT-Q-V01-138,heat of the irons,FT-A1842,FT-C-PHYSICAL_HEAT_STATE,physical heat source / state,FT-F02,heat,EXECUTABLE_NGRAM,CONTEXT_REQUIRED,COMPATIBLE,True,Compatible exact string/phrase for unsmoothed public Ngram retrieval (current interface supports up to seven words).,"Fear of Temperature_ Stratified Lexical Expansion, Voice Mapping, and Semantic-Relational Pre-Valida.pdf",6,RECONSTRUCTED_FROM_REPORT,Google Books Ngram Viewer,eng,current English corpus (July 2024 dataset; public shorthand eng; mutable current corpus),1842,2022,0,True,2026-08-26T02:53:35Z,SUCCEEDED,181,data/fear-temperature/ngram/raw/6e0dd6ba68158e1e452d6bca05216b6ea57e3abfb75c80405a05fbd06153ad7a.json,
FT-Q-V01-139,heat wave,FT-A1938,FT-C-HEATWAVE_WEATHER_EVENT,heatwave / weather event,FT-F02,heat,EXECUTABLE_NGRAM,CLIMATE_SPECIFIC,COMPATIBLE,True,Compatible exact string/phrase for unsmoothed public Ngram retrieval (current interface supports up to seven words).,"Fear of Temperature_ Stratified Lexical Expansion, Voice Mapping, and Semantic-Relational Pre-Valida.pdf",7,RECONSTRUCTED_FROM_REPORT,Google Books Ngram Viewer,eng,current English corpus (July 2024 dataset; public shorthand eng; mutable current corpus),1842,2022,0,True,2026-08-26T02:53:35Z,SUCCEEDED,181,data/fear-temperature/ngram/raw/306e212ec9cdb980f5e1f91f3e6734e7998c99820aa93fd4a8109533d1676f5a.json,
FT-Q-V01-140,grave threats,FT-A1988,FT-C-INSTITUTIONAL_CLIMATE_THREAT,institutional climate threat,FT-F11,danger_threat,EXECUTABLE_NGRAM,CONTEXT_REQUIRED,COMPATIBLE,True,Compatible exact string/phrase for unsmoothed public Ngram retrieval (current interface supports up to seven words).,"Fear of Temperature_ Stratified Lexical Expansion, Voice Mapping, and Semantic-Relational Pre-Valida.pdf",9,RECONSTRUCTED_FROM_REPORT,Google Books Ngram Viewer,eng,current English corpus (July 2024 dataset; public shorthand eng; mutable current corpus),1842,2022,0,True,2026-08-26T02:53:35Z,SUCCEEDED,181,data/fear-temperature/ngram/raw/199a2de4dde46b1f28e8d82214a736fd2943900d1124288ca73d431bc50f76b4.json,
FT-Q-V01-141,Be Worried. Be Very Worried.,FT-A0607,FT-C-PRESCRIBED_WORRY,prescribed worry,FT-F07,worry,EXECUTABLE_CORPUS_ONLY,CLIMATE_SPECIFIC,PUNCTUATION_HEAVY,False,"Sentence-level punctuation makes this a corpus-context rule, not an Ngram phrase.","Fear of Temperature_ Stratified Lexical Expansion, Voice Mapping, and Semantic-Relational Pre-Valida.pdf",10,RECONSTRUCTED_FROM_REPORT,Google Books Ngram Viewer,eng,current English corpus (July 2024 dataset; public shorthand eng; mutable current corpus),1842,2022,0,True,2026-08-26T02:53:35Z,NOT_RUN_INCOMPATIBLE,0,,"Sentence-level punctuation makes this a corpus-context rule, not an Ngram phrase."
FT-Q-V01-142,comprehensive risk assessment and management,FT-A2015,FT-C-ADMINISTRATIVE_RISK_ASSESSMENT,administrative risk assessment,FT-F12,risk,EXECUTABLE_NGRAM,CONTEXT_REQUIRED,COMPATIBLE,True,Compatible exact string/phrase for unsmoothed public Ngram retrieval (current interface supports up to seven words).,"Fear of Temperature_ Stratified Lexical Expansion, Voice Mapping, and Semantic-Relational Pre-Valida.pdf",11,RECONSTRUCTED_FROM_REPORT,Google Books Ngram Viewer,eng,current English corpus (July 2024 dataset; public shorthand eng; mutable current corpus),1842,2022,0,True,2026-08-26T02:53:35Z,SUCCEEDED,181,data/fear-temperature/ngram/raw/98133fcfa53e45c78d53cec796f58bcdaf049d4f7b7d689a9b32d8a79abe6afd.json,
FT-Q-V01-143,guilt,FT-A2022,FT-C-DEPRESSED_AFFECT,depressed affect,FT-F10,distress_depression,EXECUTABLE_NGRAM,CONTEXT_REQUIRED,COMPATIBLE,True,Compatible exact string/phrase for unsmoothed public Ngram retrieval (current interface supports up to seven words).,"Fear of Temperature_ Stratified Lexical Expansion, Voice Mapping, and Semantic-Relational Pre-Valida.pdf",12,RECONSTRUCTED_FROM_REPORT,Google Books Ngram Viewer,eng,current English corpus (July 2024 dataset; public shorthand eng; mutable current corpus),1842,2022,0,True,2026-08-26T02:53:35Z,SUCCEEDED,181,data/fear-temperature/ngram/raw/5b4a6bef176c04f9daabd6c22aca47c6b2abebd8c7e08193bc29846a6873320a.json,
