query_id,request_surface_form,execution_status,attempt_count,observation_count,first_response_ngram,raw_response_path,raw_payload_sha256,error_reason,retrieved_at,request_url,content_type
FT-Q-V01-001,temperature,SUCCEEDED,0,181,temperature (All),data/fear-temperature/ngram/raw/179a52b9336531c34b94ed0259d967ff017a402a8b91c8b496d5e31653598f08.json,7b1ac8fa84bb224c6710a58bfcebdfa405b91a35f16b0993dddc025192051e21,,2026-08-26T02:33:45Z,https://books.google.com/ngrams/json?content=temperature&year_start=1842&year_end=2022&corpus=eng&smoothing=0&case_insensitive=true,application/json (cached)
FT-Q-V01-002,mean temperature,SUCCEEDED,0,181,mean temperature (All),data/fear-temperature/ngram/raw/264e2d12fe20c5aa6284ae43253eabc03ec9e11aa2056afde9e77d33d8e97530.json,0d049bebf2e700224bc9339569434af87e3983662263462216b4b91cca41460d,,2026-08-26T02:33:46Z,https://books.google.com/ngrams/json?content=mean+temperature&year_start=1842&year_end=2022&corpus=eng&smoothing=0&case_insensitive=true,application/json (cached)
FT-Q-V01-003,temperature of the air in shade,SUCCEEDED,0,181,temperature of the air in shade,data/fear-temperature/ngram/raw/1524427f0c535f347e97e3332fb50571eca9bae9e865c6017848e2e009d95b39.json,250caa923d54487a5a3bc3708b3e20595f2a4f76a5b9c32eafd5ea9a114d410e,,2026-08-26T02:33:47Z,https://books.google.com/ngrams/json?content=temperature+of+the+air+in+shade&year_start=1842&year_end=2022&corpus=eng&smoothing=0&case_insensitive=true,application/json (cached)
FT-Q-V01-004,maximum temperature,SUCCEEDED,0,181,maximum temperature (All),data/fear-temperature/ngram/raw/9ef1e684d6470a99165d520c50c1782090e9e2db528fdf5e71f55f8f1d4f7ce2.json,28f029f228a6a5f33352648bfa6c4b4b1c052cd8d2099dc7b0a0edb3cf22a8bd,,2026-08-26T02:33:48Z,https://books.google.com/ngrams/json?content=maximum+temperature&year_start=1842&year_end=2022&corpus=eng&smoothing=0&case_insensitive=true,application/json (cached)
FT-Q-V01-005,minimum temperature,SUCCEEDED,0,181,minimum temperature (All),data/fear-temperature/ngram/raw/f32958ead9a4b7905bc78d007acd99b3363766a0ba25f1c363d262f5614f0be2.json,cb4937cf3c5e61cba23f17e6b3b008d1d901e8f46f706f8854c043ed5362a30f,,2026-08-26T02:33:49Z,https://books.google.com/ngrams/json?content=minimum+temperature&year_start=1842&year_end=2022&corpus=eng&smoothing=0&case_insensitive=true,application/json (cached)
FT-Q-V01-006,mean temperature of sea at surface,ZERO_RESULT,0,0,,data/fear-temperature/ngram/raw/3821c7b527e63ea16225f9ddeb9ceaf467e51e1486c0c84fca0bc5502dcf20d4.json,4f53cda18c2baa0c0354bb5f9a3ecbe5ed12ab4d8e11ba873c2f11161202b945,,2026-08-26T02:33:49Z,https://books.google.com/ngrams/json?content=mean+temperature+of+sea+at+surface&year_start=1842&year_end=2022&corpus=eng&smoothing=0&case_insensitive=true,application/json (cached)
FT-Q-V01-007,dew point,SUCCEEDED,0,181,dew point (All),data/fear-temperature/ngram/raw/4898435e13db75c393f88431adaa7c57e859e86e427c2a0c7f85ffed43c9489d.json,b9e4619dcf3e1a5a8ef4241db90057077bb2a84c43f8b339efefff04c99478ae,,2026-08-26T02:33:50Z,https://books.google.com/ngrams/json?content=dew+point&year_start=1842&year_end=2022&corpus=eng&smoothing=0&case_insensitive=true,application/json (cached)
FT-Q-V01-008,standard thermometer,SUCCEEDED,0,181,standard thermometer (All),data/fear-temperature/ngram/raw/1b5489f7c11dc47a84c822f25bba9106c5bb57ed260344f09cccb40c2a47e5ab.json,c1cfa95abfec15203a98da604e7f82af601f7015f3cc2da0ac62fe18e736fe0a,,2026-08-26T02:33:51Z,https://books.google.com/ngrams/json?content=standard+thermometer&year_start=1842&year_end=2022&corpus=eng&smoothing=0&case_insensitive=true,application/json (cached)
FT-Q-V01-009,attached thermometer,SUCCEEDED,0,181,attached thermometer (All),data/fear-temperature/ngram/raw/6a0588ceb7b0cd726403d59e6ae13eb6618e91f3b5f21baa3ed0fa972b12fdf6.json,59a1407d0cf2bd7a984e4b5daefd48fce43fdfda233e90f0e15253ccb38a5a1c,,2026-08-26T02:33:52Z,https://books.google.com/ngrams/json?content=attached+thermometer&year_start=1842&year_end=2022&corpus=eng&smoothing=0&case_insensitive=true,application/json (cached)
FT-Q-V01-010,dry bulb thermometer,SUCCEEDED,0,181,dry bulb thermometer (All),data/fear-temperature/ngram/raw/ccf7b062d1c1fa3d9074e3f27879fdf37eb632c5d285dd90fa3bbaaeca5e0586.json,8c09120e509519427381f873a7d0a9a62003137ee5ceba10bcaf908e05767047,,2026-08-26T02:33:53Z,https://books.google.com/ngrams/json?content=dry+bulb+thermometer&year_start=1842&year_end=2022&corpus=eng&smoothing=0&case_insensitive=true,application/json (cached)
FT-Q-V01-011,wet bulb thermometer,SUCCEEDED,0,181,wet bulb thermometer (All),data/fear-temperature/ngram/raw/39268f7b0edac2a3caeb7bce6236c526ab82e48a6b48cb0cc06bf5cf840cbe9a.json,d35055a0b9c6a637171bbd8239bfe1bc58480ec784c994c23cb833d3a9ad128e,,2026-08-26T02:33:54Z,https://books.google.com/ngrams/json?content=wet+bulb+thermometer&year_start=1842&year_end=2022&corpus=eng&smoothing=0&case_insensitive=true,application/json (cached)
FT-Q-V01-012,meteorological observations,SUCCEEDED,0,181,meteorological observations (All),data/fear-temperature/ngram/raw/32e5ce8ef7371cdbf27a5865c35c03777dcd78911b87337158ac77f129ae383f.json,0905be99bac63e06ac6c8e689f3bfbe505ac621dca092ce408faaf136cd061a7,,2026-08-26T02:33:55Z,https://books.google.com/ngrams/json?content=meteorological+observations&year_start=1842&year_end=2022&corpus=eng&smoothing=0&case_insensitive=true,application/json (cached)
FT-Q-V01-013,meteorological journal,SUCCEEDED,0,181,meteorological journal (All),data/fear-temperature/ngram/raw/e11a874b3aa528b4ca775a4792b211f9ae21d79d674027de8fdaf55138f5e246.json,13edc32ce4e15cc2ce6084d18fb145eef7b82ccb515d23a482a404e4b6411bb0,,2026-08-26T02:33:55Z,https://books.google.com/ngrams/json?content=meteorological+journal&year_start=1842&year_end=2022&corpus=eng&smoothing=0&case_insensitive=true,application/json (cached)
FT-Q-V01-014,weather,SUCCEEDED,0,181,weather (All),data/fear-temperature/ngram/raw/b1c235e1f9b54d9c47f30260c9750c598212bb32714ef6ab727ce897ed2fe408.json,81c3fdb4504f11cc591d1094b7f7e132e70acb0cb11aa2a35823019cf3ecc4d9,,2026-08-26T02:33:56Z,https://books.google.com/ngrams/json?content=weather&year_start=1842&year_end=2022&corpus=eng&smoothing=0&case_insensitive=true,application/json (cached)
FT-Q-V01-015,climate,SUCCEEDED,0,181,climate (All),data/fear-temperature/ngram/raw/15b0e51d7801a15c04a08d94fa0d6eafde8f1970a7229d0a666bcb7896395fae.json,497b1e86894d256ceba1b428edc7ff112ec189615241b53db1c94f3f850e6b68,,2026-08-26T02:33:57Z,https://books.google.com/ngrams/json?content=climate&year_start=1842&year_end=2022&corpus=eng&smoothing=0&case_insensitive=true,application/json (cached)
FT-Q-V01-016,sun's heat,ZERO_RESULT,0,0,,data/fear-temperature/ngram/raw/a5e0c6f662bea7df30da2af8d6f74cfa8d7e2db15acbb2556c3ecd3d4ba34a26.json,4f53cda18c2baa0c0354bb5f9a3ecbe5ed12ab4d8e11ba873c2f11161202b945,,2026-08-26T02:33:58Z,https://books.google.com/ngrams/json?content=sun%27s+heat&year_start=1842&year_end=2022&corpus=eng&smoothing=0&case_insensitive=true,application/json (cached)
FT-Q-V01-017,radiation of the heat,SUCCEEDED,0,181,radiation of the heat (All),data/fear-temperature/ngram/raw/b1d91453b664fdcc21e4e3d3431ebf93f214078ffc9208777f1b541cd6603b40.json,5b539f367ffe9914083998b2749e39e0b726e55e37756d5b8d0dbaf5c75df734,,2026-08-26T02:33:59Z,https://books.google.com/ngrams/json?content=radiation+of+the+heat&year_start=1842&year_end=2022&corpus=eng&smoothing=0&case_insensitive=true,application/json (cached)
FT-Q-V01-018,changes of temperature,SUCCEEDED,0,181,changes of temperature (All),data/fear-temperature/ngram/raw/e6b380a089b14610402078727599ceb65a1975ef78d3de6b2dc206afdbe3ddba.json,080dc94b39011e4da65776e12ece9845800098be171ee8c1b24afa91a751ea3b,,2026-08-26T02:34:00Z,https://books.google.com/ngrams/json?content=changes+of+temperature&year_start=1842&year_end=2022&corpus=eng&smoothing=0&case_insensitive=true,application/json (cached)
FT-Q-V01-019,excessive heat,SUCCEEDED,0,181,excessive heat (All),data/fear-temperature/ngram/raw/f7c0a10c571c1deb244f8aad5b8580355924bf82e62e8910fbf3e507732cb56e.json,cc8006ffcb3fe6076f98567d0d500509f3533b04ced7153830c62dfe297d0de3,,2026-08-26T02:34:00Z,https://books.google.com/ngrams/json?content=excessive+heat&year_start=1842&year_end=2022&corpus=eng&smoothing=0&case_insensitive=true,application/json (cached)
FT-Q-V01-020,heat of the men,SUCCEEDED,0,181,heat of the men,data/fear-temperature/ngram/raw/092dbc9916c5011136639ba399e86bd9ee47958643e7546a67c81d6201da72e9.json,85120697d4c2ec437cc3ea2a4c686fc42ab6389635aabd58bb86e2eb1fc84f24,,2026-08-26T02:34:01Z,https://books.google.com/ngrams/json?content=heat+of+the+men&year_start=1842&year_end=2022&corpus=eng&smoothing=0&case_insensitive=true,application/json (cached)
FT-Q-V01-021,artificial production of carbon dioxide,SUCCEEDED,0,181,artificial production of carbon dioxide (All),data/fear-temperature/ngram/raw/2070ecc01d91fb37ee4d7883be04c16d4a7880b3a2dff5f0827d4e72b3e577c0.json,f5423761dba07093eab528001d454329accbcbef9b6106139045774d51243ae4,,2026-08-26T02:34:02Z,https://books.google.com/ngrams/json?content=artificial+production+of+carbon+dioxide&year_start=1842&year_end=2022&corpus=eng&smoothing=0&case_insensitive=true,application/json (cached)
FT-Q-V01-022,carbon dioxide,SUCCEEDED,0,181,carbon dioxide (All),data/fear-temperature/ngram/raw/4cb80f44edde6549156066466a74bfc57366da8f1cf6ad90b5890db731dd8d38.json,48113e3d3205ec18e7a5090548a782b9e47ab9cba22c54d7740a706f13225f21,,2026-08-26T02:34:03Z,https://books.google.com/ngrams/json?content=carbon+dioxide&year_start=1842&year_end=2022&corpus=eng&smoothing=0&case_insensitive=true,application/json (cached)
FT-Q-V01-023,fuel combustion,SUCCEEDED,0,181,fuel combustion (All),data/fear-temperature/ngram/raw/12a8595c1716a3689b1352a631f6c4cb21fd6f97651228f8731d5c059da7ddcd.json,244ceafe1a112e8748b2a3cd2a6cabbfc3e2828f5f28f5778e8b3d81fb111dfd,,2026-08-26T02:34:04Z,https://books.google.com/ngrams/json?content=fuel+combustion&year_start=1842&year_end=2022&corpus=eng&smoothing=0&case_insensitive=true,application/json (cached)
FT-Q-V01-024,air,SUCCEEDED,0,181,air (All),data/fear-temperature/ngram/raw/d1d71646f7752f96d980c2569f429edc861dee3fe41954ab8819ae80ac484917.json,b0041edf36e3d95fedb2fe877b9a64ddc622b5166bb8bae9208f83dbb8b6f3e4,,2026-08-26T02:34:05Z,https://books.google.com/ngrams/json?content=air&year_start=1842&year_end=2022&corpus=eng&smoothing=0&case_insensitive=true,application/json (cached)
FT-Q-V01-025,atmosphere,SUCCEEDED,0,181,atmosphere (All),data/fear-temperature/ngram/raw/02abb1ffa0f647541454d9a403cb3fde6448b9c7ffe5a64372a582db79e9c276.json,01b831b06cfb1018234a37db43abc0667a82c36388beaf342b71cdf531d34577,,2026-08-26T02:34:06Z,https://books.google.com/ngrams/json?content=atmosphere&year_start=1842&year_end=2022&corpus=eng&smoothing=0&case_insensitive=true,application/json (cached)
FT-Q-V01-026,radiation absorption coefficients,SUCCEEDED,0,181,radiation absorption coefficients (All),data/fear-temperature/ngram/raw/2171601fde96b2bd2865c8be4c2da3ae797032f05534d51e6686631886ce7cdb.json,4aac3954e8bef6ac1877e3fef39fc9ddbabeef2b1e170714656bb83e2ce1e528,,2026-08-26T02:34:06Z,https://books.google.com/ngrams/json?content=radiation+absorption+coefficients&year_start=1842&year_end=2022&corpus=eng&smoothing=0&case_insensitive=true,application/json (cached)
FT-Q-V01-027,water vapour,SUCCEEDED,0,181,water vapour (All),data/fear-temperature/ngram/raw/f51ff51dc09cac2d8a00e7b237acf835741ce26e1efca30bbc7f9b4da5279a28.json,761aea14257443c413894e7eaf46e5946d911d1d4afab42642a6b38b7dd741a0,,2026-08-26T02:34:07Z,https://books.google.com/ngrams/json?content=water+vapour&year_start=1842&year_end=2022&corpus=eng&smoothing=0&case_insensitive=true,application/json (cached)
FT-Q-V01-028,sky radiation,SUCCEEDED,0,181,sky radiation (All),data/fear-temperature/ngram/raw/25f6f758b041c15280f5b78e2745bcaf174c736ac625ba6c8fa3f9e9b8acb3d0.json,cfb78a6207414f9558ad0aa06605126a2a33fe0f8bfdc3c0a25d33f4719c7920,,2026-08-26T02:34:08Z,https://books.google.com/ngrams/json?content=sky+radiation&year_start=1842&year_end=2022&corpus=eng&smoothing=0&case_insensitive=true,application/json (cached)
FT-Q-V01-029,increase in mean temperature,SUCCEEDED,0,181,increase in mean temperature (All),data/fear-temperature/ngram/raw/f17eca0292278251b17b3815a9781852804a5b948c3f6ebb56f9d678e7907143.json,3b8207f1add4405c93ce8330b8f2b7f87cd9c2ebcc226afc169d0f5482626786,,2026-08-26T02:34:09Z,https://books.google.com/ngrams/json?content=increase+in+mean+temperature&year_start=1842&year_end=2022&corpus=eng&smoothing=0&case_insensitive=true,application/json (cached)
FT-Q-V01-030,mean temperature,SUCCEEDED,0,181,mean temperature (All),data/fear-temperature/ngram/raw/264e2d12fe20c5aa6284ae43253eabc03ec9e11aa2056afde9e77d33d8e97530.json,0d049bebf2e700224bc9339569434af87e3983662263462216b4b91cca41460d,,2026-08-26T02:33:46Z,https://books.google.com/ngrams/json?content=mean+temperature&year_start=1842&year_end=2022&corpus=eng&smoothing=0&case_insensitive=true,application/json (cached)
FT-Q-V01-031,temperature observations,SUCCEEDED,0,181,temperature observations (All),data/fear-temperature/ngram/raw/66206e9216362147b860e1e6c3a8001945a83264107212b1c0f3c3d2fd551522.json,a865035ec64b9a084b3eb1b5db51b1366d21dba4ed9edfde4fe7236541c02e91,,2026-08-26T02:34:18Z,https://books.google.com/ngrams/json?content=temperature+observations&year_start=1842&year_end=2022&corpus=eng&smoothing=0&case_insensitive=true,application/json (cached)
FT-Q-V01-032,meteorological stations,SUCCEEDED,0,181,meteorological stations (All),data/fear-temperature/ngram/raw/e9d57e4d27daeaa5ff3a311226643238760265d483bb429b63cf1eaf703e26ff.json,f6e21222c0b563f3c5c13707a8c0d6677b89213285e3d5b51034e457dd2da382,,2026-08-26T02:34:19Z,https://books.google.com/ngrams/json?content=meteorological+stations&year_start=1842&year_end=2022&corpus=eng&smoothing=0&case_insensitive=true,application/json (cached)
FT-Q-V01-033,world temperatures,SUCCEEDED,0,181,world temperatures (All),data/fear-temperature/ngram/raw/c7e50063801250140864a7c772bbe06a1a5b4b6b0adaa4ccb81beedc0fdd8bbc.json,9d6bc09ea2864f6f77a071e5b53a862eb05ae205a31160769b0f0371128a0c11,,2026-08-26T02:34:20Z,https://books.google.com/ngrams/json?content=world+temperatures&year_start=1842&year_end=2022&corpus=eng&smoothing=0&case_insensitive=true,application/json (cached)
FT-Q-V01-034,actually increased,SUCCEEDED,0,181,actually increased (All),data/fear-temperature/ngram/raw/9167b97ea3895d8f249f2aa5de33317b397ec2743be4c95d3c595b1798795eb5.json,f0d3dc867797b40552e6f415e3058c20f810f218854efd8ede34ec4a4064a695,,2026-08-26T02:34:21Z,https://books.google.com/ngrams/json?content=actually+increased&year_start=1842&year_end=2022&corpus=eng&smoothing=0&case_insensitive=true,application/json (cached)
FT-Q-V01-035,average rate,SUCCEEDED,0,181,average rate (All),data/fear-temperature/ngram/raw/e427f2da752395cacbd7c32fdf3f8f75639075e807d2631a0c0fc4f137209b9f.json,2b17c381f626f175c184f79053b5b9cad2f1dd035e954ed8a1d93983f89fa8a8,,2026-08-26T02:34:22Z,https://books.google.com/ngrams/json?content=average+rate&year_start=1842&year_end=2022&corpus=eng&smoothing=0&case_insensitive=true,application/json (cached)
FT-Q-V01-036,small increases in mean temperature,ZERO_RESULT,0,0,,data/fear-temperature/ngram/raw/d6d0759da43a3f360d038f003e572d16c77ddbfc718996d3d12107850601cb5e.json,4f53cda18c2baa0c0354bb5f9a3ecbe5ed12ab4d8e11ba873c2f11161202b945,,2026-08-26T02:34:22Z,https://books.google.com/ngrams/json?content=small+increases+in+mean+temperature&year_start=1842&year_end=2022&corpus=eng&smoothing=0&case_insensitive=true,application/json (cached)
FT-Q-V01-037,deadly glaciers,SUCCEEDED,0,181,deadly glaciers,data/fear-temperature/ngram/raw/acd1c78d49da2b3a6c3ef64dbd5a9c1d23715156d453753d86190a592a0bf21f.json,4d3f95cda81f4c64bb3d91cd7c585ce3165ee2d0ae3bd7da22ced9606e4610dd,,2026-08-26T02:34:23Z,https://books.google.com/ngrams/json?content=deadly+glaciers&year_start=1842&year_end=2022&corpus=eng&smoothing=0&case_insensitive=true,application/json (cached)
FT-Q-V01-038,rather a coincidence,SUCCEEDED,0,181,rather a coincidence (All),data/fear-temperature/ngram/raw/bca4b0be62a4f63b3d0e7919b771c514c52a4bdc627ec3a3afe9095da1caf1ba.json,76256aa11332fa1c24234bbac1e01598b531efe888c20291cd31fc8d6d0af22f,,2026-08-26T02:34:24Z,https://books.google.com/ngrams/json?content=rather+a+coincidence&year_start=1842&year_end=2022&corpus=eng&smoothing=0&case_insensitive=true,application/json (cached)
FT-Q-V01-039,Hottest Day for Ten Years,ZERO_RESULT,0,0,,data/fear-temperature/ngram/raw/7c1cabc675b2da12af25d48ca83988bcbc1381ceee50bb7b5e8500626cbe9b00.json,4f53cda18c2baa0c0354bb5f9a3ecbe5ed12ab4d8e11ba873c2f11161202b945,,2026-08-26T02:34:25Z,https://books.google.com/ngrams/json?content=Hottest+Day+for+Ten+Years&year_start=1842&year_end=2022&corpus=eng&smoothing=0&case_insensitive=true,application/json (cached)
FT-Q-V01-040,Heat Wave Over Queensland,ZERO_RESULT,0,0,,data/fear-temperature/ngram/raw/ff4de47b36b0ffff4f03545db968f819af528c6de47ea4be4984876b37550a41.json,4f53cda18c2baa0c0354bb5f9a3ecbe5ed12ab4d8e11ba873c2f11161202b945,,2026-08-26T02:34:26Z,https://books.google.com/ngrams/json?content=Heat+Wave+Over+Queensland&year_start=1842&year_end=2022&corpus=eng&smoothing=0&case_insensitive=true,application/json (cached)
FT-Q-V01-041,greenhouse effect,SUCCEEDED,0,181,greenhouse effect (All),data/fear-temperature/ngram/raw/205959f263c8ae6824e66753a55df505e51b40905b28c4cb916bd1952aea4bdb.json,4286ccb83770f8e9550a4b862463947b8edb637081d5f43cfee319f9d7681262,,2026-08-26T02:34:26Z,https://books.google.com/ngrams/json?content=greenhouse+effect&year_start=1842&year_end=2022&corpus=eng&smoothing=0&case_insensitive=true,application/json (cached)
FT-Q-V01-042,global warming,SUCCEEDED,0,181,global warming (All),data/fear-temperature/ngram/raw/e982c3b5d6e77fc759f19bb2931d892bfaa9221ade4a44977579a8d5a8afab71.json,edd5437f92999c829c0fea3e5822ab6cb22f6b319b6eab7bc697d0dc4f6023f9,,2026-08-26T02:34:27Z,https://books.google.com/ngrams/json?content=global+warming&year_start=1842&year_end=2022&corpus=eng&smoothing=0&case_insensitive=true,application/json (cached)
FT-Q-V01-043,earth is warmer,SUCCEEDED,0,181,earth is warmer (All),data/fear-temperature/ngram/raw/ae93b0533e9e2ca24d879c60ebc4c416dc7f4834ae02aa0e97387d0fc291a9d5.json,f848a3f0be8780fa8aff8fc0d227d15ea0a131684e7a17dd3b76b346023ffffa,,2026-08-26T02:34:28Z,https://books.google.com/ngrams/json?content=earth+is+warmer&year_start=1842&year_end=2022&corpus=eng&smoothing=0&case_insensitive=true,application/json (cached)
FT-Q-V01-044,instrumental measurements,SUCCEEDED,0,181,instrumental measurements (All),data/fear-temperature/ngram/raw/c3041954c2284cf34bcd5a29020d6fdb5062957ed9d066a23d0fa6dec11d5477.json,614e6efe10364a6f0c4c0ad4f0a15603efe8de4e36f4312ead7fbfc5641c1d17,,2026-08-26T02:34:29Z,https://books.google.com/ngrams/json?content=instrumental+measurements&year_start=1842&year_end=2022&corpus=eng&smoothing=0&case_insensitive=true,application/json (cached)
FT-Q-V01-045,cause-and-effect relationship,SUCCEEDED,0,181,cause - and - effect relationship (All),data/fear-temperature/ngram/raw/e8efe8017919981d401ccd71f2302b528ff86d0e6a69149a56ed3d7dde862bfc.json,c29d507b2761f1c572bd9273b2544b9ddee587ffb7fc5070610c23817cdb85ed,,2026-08-26T02:34:30Z,https://books.google.com/ngrams/json?content=cause-and-effect+relationship&year_start=1842&year_end=2022&corpus=eng&smoothing=0&case_insensitive=true,application/json (cached)
FT-Q-V01-046,global temperature,SUCCEEDED,0,181,global temperature (All),data/fear-temperature/ngram/raw/9d665931c5878a5de16bd731767c2e6571f77c1eb6e01bf9fa50497db3ebbd93.json,dfccce7cf0455733d8ecdee75ed8daa3d838ba44face6a1a8e02e22ef16cebee,,2026-08-26T02:34:30Z,https://books.google.com/ngrams/json?content=global+temperature&year_start=1842&year_end=2022&corpus=eng&smoothing=0&case_insensitive=true,application/json (cached)
FT-Q-V01-047,regional heat waves,SUCCEEDED,0,181,regional heat waves (All),data/fear-temperature/ngram/raw/9937ebec5dbc305d8752f541539d2c1d1521c4688bdf38c7075d02cee934d6b0.json,c1f7b893ef7aa6e62187de96f33ead717ed46628217e2cddbdd7ac8874271d71,,2026-08-26T02:34:31Z,https://books.google.com/ngrams/json?content=regional+heat+waves&year_start=1842&year_end=2022&corpus=eng&smoothing=0&case_insensitive=true,application/json (cached)
FT-Q-V01-048,heat wave,SUCCEEDED,0,181,heat wave (All),data/fear-temperature/ngram/raw/306e212ec9cdb980f5e1f91f3e6734e7998c99820aa93fd4a8109533d1676f5a.json,2200e466cdeea1c919a9efd658599043ca1621d3175da78ab13e6b29984795b5,,2026-08-26T02:34:32Z,https://books.google.com/ngrams/json?content=heat+wave&year_start=1842&year_end=2022&corpus=eng&smoothing=0&case_insensitive=true,application/json (cached)
FT-Q-V01-049,drought,SUCCEEDED,0,181,drought (All),data/fear-temperature/ngram/raw/a3bdefd3e410e2b0f75ef6e82328b0b053a2b9a4d162237384d67e405f89fe96.json,7111144594039704bb360fddab4543676f02b68eeeb68174dac206fabbd85276,,2026-08-26T02:34:33Z,https://books.google.com/ngrams/json?content=drought&year_start=1842&year_end=2022&corpus=eng&smoothing=0&case_insensitive=true,application/json (cached)
FT-Q-V01-050,heat wave/drought occurrences,NOT_RUN_INCOMPATIBLE,0,0,,,,Slash construction is not a defensible isolated Ngram phrase.,,,
FT-Q-V01-051,extreme events,SUCCEEDED,0,181,extreme events (All),data/fear-temperature/ngram/raw/2f8cbf9b55aae32ec25fe5c485850b9461d5296a85a191304d2d582edd1a8448.json,ad5840b011a0912ecaf681cb30e88d3950dac4d8fcd25c82510abaaf728525b3,,2026-08-26T02:34:34Z,https://books.google.com/ngrams/json?content=extreme+events&year_start=1842&year_end=2022&corpus=eng&smoothing=0&case_insensitive=true,application/json (cached)
FT-Q-V01-052,global climate models,SUCCEEDED,0,181,global climate models (All),data/fear-temperature/ngram/raw/804d613b38ca8ff6fa01fb2e1f4e6d91e7b874a9e4472af082eb9e1155863731.json,b2c858df5d7dbe43967cc2a9f1c6d8038e498b18b37e6a7754e8d912b76c8686,,2026-08-26T02:34:34Z,https://books.google.com/ngrams/json?content=global+climate+models&year_start=1842&year_end=2022&corpus=eng&smoothing=0&case_insensitive=true,application/json (cached)
FT-Q-V01-053,global observations,SUCCEEDED,0,181,global observations (All),data/fear-temperature/ngram/raw/d002a730e85fdef3f5ec37960af0518814de2fb4a5adf229395a737b937a15d9.json,a82afdcd24b9816acfc44960d7262d4be1def3885e065d18c16e97d7de12b8de,,2026-08-26T02:34:35Z,https://books.google.com/ngrams/json?content=global+observations&year_start=1842&year_end=2022&corpus=eng&smoothing=0&case_insensitive=true,application/json (cached)
FT-Q-V01-054,warm air,SUCCEEDED,0,181,warm air (All),data/fear-temperature/ngram/raw/815c60311238a418153e263ec5d032bdb11f2ad98f6938675e0f2291e0d31283.json,e06b45e6e93b1d44a12b27ffc3aa6edb8cc5547b608631e5879b29270cb3f21d,,2026-08-26T02:34:36Z,https://books.google.com/ngrams/json?content=warm+air&year_start=1842&year_end=2022&corpus=eng&smoothing=0&case_insensitive=true,application/json (cached)
FT-Q-V01-055,changing atmosphere,SUCCEEDED,0,181,changing atmosphere (All),data/fear-temperature/ngram/raw/d85a605bd6ea660c1f4aa52a4a83b71832a460c045386101932b8aac3fb6f215.json,31a39f8cb024096a38cc401e55f642e5372e1f3746523f6714899f6de8fc5b47,,2026-08-26T02:34:37Z,https://books.google.com/ngrams/json?content=changing+atmosphere&year_start=1842&year_end=2022&corpus=eng&smoothing=0&case_insensitive=true,application/json (cached)
FT-Q-V01-056,global security,SUCCEEDED,0,181,global security (All),data/fear-temperature/ngram/raw/37f3c91b5bdb2434e5e7fbfc823d1f62804dd9a06082e829967508e3305f442f.json,40c340cadb5c19fbb7e4af9c4df80f4d671949496be1e4157721c7c6ed89cbaf,,2026-08-26T02:34:38Z,https://books.google.com/ngrams/json?content=global+security&year_start=1842&year_end=2022&corpus=eng&smoothing=0&case_insensitive=true,application/json (cached)
FT-Q-V01-057,climate warming,SUCCEEDED,0,181,climate warming (All),data/fear-temperature/ngram/raw/b007c4e4f28b0d91c852846fb12cbb9f19e181cbfebe2c7ad3081912a94fdef1.json,64f3ea2a95693e01b62353ae6f01b6dc48d197b5300fdba5f5ba37be9848235a,,2026-08-26T02:34:39Z,https://books.google.com/ngrams/json?content=climate+warming&year_start=1842&year_end=2022&corpus=eng&smoothing=0&case_insensitive=true,application/json (cached)
FT-Q-V01-058,changed climatic extremes,ZERO_RESULT,0,0,,data/fear-temperature/ngram/raw/e3c721797f491dbfd313d1ebf26dce903f725eee8b0becece08b3766489bec5e.json,4f53cda18c2baa0c0354bb5f9a3ecbe5ed12ab4d8e11ba873c2f11161202b945,,2026-08-26T02:34:40Z,https://books.google.com/ngrams/json?content=changed+climatic+extremes&year_start=1842&year_end=2022&corpus=eng&smoothing=0&case_insensitive=true,application/json (cached)
FT-Q-V01-059,major threat,SUCCEEDED,0,181,major threat (All),data/fear-temperature/ngram/raw/3852fb8c0602dd1dd7e82aede6ff96df951ae0ab14e8dff39d9436087f4b2d1e.json,75522bbfc20fa16dbf0791e33c6bf5c01b88ee0ed211777e3ccb4fb64780c903,,2026-08-26T02:34:41Z,https://books.google.com/ngrams/json?content=major+threat&year_start=1842&year_end=2022&corpus=eng&smoothing=0&case_insensitive=true,application/json (cached)
FT-Q-V01-060,harmful consequences,SUCCEEDED,0,181,harmful consequences (All),data/fear-temperature/ngram/raw/ca8b82883f6811093ecec7cb6aa37b2187c9c8705f722490a53620e189c7b504.json,0963b9881889fcc26999dd17bafb948569ea495660dc2b3a1e99698028c8242b,,2026-08-26T02:34:41Z,https://books.google.com/ngrams/json?content=harmful+consequences&year_start=1842&year_end=2022&corpus=eng&smoothing=0&case_insensitive=true,application/json (cached)
FT-Q-V01-061,warming of the climate system,SUCCEEDED,0,181,warming of the climate system (All),data/fear-temperature/ngram/raw/8dcf3248dddb111a1f30bab5b3545357d072f4605eedc0c49e65add20572aa70.json,6e96cf29b410ee27b3bd7c39ea8508de692f0e94b87248f664b9c39cb7645fba,,2026-08-26T02:34:42Z,https://books.google.com/ngrams/json?content=warming+of+the+climate+system&year_start=1842&year_end=2022&corpus=eng&smoothing=0&case_insensitive=true,application/json (cached)
FT-Q-V01-062,unequivocal,SUCCEEDED,0,181,unequivocal (All),data/fear-temperature/ngram/raw/589b222dcaad46517e9261b3de8c0a74d95549534dafe4e4c9401053bb014a0f.json,7800a7f4bcd0b09bb658bc653965495ebefdcf8d057631f1acb2e2746d5723af,,2026-08-26T02:34:51Z,https://books.google.com/ngrams/json?content=unequivocal&year_start=1842&year_end=2022&corpus=eng&smoothing=0&case_insensitive=true,application/json (cached)
FT-Q-V01-063,global average air and ocean temperatures,SUCCEEDED,0,181,global average air and ocean temperatures,data/fear-temperature/ngram/raw/f73af1ae45c262eb8a777b662382952c3959bd2b5435d50eb84ffa31953e7815.json,ecc6ac3c5c0c513120f22f13b54486d0855591b50660fb832c5cf6c08986a4d2,,2026-08-26T02:34:52Z,https://books.google.com/ngrams/json?content=global+average+air+and+ocean+temperatures&year_start=1842&year_end=2022&corpus=eng&smoothing=0&case_insensitive=true,application/json (cached)
FT-Q-V01-064,global surface temperature,SUCCEEDED,0,181,global surface temperature (All),data/fear-temperature/ngram/raw/0c509bcbc95a5c5d481b3d693eaf5548c14084450a9268d3c1f9640d9ccedf23.json,f8d387438c05441d2930497940e0e198dd1eddbc18e0688c5fa2f4f60fd733d1,,2026-08-26T02:34:53Z,https://books.google.com/ngrams/json?content=global+surface+temperature&year_start=1842&year_end=2022&corpus=eng&smoothing=0&case_insensitive=true,application/json (cached)
FT-Q-V01-065,temperature increase,SUCCEEDED,0,181,temperature increase (All),data/fear-temperature/ngram/raw/e6efba58d92f6e3c0b60cedfb131afc6f4d35abfc0f251f7d7b486284e4283e4.json,00c9723642a182ca6e365180d49ecc183f017932096d07681aced9b41a5d400f,,2026-08-26T02:34:54Z,https://books.google.com/ngrams/json?content=temperature+increase&year_start=1842&year_end=2022&corpus=eng&smoothing=0&case_insensitive=true,application/json (cached)
FT-Q-V01-066,rising global average sea level,SUCCEEDED,0,181,rising global average sea level,data/fear-temperature/ngram/raw/87718eb09b1ce320108dbcce3dd7b6faaf2c6f10134af590aa1e6d5c0f1f5363.json,fcc202b5ca670d2c82631d432d3656639876be2e5c7ecf4102191dae228ee2e9,,2026-08-26T02:34:54Z,https://books.google.com/ngrams/json?content=rising+global+average+sea+level&year_start=1842&year_end=2022&corpus=eng&smoothing=0&case_insensitive=true,application/json (cached)
FT-Q-V01-067,widespread melting of snow and ice,SUCCEEDED,0,181,widespread melting of snow and ice,data/fear-temperature/ngram/raw/806fa1b4d7e70879a062cfd1acba0fee5db80a00c9014f31015edfe13f8f81fa.json,c557bf5c0d1d86491aeec29fc8b84bfcc149ea2dc20e3334e342fa9fcde72618,,2026-08-26T02:34:55Z,https://books.google.com/ngrams/json?content=widespread+melting+of+snow+and+ice&year_start=1842&year_end=2022&corpus=eng&smoothing=0&case_insensitive=true,application/json (cached)
FT-Q-V01-068,anthropogenic CO₂,NOT_RUN_INCOMPATIBLE,0,0,,,,Degree/subscript notation is not queried as an isolated public-interface Ngram.,,,
FT-Q-V01-069,anthropogenic GHG emissions,SUCCEEDED,0,181,anthropogenic GHG emissions (All),data/fear-temperature/ngram/raw/914334e57db329f472c585240f860566f4453aba88a7a68d703eb2b8ba0b7e47.json,d721e9b11ff827f5408f78543bb5d474928d30128846e6f28ce0cbfb2c9511fd,,2026-08-26T02:34:56Z,https://books.google.com/ngrams/json?content=anthropogenic+GHG+emissions&year_start=1842&year_end=2022&corpus=eng&smoothing=0&case_insensitive=true,application/json (cached)
FT-Q-V01-070,climate change,SUCCEEDED,0,181,climate change (All),data/fear-temperature/ngram/raw/c0c3021f09dbdf3542c85e1a8bd4e013bd4d99d85af63bbd55f5e05a6a7ddd2b.json,f147d9b61eec9310d5a36c21ef68d14904b4782ed7663bc02178e865991f6aa6,,2026-08-26T02:34:57Z,https://books.google.com/ngrams/json?content=climate+change&year_start=1842&year_end=2022&corpus=eng&smoothing=0&case_insensitive=true,application/json (cached)
FT-Q-V01-071,global warming,SUCCEEDED,0,181,global warming (All),data/fear-temperature/ngram/raw/e982c3b5d6e77fc759f19bb2931d892bfaa9221ade4a44977579a8d5a8afab71.json,edd5437f92999c829c0fea3e5822ab6cb22f6b319b6eab7bc697d0dc4f6023f9,,2026-08-26T02:34:27Z,https://books.google.com/ngrams/json?content=global+warming&year_start=1842&year_end=2022&corpus=eng&smoothing=0&case_insensitive=true,application/json (cached)
FT-Q-V01-072,serious global threat,SUCCEEDED,0,181,serious global threat,data/fear-temperature/ngram/raw/5b32321ca744b813f5972199bf6100cca59a22ed8377107ee90f3439bdecbfa6.json,f3ee1bb3c2e96faa19207ed0d89c6c95080e4dfc4299d35742d8c4f9ab015f3e,,2026-08-26T02:34:58Z,https://books.google.com/ngrams/json?content=serious+global+threat&year_start=1842&year_end=2022&corpus=eng&smoothing=0&case_insensitive=true,application/json (cached)
FT-Q-V01-073,urgent global response,SUCCEEDED,0,181,urgent global response,data/fear-temperature/ngram/raw/2b3e1b1685a35825228a411e6215b23d8f9bb83c5a827b09d9abd02b86000899.json,9e0517e5492bebadc3f145f79a0769fa3244659c743f96d08c4b222bcf489975,,2026-08-26T02:34:58Z,https://books.google.com/ngrams/json?content=urgent+global+response&year_start=1842&year_end=2022&corpus=eng&smoothing=0&case_insensitive=true,application/json (cached)
FT-Q-V01-074,costs and risks of climate change,SUCCEEDED,0,181,costs and risks of climate change,data/fear-temperature/ngram/raw/8bd78b7ad15e9e48d2ac43434782eef178ec9ab9fe62373cb5361adae97daf18.json,dcb1385c951417cc4a644d7215574d8b2d857a68230b5eba73b48a7cb5b69f4f,,2026-08-26T02:34:59Z,https://books.google.com/ngrams/json?content=costs+and+risks+of+climate+change&year_start=1842&year_end=2022&corpus=eng&smoothing=0&case_insensitive=true,application/json (cached)
FT-Q-V01-075,impacts of climate change,SUCCEEDED,0,181,impacts of climate change (All),data/fear-temperature/ngram/raw/10edc30626c2300c5c7fd37f88b17289d17de5d55c5e717eb20c37a82770241c.json,44b635143823eb938cfa9be17f4d41975ecc1c7e4b3fd57c1a7d6f53975ed33d,,2026-08-26T02:35:00Z,https://books.google.com/ngrams/json?content=impacts+of+climate+change&year_start=1842&year_end=2022&corpus=eng&smoothing=0&case_insensitive=true,application/json (cached)
FT-Q-V01-076,damage,SUCCEEDED,0,181,damage (All),data/fear-temperature/ngram/raw/d01f41629ee6773134a211a7026f5208a1c2513b8707a3bed0900691e7c0f8c8.json,e2b6224da5004cdbd469f78455aff54e59c94bd58527d0541fb8346c5d45d622,,2026-08-26T02:35:01Z,https://books.google.com/ngrams/json?content=damage&year_start=1842&year_end=2022&corpus=eng&smoothing=0&case_insensitive=true,application/json (cached)
FT-Q-V01-077,hunger,SUCCEEDED,0,181,hunger (All),data/fear-temperature/ngram/raw/316db15cf9762a5992d3f01731d219bae77ccddd5b4e7b3a3624d6529956f51c.json,ca2b1f89311ada24ba36c7861d796bdde355cc9e275a0ba432cdcc4201c82a03,,2026-08-26T02:35:02Z,https://books.google.com/ngrams/json?content=hunger&year_start=1842&year_end=2022&corpus=eng&smoothing=0&case_insensitive=true,application/json (cached)
FT-Q-V01-078,water shortages,SUCCEEDED,0,181,water shortages (All),data/fear-temperature/ngram/raw/1efef2d790a347bb687eb3d223fce6047f4cbe50b45e07fb13a40f36a37a8053.json,8a02a93d01cdac26a5a26050052a7fa416ae298e799feb32a7e04ce748e1c9b2,,2026-08-26T02:35:02Z,https://books.google.com/ngrams/json?content=water+shortages&year_start=1842&year_end=2022&corpus=eng&smoothing=0&case_insensitive=true,application/json (cached)
FT-Q-V01-079,coastal flooding,SUCCEEDED,0,181,coastal flooding (All),data/fear-temperature/ngram/raw/52bfa613753c4eadca65ad755383bb46d16281d2f73bd1c629782b94ca7ca635.json,afd0afb4ad590b0b562d7c9eaf9ec1a042f698a5f73224a04d449cc9af4849cf,,2026-08-26T02:35:03Z,https://books.google.com/ngrams/json?content=coastal+flooding&year_start=1842&year_end=2022&corpus=eng&smoothing=0&case_insensitive=true,application/json (cached)
FT-Q-V01-080,worst impacts,SUCCEEDED,0,181,worst impacts (All),data/fear-temperature/ngram/raw/ef191d5d6d10d37fbddf1313d24b7921544ca0578b9663de780c6b926ed9497b.json,c81f1acf5f8312c53ed5cd0b2b4a024d4dfdaa50768e6ccf9f35b7ba63cfd959,,2026-08-26T02:35:04Z,https://books.google.com/ngrams/json?content=worst+impacts&year_start=1842&year_end=2022&corpus=eng&smoothing=0&case_insensitive=true,application/json (cached)
FT-Q-V01-081,climate change,SUCCEEDED,0,181,climate change (All),data/fear-temperature/ngram/raw/c0c3021f09dbdf3542c85e1a8bd4e013bd4d99d85af63bbd55f5e05a6a7ddd2b.json,f147d9b61eec9310d5a36c21ef68d14904b4782ed7663bc02178e865991f6aa6,,2026-08-26T02:34:57Z,https://books.google.com/ngrams/json?content=climate+change&year_start=1842&year_end=2022&corpus=eng&smoothing=0&case_insensitive=true,application/json (cached)
FT-Q-V01-082,threat of climate change,SUCCEEDED,0,181,threat of climate change (All),data/fear-temperature/ngram/raw/80f335fb2f081618fb98e644333ac39d4ab1da3118610e2c37f4c52eaba6f01e.json,4d3e308400740f2f45205ec13300cc268f5273c9661c773904bc082b92df5747,,2026-08-26T02:35:05Z,https://books.google.com/ngrams/json?content=threat+of+climate+change&year_start=1842&year_end=2022&corpus=eng&smoothing=0&case_insensitive=true,application/json (cached)
FT-Q-V01-083,global average temperature,SUCCEEDED,0,181,global average temperature (All),data/fear-temperature/ngram/raw/fec10abcfbf0091d0548b70a06317daaadc5fc16f753d8243a75bd2e1dbbcb94.json,0117d142a11216609a781a08a4a9de2b558452c187b6875846db292dd9d75016,,2026-08-26T02:35:06Z,https://books.google.com/ngrams/json?content=global+average+temperature&year_start=1842&year_end=2022&corpus=eng&smoothing=0&case_insensitive=true,application/json (cached)
FT-Q-V01-084,well below 2°C above pre-industrial levels,NOT_RUN_INCOMPATIBLE,0,0,,,,Degree/subscript notation is not queried as an isolated public-interface Ngram.,,,
FT-Q-V01-085,1.5°C above pre-industrial levels,NOT_RUN_INCOMPATIBLE,0,0,,,,Degree/subscript notation is not queried as an isolated public-interface Ngram.,,,
FT-Q-V01-086,pre-industrial levels,SUCCEEDED,0,181,pre - industrial levels (All),data/fear-temperature/ngram/raw/2881b2893bb9f90b34c6b55e69b178f175071000fb539d5b087f62591c3d0923.json,ec9e2888d07942e45c2fe376fa89cf72b9fb858a4ba564af2cc26c8a06c546a2,,2026-08-26T02:35:07Z,https://books.google.com/ngrams/json?content=pre-industrial+levels&year_start=1842&year_end=2022&corpus=eng&smoothing=0&case_insensitive=true,application/json (cached)
FT-Q-V01-087,risks and impacts,SUCCEEDED,0,181,risks and impacts (All),data/fear-temperature/ngram/raw/f2eee010d3ab2ac253dad16e8a988ee29a535b3f9fd3c70274c871172742c1fa.json,73692f4f2f2cdc5ac3af9de33c28590f08ed8a8f3f42fac6ad08df8071aee3bf,,2026-08-26T02:35:07Z,https://books.google.com/ngrams/json?content=risks+and+impacts&year_start=1842&year_end=2022&corpus=eng&smoothing=0&case_insensitive=true,application/json (cached)
FT-Q-V01-088,adverse impacts,SUCCEEDED,0,181,adverse impacts (All),data/fear-temperature/ngram/raw/ca32195a736f01bebb286362f731491393c9174f8b7dda50446f400cf3ec81ea.json,9ec283d996fd291327672247b273c3d7c75ea2f1e8156fb54cebadc8edbf5234,,2026-08-26T02:35:08Z,https://books.google.com/ngrams/json?content=adverse+impacts&year_start=1842&year_end=2022&corpus=eng&smoothing=0&case_insensitive=true,application/json (cached)
FT-Q-V01-089,adverse effects of climate change,SUCCEEDED,0,181,adverse effects of climate change (All),data/fear-temperature/ngram/raw/6cd471adbfc5a4ba1c140cf1b0bb66ae2800dcb64e4a80dc1708e81d2b1e0278.json,c4d134f0b6e57ad77f407369e5a1702d717b12ee1ab313d9c30aba26ad52ae0b,,2026-08-26T02:35:09Z,https://books.google.com/ngrams/json?content=adverse+effects+of+climate+change&year_start=1842&year_end=2022&corpus=eng&smoothing=0&case_insensitive=true,application/json (cached)
FT-Q-V01-090,greenhouse gas emissions,SUCCEEDED,0,181,greenhouse gas emissions (All),data/fear-temperature/ngram/raw/76b11e33a5bc00d4a70cd7cd5a433e1f985ce44395b87f40f95baf9a424ebb9f.json,6677cd747d4f32472ebe8d57bd2e11f1e1e8a0a6b6c2a0539182477e9edf4c47,,2026-08-26T02:35:10Z,https://books.google.com/ngrams/json?content=greenhouse+gas+emissions&year_start=1842&year_end=2022&corpus=eng&smoothing=0&case_insensitive=true,application/json (cached)
FT-Q-V01-091,climate resilience,SUCCEEDED,0,181,climate resilience (All),data/fear-temperature/ngram/raw/92704c26947e3df5352fb6efc8254b2c45a554c7aeacf18289357f8535c68963.json,766bd2cb6b1915713f93365c1fe976a8f1da310ba9adf37066ef4158f0c31dc1,,2026-08-26T02:35:11Z,https://books.google.com/ngrams/json?content=climate+resilience&year_start=1842&year_end=2022&corpus=eng&smoothing=0&case_insensitive=true,application/json (cached)
FT-Q-V01-092,vulnerability,SUCCEEDED,0,181,vulnerability (All),data/fear-temperature/ngram/raw/e3aaf62677c5b9972e9e9767131d1c45ead25c9c6ac869d7f84391f12e762596.json,b563cc63ba587ba13a5237f0980afedd88fc1bce39788d39bb9fa6f8c257137b,,2026-08-26T02:35:12Z,https://books.google.com/ngrams/json?content=vulnerability&year_start=1842&year_end=2022&corpus=eng&smoothing=0&case_insensitive=true,application/json (cached)
FT-Q-V01-093,vulnerable groups,SUCCEEDED,0,181,vulnerable groups (All),data/fear-temperature/ngram/raw/c1c2349a76191b6ffd2a6c32c4dea78e0f8dec919502a5c3d1bfe00aad11a917.json,4f0a135c9d244b22c6fb17eb2ffa9768d7f02c9fc5b82b39990add84188686fc,,2026-08-26T02:35:12Z,https://books.google.com/ngrams/json?content=vulnerable+groups&year_start=1842&year_end=2022&corpus=eng&smoothing=0&case_insensitive=true,application/json (cached)
FT-Q-V01-094,loss and damage,SUCCEEDED,0,181,loss and damage (All),data/fear-temperature/ngram/raw/2a8f32859c14ca29219aef3fba343d7b66fdc9599f2050be8c5c3ae3c3caff20.json,f1df54152d54f224c3e657cd7f64a26b8c47d1cc61b8096d52807847e3900a5e,,2026-08-26T02:35:13Z,https://books.google.com/ngrams/json?content=loss+and+damage&year_start=1842&year_end=2022&corpus=eng&smoothing=0&case_insensitive=true,application/json (cached)
FT-Q-V01-095,extreme weather events,SUCCEEDED,0,181,extreme weather events (All),data/fear-temperature/ngram/raw/41ea78235d646a87a5662d877bdd2935cd19152295e4a22d8c9909ea0c9b64d1.json,f394ef9e4b9dbbb66ea6d52997da1132bb58a657a07a128feaa84b93da42ecc1,,2026-08-26T02:35:14Z,https://books.google.com/ngrams/json?content=extreme+weather+events&year_start=1842&year_end=2022&corpus=eng&smoothing=0&case_insensitive=true,application/json (cached)
FT-Q-V01-096,slow onset events,SUCCEEDED,0,181,slow onset events (All),data/fear-temperature/ngram/raw/5439fab30f12eefa137527403d8b5cd053c082ce42c62d8a7a910a9e8ddf7ada.json,5ad637c1f97d8dabf3c7258b5d8cb33d9debd5e381048f09b697da8780110704,,2026-08-26T02:35:15Z,https://books.google.com/ngrams/json?content=slow+onset+events&year_start=1842&year_end=2022&corpus=eng&smoothing=0&case_insensitive=true,application/json (cached)
FT-Q-V01-097,risk of loss and damage,SUCCEEDED,0,181,risk of loss and damage (All),data/fear-temperature/ngram/raw/b6bda48b4b592fbca5ae78c2cb683e73c7e0fff263baea2b4c915799da173acf.json,7a4cbeb7aca87ec900892d352108eb2b644716a82bec4a894e57c170ad1d1ca9,,2026-08-26T02:35:24Z,https://books.google.com/ngrams/json?content=risk+of+loss+and+damage&year_start=1842&year_end=2022&corpus=eng&smoothing=0&case_insensitive=true,application/json (cached)
FT-Q-V01-098,early warning systems,SUCCEEDED,0,181,early warning systems (All),data/fear-temperature/ngram/raw/db7720e0093df08b9b566f8653346c9ee2ee9d6f76372c131ccb58cb8b5cbdc9.json,919a0cbd0ff74812cbaaa0b3c4eb71fed09f21c3c48ca5e0c3bb959e772bfcf8,,2026-08-26T02:35:25Z,https://books.google.com/ngrams/json?content=early+warning+systems&year_start=1842&year_end=2022&corpus=eng&smoothing=0&case_insensitive=true,application/json (cached)
FT-Q-V01-099,emergency preparedness,SUCCEEDED,0,181,emergency preparedness (All),data/fear-temperature/ngram/raw/6b662c4eda6184bd92d9d0037f495d86d50dc584d45cc46a4545b53d474d2828.json,149c501b29017a73b237ab26cd30fe0ff42a9f7338678e6eba4e40a9d11558a7,,2026-08-26T02:35:26Z,https://books.google.com/ngrams/json?content=emergency+preparedness&year_start=1842&year_end=2022&corpus=eng&smoothing=0&case_insensitive=true,application/json (cached)
FT-Q-V01-100,irreversible and permanent loss and damage,SUCCEEDED,0,181,irreversible and permanent loss and damage,data/fear-temperature/ngram/raw/0ef67b7c065caacb93d84434be0b418fa5d590360386c1b856d05e4d43e9bbfd.json,be8a86c84a720f4e7bef8683b9e984b88bb8833c1cb7d464a56dfbe16478cf7a,,2026-08-26T02:35:27Z,https://books.google.com/ngrams/json?content=irreversible+and+permanent+loss+and+damage&year_start=1842&year_end=2022&corpus=eng&smoothing=0&case_insensitive=true,application/json (cached)
FT-Q-V01-101,climate change,SUCCEEDED,0,181,climate change (All),data/fear-temperature/ngram/raw/c0c3021f09dbdf3542c85e1a8bd4e013bd4d99d85af63bbd55f5e05a6a7ddd2b.json,f147d9b61eec9310d5a36c21ef68d14904b4782ed7663bc02178e865991f6aa6,,2026-08-26T02:34:57Z,https://books.google.com/ngrams/json?content=climate+change&year_start=1842&year_end=2022&corpus=eng&smoothing=0&case_insensitive=true,application/json (cached)
FT-Q-V01-102,global warming,SUCCEEDED,0,181,global warming (All),data/fear-temperature/ngram/raw/e982c3b5d6e77fc759f19bb2931d892bfaa9221ade4a44977579a8d5a8afab71.json,edd5437f92999c829c0fea3e5822ab6cb22f6b319b6eab7bc697d0dc4f6023f9,,2026-08-26T02:34:27Z,https://books.google.com/ngrams/json?content=global+warming&year_start=1842&year_end=2022&corpus=eng&smoothing=0&case_insensitive=true,application/json (cached)
FT-Q-V01-103,very worried,SUCCEEDED,0,181,very worried (All),data/fear-temperature/ngram/raw/f526cd2f784872130404682caca300afe87335e50333313d2bc99fcd1c9e6323.json,c4e356dda2574c2271551a62700781713d69099b10808f5c3bfec13fd90daf25,,2026-08-26T02:35:28Z,https://books.google.com/ngrams/json?content=very+worried&year_start=1842&year_end=2022&corpus=eng&smoothing=0&case_insensitive=true,application/json (cached)
FT-Q-V01-104,somewhat worried,SUCCEEDED,0,181,somewhat worried (All),data/fear-temperature/ngram/raw/5acfc1306b3a13d5d65432940489e2b50940bd9a14347e9c6f374920fc2eeb52.json,54918ea3d9f4743416885098238b4075b9ca4d1f92cda82f176c53f72be64531,,2026-08-26T02:35:29Z,https://books.google.com/ngrams/json?content=somewhat+worried&year_start=1842&year_end=2022&corpus=eng&smoothing=0&case_insensitive=true,application/json (cached)
FT-Q-V01-105,afraid,SUCCEEDED,0,181,afraid (All),data/fear-temperature/ngram/raw/62c539c6f003ab8a35487500472daf71f2a80584f1fa1ea2da6aa2bce785ebb8.json,a561bb7c3888410601291c825c2eac285f641ce232c3cadbb9f1c6bc310513c1,,2026-08-26T02:35:29Z,https://books.google.com/ngrams/json?content=afraid&year_start=1842&year_end=2022&corpus=eng&smoothing=0&case_insensitive=true,application/json (cached)
FT-Q-V01-106,anxious,SUCCEEDED,0,181,anxious (All),data/fear-temperature/ngram/raw/2107eccb0485a4ca882ccf647c440758210c000f228ba9db9af26d8c66a765d7.json,8a5c18afa3a1c5955f5e941356beb5f222867dce0a548678b52af9634f05ae55,,2026-08-26T02:35:30Z,https://books.google.com/ngrams/json?content=anxious&year_start=1842&year_end=2022&corpus=eng&smoothing=0&case_insensitive=true,application/json (cached)
FT-Q-V01-107,hopeless,SUCCEEDED,0,181,hopeless (All),data/fear-temperature/ngram/raw/5e7eb5b7a08faad04d037212a71a6f31398290267b6855e9bb04c5f2cfe60f53.json,7e5ae9cf5f0782a5d56f3d2aa57ae13f25360fc2f6bcb4b4630fe252005fe55d,,2026-08-26T02:35:31Z,https://books.google.com/ngrams/json?content=hopeless&year_start=1842&year_end=2022&corpus=eng&smoothing=0&case_insensitive=true,application/json (cached)
FT-Q-V01-108,sad,SUCCEEDED,0,181,sad (All),data/fear-temperature/ngram/raw/953b2016da3c902bd89fed3fb5f48705d4ce54ad9ad3dd228629c0c4849f2491.json,c30500f7eb80e2502c998d410900c93f34da285d9d396f5e4f9918d564ea5c5d,,2026-08-26T02:35:32Z,https://books.google.com/ngrams/json?content=sad&year_start=1842&year_end=2022&corpus=eng&smoothing=0&case_insensitive=true,application/json (cached)
FT-Q-V01-109,angry,SUCCEEDED,0,181,angry (All),data/fear-temperature/ngram/raw/1cceb7003946894218df8f23071e2fba77be57b1ee95b996a43348a160450fbd.json,bef8ea13ec5d967c104296f9a9037e4816a823266d3884c3cfebb5fff3c8cf99,,2026-08-26T02:35:33Z,https://books.google.com/ngrams/json?content=angry&year_start=1842&year_end=2022&corpus=eng&smoothing=0&case_insensitive=true,application/json (cached)
FT-Q-V01-110,frustrated,SUCCEEDED,0,181,frustrated (All),data/fear-temperature/ngram/raw/9329bf8b3df7723e136f5cc98ba235a05dd2f56642d3399a06703f75d57157f7.json,ad1854c64054f95e587dfc3e8d96327496f51152e76fb63a8eb5001631e983b8,,2026-08-26T02:35:34Z,https://books.google.com/ngrams/json?content=frustrated&year_start=1842&year_end=2022&corpus=eng&smoothing=0&case_insensitive=true,application/json (cached)
FT-Q-V01-111,hopeful,SUCCEEDED,0,181,hopeful (All),data/fear-temperature/ngram/raw/ba6a435a485847d46be014c9428192105ae5255c0ad7a7e0783a223d028b671c.json,580836dec9b8558397ee0ce9ff542c10603a10288fc5e38f1bddaffa3623cf36,,2026-08-26T02:35:35Z,https://books.google.com/ngrams/json?content=hopeful&year_start=1842&year_end=2022&corpus=eng&smoothing=0&case_insensitive=true,application/json (cached)
FT-Q-V01-112,disgusted,SUCCEEDED,0,181,disgusted (All),data/fear-temperature/ngram/raw/f210204c4e717ccb60d443280a0631eb5726d577e81139674d3ac30bcd9f2998.json,3949b235472d1bdde358b672f2de0d59d66343d3c583183ea7b2e92b7c714994,,2026-08-26T02:35:35Z,https://books.google.com/ngrams/json?content=disgusted&year_start=1842&year_end=2022&corpus=eng&smoothing=0&case_insensitive=true,application/json (cached)
FT-Q-V01-113,outraged,SUCCEEDED,0,181,outraged (All),data/fear-temperature/ngram/raw/f40285eec2f0032bdb5bfbc2c085fc4cadc9ba551a688c6439d3a5237ef977c7.json,f97ea344d73e4e87abb2dd140214ba4d93a98685966bf5ad866214509611c202,,2026-08-26T02:35:36Z,https://books.google.com/ngrams/json?content=outraged&year_start=1842&year_end=2022&corpus=eng&smoothing=0&case_insensitive=true,application/json (cached)
FT-Q-V01-114,depressed,SUCCEEDED,0,181,depressed (All),data/fear-temperature/ngram/raw/1e2c67caed74063005c91a921bdcebefacae62473cda222cb6b54f2d0f494115.json,860a27b58656abacadd7f50714c6c413d59b394853cc7f8c215e856ba2b0bb07,,2026-08-26T02:35:37Z,https://books.google.com/ngrams/json?content=depressed&year_start=1842&year_end=2022&corpus=eng&smoothing=0&case_insensitive=true,application/json (cached)
FT-Q-V01-115,symptoms of anxiety,SUCCEEDED,0,181,symptoms of anxiety (All),data/fear-temperature/ngram/raw/1b1b0a9675ab8a7678713746fdd62646f8c5451626f2103eb483512a2277f6c7.json,a249df571965d071ee8e8c0b2ea3e065f28289cb6f34bba1630bd55da3f95d84,,2026-08-26T02:35:38Z,https://books.google.com/ngrams/json?content=symptoms+of+anxiety&year_start=1842&year_end=2022&corpus=eng&smoothing=0&case_insensitive=true,application/json (cached)
FT-Q-V01-116,climate anxiety,SUCCEEDED,0,181,climate anxiety (All),data/fear-temperature/ngram/raw/d00250b2ef40b968bd0aa5befdc2b2cb971793fb2c476d828ffc5ab3fab1830a.json,4bfe5a3b9d7ed748ae188b0946b31c1056933757c12a370c99a1beb82275c00c,,2026-08-26T02:35:38Z,https://books.google.com/ngrams/json?content=climate+anxiety&year_start=1842&year_end=2022&corpus=eng&smoothing=0&case_insensitive=true,application/json (cached)
FT-Q-V01-117,eco-anxiety,SUCCEEDED,0,181,eco - anxiety (All),data/fear-temperature/ngram/raw/4dec744e176b02d5b58560cc5e870a26c6e15a00884d43da40bc682039cdf566.json,f6763b45b1506c0270b0f32d40a486756757632c62b09198e837f8fdfd1885b1,,2026-08-26T02:35:39Z,https://books.google.com/ngrams/json?content=eco-anxiety&year_start=1842&year_end=2022&corpus=eng&smoothing=0&case_insensitive=true,application/json (cached)
FT-Q-V01-118,psychological distress,SUCCEEDED,0,181,psychological distress (All),data/fear-temperature/ngram/raw/36dab6d94430baaff9d42a62e3c2af4716d35c6323cbc1f9c41cbd36969e7647.json,12a3ab979e0d1a4235f6ff4bb5fda2da51208d378281955e44b8bb57d3cf99e6,,2026-08-26T02:35:40Z,https://books.google.com/ngrams/json?content=psychological+distress&year_start=1842&year_end=2022&corpus=eng&smoothing=0&case_insensitive=true,application/json (cached)
FT-Q-V01-119,distress,SUCCEEDED,0,181,distress (All),data/fear-temperature/ngram/raw/69a25d3b4abb2591bf0e8cc23730cd85d5e6133b29f60ddf50c84a4afc8a5d9a.json,f05d358ad9a129a9d964930bfee0941fa34aaaa056d9215a25cb4d2372c95d01,,2026-08-26T02:35:41Z,https://books.google.com/ngrams/json?content=distress&year_start=1842&year_end=2022&corpus=eng&smoothing=0&case_insensitive=true,application/json (cached)
FT-Q-V01-120,powerlessness,SUCCEEDED,0,181,powerlessness (All),data/fear-temperature/ngram/raw/3cf4985d3f59ca9bec554eac71523373ea46987c9f956c1e518194c8ba5701b4.json,deb1e89de6282e8d96786b75226f8ccca53555e1f70f743d6021c137c7cd0512,,2026-08-26T02:35:41Z,https://books.google.com/ngrams/json?content=powerlessness&year_start=1842&year_end=2022&corpus=eng&smoothing=0&case_insensitive=true,application/json (cached)
FT-Q-V01-121,climatic change,SUCCEEDED,0,181,climatic change (All),data/fear-temperature/ngram/raw/0a04941be5651b2bc9de7c1d97a1ec296ca7d83fbf14cbae1d4cb6dce5e31d80.json,d7902abbc080f4d2003d5f1a590f735baa3506f990d5c6b1c2d156f0cbd926e2,,2026-08-26T02:35:42Z,https://books.google.com/ngrams/json?content=climatic+change&year_start=1842&year_end=2022&corpus=eng&smoothing=0&case_insensitive=true,application/json (cached)
FT-Q-V01-122,climate system,SUCCEEDED,0,181,climate system (All),data/fear-temperature/ngram/raw/44123082f140b34693c19e6c204f15f36cbfab06a2fb516dea8b50cb69f5544f.json,f05a5e3324ef7e65b80d502af737cc0cf691fd70170359c91a05aa14d593d8a4,,2026-08-26T02:35:43Z,https://books.google.com/ngrams/json?content=climate+system&year_start=1842&year_end=2022&corpus=eng&smoothing=0&case_insensitive=true,application/json (cached)
FT-Q-V01-123,climate crisis,SUCCEEDED,0,181,climate crisis (All),data/fear-temperature/ngram/raw/23354bc43bed6570702eab740469c8b00c388007e8cf69ff8fd38735d57ed065.json,6482a18b04148e0058b499b2ea480b7ceb14738d3dc486f8f5f6821bd85f433e,,2026-08-26T02:35:44Z,https://books.google.com/ngrams/json?content=climate+crisis&year_start=1842&year_end=2022&corpus=eng&smoothing=0&case_insensitive=true,application/json (cached)
FT-Q-V01-124,climate emergency,SUCCEEDED,0,181,climate emergency (All),data/fear-temperature/ngram/raw/3237c9c334be43668f3ba7cf3a2aa06f34c5080255b6e1461b714d92a123b591.json,7c2eeb3c644ac32eb5a37cb902c6614c6b5fff18114c5a78c55e650cae9c6555,,2026-08-26T02:35:44Z,https://books.google.com/ngrams/json?content=climate+emergency&year_start=1842&year_end=2022&corpus=eng&smoothing=0&case_insensitive=true,application/json (cached)
FT-Q-V01-125,heat,SUCCEEDED,0,181,heat (All),data/fear-temperature/ngram/raw/c4a2fddf7c4162769bbd0a82f12e004a6ee58ba1f0ff17f2b453dcf677494b07.json,bbae9861c8d54e6c725641b44c46d68a518371c40032563a1e52f08023071d17,,2026-08-26T02:35:45Z,https://books.google.com/ngrams/json?content=heat&year_start=1842&year_end=2022&corpus=eng&smoothing=0&case_insensitive=true,application/json (cached)
FT-Q-V01-126,extreme heat,SUCCEEDED,0,181,extreme heat (All),data/fear-temperature/ngram/raw/f78acfa1d100e2ca03e0287a6e355eeb4633059fd59d841bf6e3f477f083c054.json,7dd3950bffce17c14d781cfcb69963ee14d12337f5acf8ab8706bd558107c6e3,,2026-08-26T02:35:46Z,https://books.google.com/ngrams/json?content=extreme+heat&year_start=1842&year_end=2022&corpus=eng&smoothing=0&case_insensitive=true,application/json (cached)
FT-Q-V01-127,fear,SUCCEEDED,0,181,fear (All),data/fear-temperature/ngram/raw/9a82a1e3ac136df19ab9c86fccf9b11d26bd9aa0af615506d9063f8b7db4b821.json,939e4006e0b2f39121a9e87f232305c7e7c3df2ae1f1f74acd4eac2d5eda483b,,2026-08-26T02:35:46Z,https://books.google.com/ngrams/json?content=fear&year_start=1842&year_end=2022&corpus=eng&smoothing=0&case_insensitive=true,application/json (cached)
FT-Q-V01-128,worry,SUCCEEDED,0,181,worry (All),data/fear-temperature/ngram/raw/a637a16642bc8126e12038a79352c7309b624c759631dc6fb805a314dd5f39ce.json,e8e9eb06e8b2781b870574383589fe60889c166d75f085b10920885aaf3603de,,2026-08-26T02:35:47Z,https://books.google.com/ngrams/json?content=worry&year_start=1842&year_end=2022&corpus=eng&smoothing=0&case_insensitive=true,application/json (cached)
FT-Q-V01-129,worried,SUCCEEDED,0,181,worried (All),data/fear-temperature/ngram/raw/663a933fc48043f250f90a98b66b006334ad658684ce96825d57307b8d52b76d.json,4eb0b82ba6fa0a3cf1243842ca78ee01374ee5df5052ad6c2de9971bfec56251,,2026-08-26T02:35:56Z,https://books.google.com/ngrams/json?content=worried&year_start=1842&year_end=2022&corpus=eng&smoothing=0&case_insensitive=true,application/json (cached)
FT-Q-V01-130,concern,SUCCEEDED,0,181,concern (All),data/fear-temperature/ngram/raw/4643a1a18409e446a85be4d799f0377db1c82b28463617e3e93dfc9e103700e6.json,86759331e2f1559211c82990d4bb396d4c809519fe0ab47d1a733aa373b986f6,,2026-08-26T02:35:57Z,https://books.google.com/ngrams/json?content=concern&year_start=1842&year_end=2022&corpus=eng&smoothing=0&case_insensitive=true,application/json (cached)
FT-Q-V01-131,anxiety,SUCCEEDED,0,181,anxiety (All),data/fear-temperature/ngram/raw/b9681b24d3f5a1319cae6436236bc0f5b64d75ea848bbbe2dbfc5b26c0042582.json,9cb6b1d35dff3151fa282cfee0f1c44107cc306f301075e9570f15b27cfc5005,,2026-08-26T02:35:57Z,https://books.google.com/ngrams/json?content=anxiety&year_start=1842&year_end=2022&corpus=eng&smoothing=0&case_insensitive=true,application/json (cached)
FT-Q-V01-132,danger,SUCCEEDED,0,181,danger (All),data/fear-temperature/ngram/raw/d1a6b726471d63c6003c4338e335ea4b6d0c7bf5b03bfb510d338867d19b8d4d.json,2798643f29a502d3ac9f4d9ee18afc1c63a61d3462775d430bd667cbd935deb8,,2026-08-26T02:35:58Z,https://books.google.com/ngrams/json?content=danger&year_start=1842&year_end=2022&corpus=eng&smoothing=0&case_insensitive=true,application/json (cached)
FT-Q-V01-133,threat,SUCCEEDED,0,181,threat (All),data/fear-temperature/ngram/raw/66e5485b36228b44bc5b3b9a522cc35739a50a73b1b41bb1439c84b0c452c1bb.json,d4e9a09fe712913bb38c9f904d163f0a87c3210a5f00e39de622e3a963854923,,2026-08-26T02:35:59Z,https://books.google.com/ngrams/json?content=threat&year_start=1842&year_end=2022&corpus=eng&smoothing=0&case_insensitive=true,application/json (cached)
FT-Q-V01-134,risk,SUCCEEDED,0,181,risk (All),data/fear-temperature/ngram/raw/a81a666e861de5f55d081039af6b25250d329cbe655211e018749975fe62522d.json,168c859c89970fd061e22f7559c0116c0e7d9fc506abe53de55011c8f38e484c,,2026-08-26T02:36:00Z,https://books.google.com/ngrams/json?content=risk&year_start=1842&year_end=2022&corpus=eng&smoothing=0&case_insensitive=true,application/json (cached)
FT-Q-V01-135,crisis,SUCCEEDED,0,181,crisis (All),data/fear-temperature/ngram/raw/51f107a3bb3ac7010decceb94d2ae2bf077c7cdba099bdf39d277bd64b1a1a9e.json,eef50ec5ab4384c575d09c91f3c82ab9369fb467df37b33e738f7fd377e8e1cd,,2026-08-26T02:36:00Z,https://books.google.com/ngrams/json?content=crisis&year_start=1842&year_end=2022&corpus=eng&smoothing=0&case_insensitive=true,application/json (cached)
FT-Q-V01-136,emergency,SUCCEEDED,0,181,emergency (All),data/fear-temperature/ngram/raw/c5162a664882434d77d4c5d3bffd7a896165ae13d26ba78263febba6d337d60e.json,968f2fe32e398ed2870e5565b7c3721b7cd995b428e55bf57a0c4c7d82449020,,2026-08-26T02:36:01Z,https://books.google.com/ngrams/json?content=emergency&year_start=1842&year_end=2022&corpus=eng&smoothing=0&case_insensitive=true,application/json (cached)
FT-Q-V01-137,mortality,SUCCEEDED,0,181,mortality (All),data/fear-temperature/ngram/raw/8e9bd7f9f8db93306a8194efc16e753c9591ba2cf84f600e436012188897e8db.json,ccda095640e21dcd5c4c9df8006327a78909f3c8c290489ecac073a6876582f9,,2026-08-26T02:36:02Z,https://books.google.com/ngrams/json?content=mortality&year_start=1842&year_end=2022&corpus=eng&smoothing=0&case_insensitive=true,application/json (cached)
FT-Q-V01-138,heat of the irons,SUCCEEDED,0,181,heat of the irons,data/fear-temperature/ngram/raw/6e0dd6ba68158e1e452d6bca05216b6ea57e3abfb75c80405a05fbd06153ad7a.json,e70f9af32f32152fad7f01517ef4f74bdf5469052a7d7518898e532344180515,,2026-08-26T02:36:03Z,https://books.google.com/ngrams/json?content=heat+of+the+irons&year_start=1842&year_end=2022&corpus=eng&smoothing=0&case_insensitive=true,application/json (cached)
FT-Q-V01-139,heat wave,SUCCEEDED,0,181,heat wave (All),data/fear-temperature/ngram/raw/306e212ec9cdb980f5e1f91f3e6734e7998c99820aa93fd4a8109533d1676f5a.json,2200e466cdeea1c919a9efd658599043ca1621d3175da78ab13e6b29984795b5,,2026-08-26T02:34:32Z,https://books.google.com/ngrams/json?content=heat+wave&year_start=1842&year_end=2022&corpus=eng&smoothing=0&case_insensitive=true,application/json (cached)
FT-Q-V01-140,grave threats,SUCCEEDED,0,181,grave threats (All),data/fear-temperature/ngram/raw/199a2de4dde46b1f28e8d82214a736fd2943900d1124288ca73d431bc50f76b4.json,8d4655588a182f997bbb8205967ddb29f2cbdeef3114c2c0b348af4282c5198a,,2026-08-26T02:36:04Z,https://books.google.com/ngrams/json?content=grave+threats&year_start=1842&year_end=2022&corpus=eng&smoothing=0&case_insensitive=true,application/json (cached)
FT-Q-V01-141,Be Worried. Be Very Worried.,NOT_RUN_INCOMPATIBLE,0,0,,,,"Sentence-level punctuation makes this a corpus-context rule, not an Ngram phrase.",,,
FT-Q-V01-142,comprehensive risk assessment and management,SUCCEEDED,0,181,comprehensive risk assessment and management (All),data/fear-temperature/ngram/raw/98133fcfa53e45c78d53cec796f58bcdaf049d4f7b7d689a9b32d8a79abe6afd.json,148c6f17b3b5559f195af99bb9bc120439f5e7798335a76ec6e15b12c1b592a9,,2026-08-26T02:36:05Z,https://books.google.com/ngrams/json?content=comprehensive+risk+assessment+and+management&year_start=1842&year_end=2022&corpus=eng&smoothing=0&case_insensitive=true,application/json (cached)
FT-Q-V01-143,guilt,SUCCEEDED,0,181,guilt (All),data/fear-temperature/ngram/raw/5b4a6bef176c04f9daabd6c22aca47c6b2abebd8c7e08193bc29846a6873320a.json,07717c3535ccb7abacd2ec31041b02f16bfe9f8f020853938c5ee04674893ff0,,2026-08-26T02:36:05Z,https://books.google.com/ngrams/json?content=guilt&year_start=1842&year_end=2022&corpus=eng&smoothing=0&case_insensitive=true,application/json (cached)
