query_id,surface_form,family,1842_contextual_mean,1842_contextual_median,1842_contextual_maximum,1938_contextual_mean,1938_contextual_median,1938_contextual_maximum,1988_contextual_mean,1988_contextual_median,1988_contextual_maximum,2006_07_contextual_mean,2006_07_contextual_median,2006_07_contextual_maximum,2015_contextual_mean,2015_contextual_median,2015_contextual_maximum,2022_contextual_mean,2022_contextual_median,2022_contextual_maximum
FT-Q-V01-001,temperature,temperature_threshold,3.556259241623005e-05,3.529720518158364e-05,3.969042568030545e-05,9.734126570980633e-05,9.735008271904988e-05,0.0001075987250857835,0.0001416853556544695,0.0001416338860931177,0.0001448689636844719,9.32373906082154e-05,9.426902219349456e-05,9.569523659125334e-05,8.05180694114412e-05,8.042775988104101e-05,8.519013996091673e-05,8.92609802639905e-05,8.92609802639905e-05,9.003187850510977e-05
FT-Q-V01-002,mean temperature,temperature_threshold,2.362568602809478e-06,2.478758438062556e-06,2.779309651090855e-06,8.800343775428044e-07,8.062782838325067e-07,1.06460447896195e-06,5.64572382051598e-07,5.535438606790732e-07,6.115092494041185e-07,4.054515155126753e-07,4.052923998840163e-07,4.200255244168893e-07,3.126225558876261e-07,3.047325316460348e-07,3.460151810387446e-07,3.642845499279845e-07,3.642845499279845e-07,3.990877988080399e-07
FT-Q-V01-003,temperature of the air in shade,temperature_threshold,0,0,0,0,0,0,1.304540087065931e-11,0,6.522700435329654e-11,0,0,0,3.843223655985994e-11,5.366503075254769e-11,6.163167892703214e-11,2.906103829802831e-11,2.906103829802831e-11,5.812207659605662e-11
FT-Q-V01-004,maximum temperature,temperature_threshold,1.566754800064185e-07,9.252725954866925e-08,3.882829831547419e-07,6.628247554985034e-07,6.379729278194191e-07,7.694687983172965e-07,6.164882036252539e-07,6.125372186555067e-07,6.38159774656033e-07,4.561179307634861e-07,4.497461883815057e-07,5.097794715247517e-07,3.462220177496977e-07,3.566430782503405e-07,3.583292825376505e-07,4.43167018186752e-07,4.43167018186752e-07,4.573516876604788e-07
FT-Q-V01-005,minimum temperature,temperature_threshold,1.050004963948359e-07,7.300534160536998e-08,2.334857803210078e-07,3.513431922286258e-07,3.549368146060772e-07,4.141922915756879e-07,3.71031200615407e-07,3.766118430031939e-07,3.915923460322268e-07,2.488740446079593e-07,2.485903792173033e-07,2.81660470780043e-07,1.723902426122026e-07,1.794779442565453e-07,1.831081570952131e-07,2.168565477970313e-07,2.168565477970313e-07,2.218629117367588e-07
FT-Q-V01-006,mean temperature of sea at surface,temperature_threshold,,,,,,,,,,,,,,,,,,
FT-Q-V01-007,dew point,temperature_threshold,6.271446773009615e-07,4.515002651750422e-07,1.28604265636767e-06,5.108418474009113e-07,4.643412889748788e-07,7.189588835387895e-07,3.910490468314598e-07,3.728357125254433e-07,4.881754590221887e-07,2.752757340372669e-07,2.795631751269234e-07,2.918584796063328e-07,2.600588146668692e-07,2.69835056077028e-07,2.864038370908872e-07,2.369967234960857e-07,2.369967234960857e-07,2.442558444393228e-07
FT-Q-V01-008,standard thermometer,temperature_threshold,2.363772483304771e-08,2.430154905086468e-08,3.756295274826016e-08,3.31517371443546e-08,3.389659739005957e-08,3.541628268433072e-08,6.796405017939211e-09,6.642344382856713e-09,8.363314735193583e-09,3.819869768585671e-09,3.916579090559869e-09,4.895888597311604e-09,2.36266468773653e-09,2.335115319856973e-09,2.5149989937856e-09,2.75643049010843e-09,2.75643049010843e-09,2.902709191066055e-09
FT-Q-V01-009,attached thermometer,temperature_threshold,1.360565220070997e-07,1.211848619231404e-07,2.328426112474524e-07,4.744859763428089e-09,5.594583990520263e-09,6.23682937239689e-09,6.381114810161126e-10,5.03814157060134e-10,1.085817696172553e-09,1.352448677355289e-09,1.450501822819472e-09,2.091447584562367e-09,5.331316765370501e-10,6.538322626370441e-10,8.112899796408612e-10,2.869076962119799e-09,2.869076962119799e-09,3.406469412103874e-09
FT-Q-V01-010,dry bulb thermometer,temperature_threshold,4.692082165858036e-08,4.53306745473725e-08,8.854272692815357e-08,2.327682812330867e-08,2.359136080931634e-08,2.722668246413207e-08,4.25910864562673e-09,4.335833043295212e-09,5.081662771133644e-09,4.233526409644361e-09,4.047352411551408e-09,5.074000608562557e-09,2.882664232317644e-09,3.149171701188891e-09,3.345380486519112e-09,5.633885708650199e-09,5.633885708650199e-09,8.466447189159343e-09
FT-Q-V01-011,wet bulb thermometer,temperature_threshold,5.215477506814725e-08,2.755269451482079e-08,1.459635560752126e-07,2.318168961096267e-08,2.313063413028615e-08,2.579159086302241e-08,4.816390354600575e-09,5.084058063431485e-09,5.653048279485873e-09,4.869233633485182e-09,4.88626190897623e-09,5.637778410783056e-09,2.556690059894266e-09,2.749276847846538e-09,2.910915484349852e-09,6.346901126191851e-09,6.346901126191851e-09,7.142087012079745e-09
FT-Q-V01-012,meteorological observations,climate,8.245251478522508e-07,8.517944637687069e-07,9.586065328193172e-07,1.609669051272356e-07,1.554276326531934e-07,1.848774440205148e-07,1.441746415378753e-07,1.381118264198733e-07,1.800235805669848e-07,5.131901604105843e-08,5.22737772790105e-08,5.699824457902625e-08,3.719812225142875e-08,3.44663013546187e-08,4.475759502603482e-08,5.492232908743677e-08,5.492232908743677e-08,6.520955656008631e-08
FT-Q-V01-013,meteorological journal,climate,2.929219990871479e-07,2.548970942373163e-07,5.256654992402687e-07,4.396276806484245e-09,4.900366015747615e-09,5.704281630380947e-09,2.507074706864509e-09,2.254273490098768e-09,3.265522290074596e-09,2.76585994298667e-09,2.828458580197979e-09,3.598034273299966e-09,3.822053988115452e-09,3.782886774661431e-09,4.908304429562804e-09,2.909597273184628e-09,2.909597273184628e-09,2.964070766608984e-09
FT-Q-V01-014,weather,climate,4.177567043939234e-05,4.144589186694247e-05,4.329318915097247e-05,5.193786365764314e-05,5.194689780316231e-05,5.459315773204132e-05,3.045773578688182e-05,2.997015501321476e-05,3.206966023295427e-05,2.898880277811371e-05,2.869287940987508e-05,3.009378883759434e-05,3.079716841572026e-05,3.172206798335298e-05,3.181802008718482e-05,3.080704063098023e-05,3.080704063098023e-05,3.185808739692569e-05
FT-Q-V01-015,climate,climate,2.717266106344596e-05,2.628997900444574e-05,3.055828983633546e-05,1.118323514967823e-05,1.074980347361143e-05,1.222494544483865e-05,2.298635136408558e-05,2.184559476219039e-05,2.593683826701554e-05,3.470432114859295e-05,3.36082797813067e-05,4.102244750236669e-05,4.325054389250904e-05,4.357352890455024e-05,4.586141418708167e-05,6.369662856312713e-05,6.369662856312713e-05,6.484931783038578e-05
FT-Q-V01-016,sun's heat,heat,,,,,,,,,,,,,,,,,,
FT-Q-V01-017,radiation of the heat,heat,6.735577318117691e-09,5.521692658660982e-09,1.151023809597973e-08,2.32183085535631e-09,2.271087318206355e-09,2.783514307935775e-09,2.477928584543321e-10,1.828604767606379e-10,5.461684993157689e-10,5.417665760454327e-10,6.051434839338121e-10,7.925886058579579e-10,3.241535512232829e-10,3.084673072528687e-10,4.301466960399125e-10,4.458151001140997e-10,4.458151001140997e-10,5.081168263920688e-10
FT-Q-V01-018,changes of temperature,temperature_threshold,4.767976034547594e-07,4.417501476838837e-07,6.602953730450167e-07,2.15638353452674e-07,2.22299060936848e-07,2.336280687798009e-07,3.709604625284913e-08,3.818027824453729e-08,3.962615856278884e-08,3.823343014148356e-08,3.581175296411832e-08,5.376390396771846e-08,3.327910471385512e-08,3.319312431165899e-08,3.675205188791164e-08,4.875632522716167e-08,4.875632522716167e-08,6.394769389017618e-08
FT-Q-V01-019,excessive heat,heat,4.305090330891659e-07,4.404261579882274e-07,4.727764535417123e-07,4.092342629158363e-07,4.204291131626459e-07,4.365110245485582e-07,2.06373917877728e-07,2.076405769546597e-07,2.301162892598407e-07,1.791817320108413e-07,1.764955347011155e-07,1.945187375618218e-07,1.479886220327279e-07,1.462755891690204e-07,1.528099464187527e-07,1.595254253417e-07,1.595254253417e-07,1.668727563908234e-07
FT-Q-V01-020,heat of the men,heat,2.611168059551972e-09,2.661271591986036e-09,4.388685859169073e-09,5.28026289359218e-11,0,1.335933724755378e-10,2.323325767883411e-11,0,5.975666489410614e-11,5.312426713810492e-11,2.698967091485649e-11,1.585177267227067e-10,1.971709207941134e-10,1.613050110149672e-10,3.273853133034521e-10,2.405804028215996e-10,2.405804028215996e-10,3.287257688278089e-10
FT-Q-V01-021,artificial production of carbon dioxide,carbon_greenhouse,0,0,0,1.033285018658958e-09,2.84624296353897e-10,4.288904842386643e-09,5.520224444222066e-10,3.987105645641975e-10,9.227661412758437e-10,7.163399352860811e-10,7.459329404158055e-10,1.196296395278296e-09,1.153466553753072e-09,1.151764794649068e-09,1.703949148446071e-09,1.54246146411019e-09,1.54246146411019e-09,1.794034754087903e-09
FT-Q-V01-022,carbon dioxide,carbon_greenhouse,1.324838561772568e-07,9.29082597522779e-08,3.370240335698327e-07,8.807275233857492e-06,8.965923886772309e-06,9.657730330014935e-06,7.809567203092421e-06,7.819924264806238e-06,8.500881655021386e-06,6.991300844278771e-06,7.041755214104092e-06,7.640865811564534e-06,6.881708783793479e-06,7.018469256155763e-06,7.032492135815305e-06,8.18400374606211e-06,8.18400374606211e-06,8.790117123697733e-06
FT-Q-V01-023,fuel combustion,carbon_greenhouse,0,0,0,3.974408916973538e-08,4.17900504756652e-08,4.519546270564945e-08,2.978956616682405e-07,2.62274336634144e-07,4.530897827342839e-07,1.794379593592077e-07,1.888832064506074e-07,2.003511690995552e-07,1.901417002551457e-07,1.964765977136018e-07,1.968439017341339e-07,2.269632238260932e-07,2.269632238260932e-07,2.350718579791078e-07
FT-Q-V01-024,air,climate,0.0001462086854786548,0.0001462102941331977,0.0001596951176452421,0.0002351973059102869,0.0002411728276581204,0.0002527404039586734,0.0002024146124242079,0.0002029279967679515,0.000206424013727835,0.0001586751452357128,0.000158740470007513,0.0001617948143970288,0.0001678815104968895,0.0001673772195566331,0.0001731466307002272,0.0001619756896188637,0.0001619756896188637,0.0001629262595982672
FT-Q-V01-025,atmosphere,climate,2.625467743300192e-05,2.640271558362883e-05,2.831485350895946e-05,1.742774464617014e-05,1.734418458454456e-05,1.888270770677991e-05,2.436064048169859e-05,2.454988175182304e-05,2.49354014272285e-05,2.159244596157232e-05,2.162676427521978e-05,2.184847033692705e-05,2.160630718863836e-05,2.168421455310543e-05,2.190948753499899e-05,2.246809080904549e-05,2.246809080904549e-05,2.270211442953474e-05
FT-Q-V01-026,radiation absorption coefficients,climate,0,0,0,3.363348849427794e-10,1.223824375173876e-10,1.222350221041779e-09,3.834767337007605e-10,3.489059249850435e-10,6.037235850131495e-10,1.721596502510248e-10,1.499543943878079e-10,3.887298122284832e-10,1.231560571116989e-10,9.997370292724739e-11,1.737859994799251e-10,4.911587803135831e-11,4.911587803135831e-11,5.093316740589771e-11
FT-Q-V01-027,water vapour,climate,5.702787797545739e-09,5.793655555308419e-09,9.51594802955924e-09,6.369132615313689e-07,6.331438489881602e-07,6.85133948130634e-07,6.321980794483927e-07,6.351907317903027e-07,6.493189931566778e-07,5.667735602137361e-07,5.644811797798216e-07,5.803291641681696e-07,5.113859838772975e-07,5.057859777633789e-07,5.297723920730246e-07,6.291091675658667e-07,6.291091675658667e-07,7.07166615043775e-07
FT-Q-V01-028,sky radiation,climate,1.017276957115953e-09,1.070136701475377e-09,1.92883442551306e-09,4.266326549262622e-08,4.421275914823219e-08,7.016433356543672e-08,2.967472793047321e-08,3.21433425432005e-08,3.519036362309436e-08,9.793085334851293e-09,1.039160230087433e-08,1.097400473965005e-08,7.938429103885683e-09,7.788384062679121e-09,8.414427737912789e-09,7.525026770108245e-09,7.525026770108245e-09,8.007414870059293e-09
FT-Q-V01-029,increase in mean temperature,temperature_threshold,0,0,0,1.201329591360434e-09,6.679668484999013e-10,2.30258700995023e-09,1.614413572270656e-09,1.335078492203934e-09,2.369204180063811e-09,1.991976628784586e-09,2.012939946671732e-09,2.430605078318493e-09,2.043928285881217e-09,2.159271206281232e-09,2.198158544075568e-09,2.741168292352825e-09,2.741168292352825e-09,3.455194436119413e-09
FT-Q-V01-030,mean temperature,temperature_threshold,2.362568602809478e-06,2.478758438062556e-06,2.779309651090855e-06,8.800343775428044e-07,8.062782838325067e-07,1.06460447896195e-06,5.64572382051598e-07,5.535438606790732e-07,6.115092494041185e-07,4.054515155126753e-07,4.052923998840163e-07,4.200255244168893e-07,3.126225558876261e-07,3.047325316460348e-07,3.460151810387446e-07,3.642845499279845e-07,3.642845499279845e-07,3.990877988080399e-07
FT-Q-V01-031,temperature observations,temperature_threshold,3.25393963163112e-09,1.249065878505817e-09,1.051762676951284e-08,3.627383349247282e-08,3.630725631253995e-08,4.257013030972701e-08,4.125201120558364e-08,4.333399722389331e-08,5.063650235226369e-08,1.386961400243192e-08,1.336425447043266e-08,1.678648234998414e-08,8.097648246385702e-09,8.032796372514639e-09,8.593458139527499e-09,1.03937297241119e-08,1.03937297241119e-08,1.079452616181698e-08
FT-Q-V01-032,meteorological stations,climate,2.086408226742442e-09,1.929856191518198e-09,3.985081153956571e-09,8.024797307215614e-08,7.701278903482489e-08,9.829019625984259e-08,8.114561341338034e-08,7.374821942018883e-08,9.593186378609175e-08,6.065065059641245e-08,5.900037103323541e-08,6.752804135312651e-08,4.472163462586794e-08,4.37281686693769e-08,4.924530312352959e-08,5.822799869527329e-08,5.822799869527329e-08,5.93865753413525e-08
FT-Q-V01-033,world temperatures,temperature_threshold,0,0,0,1.525601808771704e-09,1.645465791400014e-09,2.561554982016823e-09,4.961564695898923e-09,4.590047536501274e-09,6.950897614432794e-09,6.136529268237212e-09,6.159448267401002e-09,7.465921342958426e-09,4.904906561927398e-09,4.543224164932358e-09,5.650978740501245e-09,4.460216246685023e-09,4.460216246685023e-09,4.806125348394419e-09
FT-Q-V01-034,actually increased,warming,6.049073064673394e-08,5.988276008395133e-08,6.811415431684509e-08,1.734230705124906e-07,1.757410927893943e-07,1.804225649021385e-07,2.123685777476181e-07,2.156324514501762e-07,2.214574481781972e-07,2.002077701653351e-07,2.005105926503048e-07,2.026434403890054e-07,1.751127214471663e-07,1.709793599133369e-07,1.863706151974953e-07,1.143540162996254e-07,1.143540162996254e-07,1.281950634292317e-07
FT-Q-V01-035,average rate,temperature_threshold,9.112134986138942e-07,9.341825302211504e-07,1.024886465750274e-06,2.751333045558635e-06,2.750634414599995e-06,2.89131432568146e-06,1.449839307185452e-06,1.421965062781139e-06,1.556150069699502e-06,1.09087540718384e-06,1.098727904904478e-06,1.113505637851536e-06,7.717464396208665e-07,7.784807402877458e-07,8.453366940330831e-07,5.837134264136123e-07,5.837134264136123e-07,6.151364251860691e-07
FT-Q-V01-036,small increases in mean temperature,temperature_threshold,,,,,,,,,,,,,,,,,,
FT-Q-V01-037,deadly glaciers,danger_threat,3.756295274826016e-10,0,1.502518109930406e-09,4.230372441238473e-11,0,1.113719533263335e-10,1.12724821837995e-10,1.001899327390809e-10,2.274775506849736e-10,1.283294677120739e-10,1.153389710129016e-10,2.376644991919363e-10,3.579498364381095e-10,3.269161330532455e-10,5.679030024019482e-10,3.009412441468129e-10,3.009412441468129e-10,3.806831794239685e-10
FT-Q-V01-038,rather a coincidence,concern_alarm,3.584776253617861e-09,2.200522541961902e-09,8.569366549693314e-09,4.688150873066732e-09,4.644931106412287e-09,6.027962046184498e-09,7.366094532945678e-10,7.171515603587864e-10,8.97186679116313e-10,1.026133606904511e-09,9.079864221606115e-10,1.435070867694677e-09,2.852542887084771e-09,3.206233722963248e-09,3.301934059507516e-09,2.932414269740669e-09,2.932414269740669e-09,3.216303917641383e-09
FT-Q-V01-039,Hottest Day for Ten Years,heat,,,,,,,,,,,,,,,,,,
FT-Q-V01-040,Heat Wave Over Queensland,heat,,,,,,,,,,,,,,,,,,
FT-Q-V01-041,greenhouse effect,carbon_greenhouse,5.363657296086899e-10,3.214724042521766e-10,1.502518109930406e-09,4.388036189961752e-09,3.566084316730667e-09,9.689360203068986e-09,1.181375277284347e-06,1.086015104533045e-06,1.960720042576414e-06,5.144006713303853e-07,5.006452377821075e-07,5.751005356935401e-07,4.48778527600141e-07,4.341486428138808e-07,4.960226897068876e-07,5.185839056873892e-07,5.185839056873892e-07,5.840631519711537e-07
FT-Q-V01-042,global warming,warming,7.715337591029936e-09,0,3.086135036411974e-08,9.615092347314835e-09,3.949118143609098e-09,2.974356050344795e-08,1.142737135707145e-06,6.400895369296222e-07,2.645472821902195e-06,4.173465091666245e-06,4.17779036841065e-06,5.431204078656937e-06,3.232972508608369e-06,3.265111240942364e-06,3.293586607857474e-06,4.05548779371448e-06,4.05548779371448e-06,4.147305217784558e-06
FT-Q-V01-043,earth is warmer,warming,7.395542650501241e-10,2.67792704677916e-10,2.422631650844664e-09,5.52774204187756e-10,3.287979333244095e-10,1.590971687726039e-09,6.124371773608139e-10,4.984370555183304e-10,1.243385561178201e-09,1.492501920663525e-09,1.347196507128778e-09,2.235196472355483e-09,1.313402738419474e-09,1.249671310876721e-09,1.781306435688634e-09,1.89550453111309e-09,1.89550453111309e-09,2.088259842825124e-09
FT-Q-V01-044,instrumental measurements,climate,3.927440178630448e-10,2.846486657492875e-10,1.001678739953604e-09,6.157360593617156e-09,6.129207419380833e-09,1.191745380157982e-08,9.169332604308522e-09,8.630308870327674e-09,1.246576949998079e-08,1.042852294276531e-08,1.034817975753555e-08,1.155868578628372e-08,7.622421991047382e-09,7.752582603659519e-09,8.356286902017063e-09,9.656707378180585e-09,9.656707378180585e-09,1.042120245653422e-08
FT-Q-V01-045,cause-and-effect relationship,harm_loss_consequences,0,0,0,1.010940878787281e-08,1.027717910773163e-08,1.153081288784996e-08,1.009639132160123e-07,1.005770801643102e-07,1.040740936764095e-07,1.180418407673023e-07,1.167380979313903e-07,1.284760725028811e-07,1.235157466259832e-07,1.198674087765639e-07,1.375002782744161e-07,1.019784072464613e-07,1.019784072464613e-07,1.046778577290519e-07
FT-Q-V01-046,global temperature,temperature_threshold,1.607362021260883e-10,0,6.429448085043532e-10,8.585001598504504e-11,0,4.292500799252252e-10,1.054527312874254e-07,1.101611393217183e-07,1.589158204057251e-07,1.480920420061232e-07,1.444264409403845e-07,1.808626778170008e-07,2.05561737839921e-07,2.095967745613381e-07,2.153287813749794e-07,3.065189131019885e-07,3.065189131019885e-07,3.140587651051518e-07
FT-Q-V01-047,regional heat waves,heat,0,0,0,0,0,0,1.108687130296771e-09,7.0278316499639e-10,2.84109114012665e-09,1.776260024483056e-10,7.336308990857354e-11,5.637778299760754e-10,3.384865015591358e-10,3.499079706537067e-10,6.221050341537193e-10,1.509822128431537e-10,1.509822128431537e-10,2.546658370294885e-10
FT-Q-V01-048,heat wave,heat,1.539885441381728e-09,8.223117742289787e-10,4.514918217068953e-09,2.149780281346381e-07,2.173111940673156e-07,2.596803092558275e-07,1.548774984955204e-07,1.53814457934387e-07,1.718059701449892e-07,2.725014982812163e-07,2.566013287772645e-07,3.620105626690739e-07,3.163260567639696e-07,3.163625424441874e-07,3.528359153667782e-07,2.86135784352895e-07,2.86135784352895e-07,3.006541136052476e-07
FT-Q-V01-049,drought,harm_loss_consequences,3.498493425180271e-06,3.536630338807356e-06,3.805574262827349e-06,9.55775340969467e-06,9.374461029665326e-06,1.150456472487349e-05,9.547862759973214e-06,9.224101717109079e-06,1.090940310177757e-05,6.558684044755125e-06,6.574246281587648e-06,6.844511013071042e-06,6.232299605575993e-06,5.762521983143643e-06,7.519306482350885e-06,8.616291957252997e-06,8.616291957252997e-06,8.803938708723535e-06
FT-Q-V01-050,heat wave/drought occurrences,heat,,,,,,,,,,,,,,,,,,
FT-Q-V01-051,extreme events,harm_loss_consequences,9.817505974840657e-10,1.212242140002928e-09,1.502518109930406e-09,3.42009162657142e-10,3.341158599790006e-10,7.678840896474526e-10,6.501919660450995e-08,6.388363371634398e-08,7.989011596709616e-08,2.252625997400948e-07,2.184909477787045e-07,2.56927021435871e-07,3.337814423372739e-07,3.370098780042241e-07,3.580607383923962e-07,4.266389104778945e-07,4.266389104778945e-07,4.590328079867589e-07
FT-Q-V01-052,global climate models,climate,0,0,0,0,0,0,2.040563838179299e-08,1.378536206020353e-08,3.449184371451253e-08,3.848521271544031e-08,3.556192093405464e-08,5.140628761557409e-08,3.879296326184112e-08,3.734017823067703e-08,4.544503912767839e-08,3.98567733816968e-08,3.98567733816968e-08,4.237953538099859e-08
FT-Q-V01-053,global observations,climate,0,0,0,2.19395446254822e-11,0,1.09697723127411e-10,1.318389498961015e-08,1.133581861711974e-08,1.847352654182899e-08,1.33311461470581e-08,1.345175970265955e-08,1.479250762159712e-08,7.829618473241077e-09,8.17290351715072e-09,8.90676094683629e-09,1.130361859669193e-08,1.130361859669193e-08,1.190052256738738e-08
FT-Q-V01-054,warm air,temperature_threshold,4.08856316386208e-07,4.151374717320522e-07,4.637466225476672e-07,1.685050935973376e-06,1.643407700036015e-06,2.014927827476143e-06,5.471666789776119e-07,5.268988674256292e-07,6.027221210562483e-07,5.546434167719508e-07,5.560525944119793e-07,5.737065812000397e-07,6.771381961337882e-07,6.757823330823254e-07,7.39409708121197e-07,6.177746660496891e-07,6.177746660496891e-07,6.433545528851392e-07
FT-Q-V01-055,changing atmosphere,climate,3.039062695942008e-09,2.253372155536226e-09,6.510911809698428e-09,2.062012349757225e-09,2.303373269896269e-09,2.575500479551351e-09,3.301469004707291e-08,3.622682637205443e-08,6.209157343839422e-08,1.133605749114447e-08,1.023367894245619e-08,1.576630941080293e-08,1.044888801986684e-08,1.139862438465089e-08,1.168173170695841e-08,1.201497924763206e-08,1.201497924763206e-08,1.332391144637235e-08
FT-Q-V01-056,global security,danger_threat,4.822086063782649e-10,0,1.92883442551306e-09,3.514828927908553e-10,1.073125199813063e-10,1.101613356091491e-09,1.554475363096941e-07,1.678011994910023e-07,2.170590770456116e-07,3.595669901962362e-07,3.648495276176167e-07,3.838756867380333e-07,3.287335511616141e-07,2.910487669725847e-07,4.139182114837325e-07,2.926208259798613e-07,2.926208259798613e-07,3.214393569789253e-07
FT-Q-V01-057,climate warming,warming,0,0,0,1.527140969237451e-10,0,4.292500799252252e-10,4.277552263509677e-08,3.632553680077422e-08,7.675092628112168e-08,1.021334904288684e-07,9.857346634778441e-08,1.358014889152326e-07,8.929185876110912e-08,8.839624610068597e-08,9.597560846758002e-08,1.442623840663959e-07,1.442623840663959e-07,1.583787058723196e-07
FT-Q-V01-058,changed climatic extremes,harm_loss_consequences,,,,,,,,,,,,,,,,,,
FT-Q-V01-059,major threat,danger_threat,3.927440178630448e-10,2.846486657492875e-10,1.001678739953604e-09,2.017574595170046e-08,2.017066491610819e-08,2.665654766365044e-08,2.191226072978392e-07,2.153301595642088e-07,2.283874575570444e-07,2.473153373795667e-07,2.461444855439421e-07,2.615260059207758e-07,2.277826748146398e-07,2.18847005184486e-07,2.554315918779082e-07,2.490917988540176e-07,2.490917988540176e-07,2.630044870777226e-07
FT-Q-V01-060,harmful consequences,harm_loss_consequences,2.846486657492875e-10,0,1.13859466299715e-09,2.537411105674181e-08,2.685707300997819e-08,2.94431213854196e-08,8.098120236471606e-08,8.069599446991482e-08,8.242399273522549e-08,1.064285663782832e-07,1.063524927499837e-07,1.079860063382676e-07,1.17189753653472e-07,1.12132235940976e-07,1.331986015651321e-07,1.392470818095681e-07,1.392470818095681e-07,1.412578776172069e-07
FT-Q-V01-061,warming of the climate system,warming,0,0,0,0,0,0,8.741528056965819e-11,6.622155601654356e-11,2.405208254785407e-10,6.480305066863812e-09,4.110638524013055e-09,1.728648246768216e-08,1.121417988099912e-08,1.23136003615798e-08,1.336047139588459e-08,5.9670152152691e-09,5.9670152152691e-09,7.041208283098399e-09
FT-Q-V01-062,unequivocal,climate,2.406385738340511e-06,2.407111752145141e-06,2.493547962445497e-06,7.150020586266237e-07,6.638346763399028e-07,1.032031885506157e-06,1.258175545526541e-06,1.243908949843942e-06,1.326770848963932e-06,1.187840953320585e-06,1.187627293230964e-06,1.212857723253968e-06,1.098076161258158e-06,1.059329671093678e-06,1.190119635396947e-06,1.011545901874467e-06,1.011545901874467e-06,1.049511815010007e-06
FT-Q-V01-063,global average air and ocean temperatures,temperature_threshold,0,0,0,0,0,0,0,0,0,3.239182859438028e-09,2.019575354172964e-09,8.854073030306608e-09,2.986298319740399e-09,2.896688888753829e-09,3.595556963276181e-09,9.04541885837773e-10,9.04541885837773e-10,9.299532255369058e-10
FT-Q-V01-064,global surface temperature,temperature_threshold,0,0,0,0,0,0,6.744592443569397e-09,7.406253152431042e-09,8.922023550517189e-09,1.659791600341909e-08,1.432722673139208e-08,2.372992188859335e-08,2.256356021121397e-08,2.176669680956089e-08,2.654301840820938e-08,2.845653669647508e-08,2.845653669647508e-08,3.419688007766375e-08
FT-Q-V01-065,temperature increase,warming,2.575557933592876e-09,2.897338702290142e-09,4.507554329791219e-09,6.392654653963881e-08,6.385519618623547e-08,7.439646565465807e-08,3.073585628621256e-07,3.067724335115152e-07,3.376221679174396e-07,3.186941229353646e-07,3.18835105005133e-07,3.209835044426512e-07,3.164231610989591e-07,3.016501993191589e-07,3.477665065088065e-07,3.655565533888794e-07,3.655565533888794e-07,3.757343111088218e-07
FT-Q-V01-066,rising global average sea level,harm_loss_consequences,0,0,0,0,0,0,0,0,0,2.289508461289502e-09,1.139664786153904e-09,6.8787042728502e-09,1.848415642768941e-09,2.130764897856352e-09,2.205110538611166e-09,5.902334454521707e-10,5.902334454521707e-10,6.523762641208464e-10
FT-Q-V01-067,widespread melting of snow and ice,harm_loss_consequences,0,0,0,0,0,0,0,0,0,4.169851873514485e-09,2.662200557224104e-09,1.122799098141058e-08,3.624149054933431e-09,3.451374075424951e-09,4.132207465090687e-09,1.305700159104362e-09,1.305700159104362e-09,1.507080904517011e-09
FT-Q-V01-068,anthropogenic CO₂,carbon_greenhouse,,,,,,,,,,,,,,,,,,
FT-Q-V01-069,anthropogenic GHG emissions,carbon_greenhouse,0,0,0,0,0,0,1.198697287263517e-10,0,5.482807541312695e-10,2.740966904835052e-09,2.562254214355519e-09,4.253960045330629e-09,9.742200500021761e-09,8.183074107215305e-09,1.43962131382569e-08,1.475848599927221e-08,1.475848599927221e-08,1.622341538887184e-08
FT-Q-V01-070,climate change,climate,2.307926597056031e-08,4.082471388722198e-09,8.358282377329829e-08,1.097953453710332e-08,6.801258833899482e-09,2.403520038551932e-08,1.802351180329315e-06,1.240793510930149e-06,3.608567470184121e-06,1.150220058720487e-05,1.095392866206149e-05,1.610176903391047e-05,1.885475098546349e-05,1.967096413684616e-05,2.013966373886483e-05,2.869409079314829e-05,2.869409079314829e-05,2.890008815206735e-05
FT-Q-V01-071,global warming,warming,7.715337591029936e-09,0,3.086135036411974e-08,9.615092347314835e-09,3.949118143609098e-09,2.974356050344795e-08,1.142737135707145e-06,6.400895369296222e-07,2.645472821902195e-06,4.173465091666245e-06,4.17779036841065e-06,5.431204078656937e-06,3.232972508608369e-06,3.265111240942364e-06,3.293586607857474e-06,4.05548779371448e-06,4.05548779371448e-06,4.147305217784558e-06
FT-Q-V01-072,serious global threat,danger_threat,0,0,0,0,0,0,4.881511590781872e-10,6.12814687883656e-10,7.568433657567653e-10,1.16850794318335e-09,1.041252112310431e-09,1.749284272989371e-09,9.499540413552647e-10,9.558229763229065e-10,1.244210068307439e-09,2.050145830878591e-09,2.050145830878591e-09,2.317630753978506e-09
FT-Q-V01-073,urgent global response,harm_loss_consequences,0,0,0,0,0,0,3.175758198081802e-11,4.984370555183304e-11,5.488396195851841e-11,9.44838009914184e-10,9.883171225855136e-10,1.652101788707228e-09,6.492201406101591e-10,6.699593102510448e-10,7.997896234179791e-10,5.966596938744573e-10,5.966596938744573e-10,8.149306784943633e-10
FT-Q-V01-074,costs and risks of climate change,climate,0,0,0,0,0,0,2.849873947941006e-11,0,7.18391873766322e-11,1.209439284832747e-09,1.200817945079535e-09,2.245598151873196e-09,8.404080394560273e-10,9.12305508915523e-10,1.115865178036302e-09,9.406123657740295e-10,9.406123657740295e-10,1.067515631447691e-09
FT-Q-V01-075,impacts of climate change,climate,0,0,0,1.316892095371003e-10,0,3.912593027344258e-10,5.187820283913957e-08,4.559433364192955e-08,9.137385320601155e-08,2.820544902117084e-07,2.670266320836667e-07,3.980115036716914e-07,4.924218902924623e-07,4.996656288551449e-07,5.157996520455121e-07,7.139263839515964e-07,7.139263839515964e-07,7.144630615740777e-07
FT-Q-V01-076,damage,harm_loss_consequences,1.533489062843785e-05,1.552022073880721e-05,1.627765108480617e-05,4.503786899994477e-05,4.59952369169514e-05,4.679245793108577e-05,5.660605978135766e-05,5.716532061028623e-05,5.759856095523264e-05,4.876599097426628e-05,4.829082256977389e-05,5.062597969085481e-05,4.718856674358618e-05,4.701804021756129e-05,4.768336144450602e-05,4.786302473402601e-05,4.786302473402601e-05,4.813777670335459e-05
FT-Q-V01-077,hunger,harm_loss_consequences,8.570367700855286e-06,8.508250386896066e-06,9.048845360126734e-06,3.520981196203366e-06,3.539575203603817e-06,3.766231525759167e-06,6.204464180441932e-06,6.137961449326212e-06,6.445278804747406e-06,7.81596456063318e-06,7.793144442085759e-06,8.226896156402624e-06,1.136071862980111e-05,1.129610585060004e-05,1.191392740906849e-05,1.162321222381024e-05,1.162321222381024e-05,1.177538401009315e-05
FT-Q-V01-078,water shortages,harm_loss_consequences,8.933644934927543e-10,5.008393699768021e-10,2.571779234017413e-09,3.694819916133518e-08,3.543796123217646e-08,4.749911364232418e-08,1.453525984018711e-07,1.448085923394515e-07,1.568230294513029e-07,2.110986289105554e-07,2.090436050372624e-07,2.397083971317215e-07,1.927499640360283e-07,1.87883369612285e-07,2.079885298988948e-07,1.817368742856873e-07,1.817368742856873e-07,1.893898878835287e-07
FT-Q-V01-079,coastal flooding,harm_loss_consequences,1.607362021260883e-10,0,6.429448085043532e-10,1.091268936326273e-10,0,4.454877994275463e-10,3.764496570024534e-08,3.396143155587339e-08,4.86422111478646e-08,4.964529571032522e-08,4.927007213849366e-08,5.955872212082269e-08,5.773724375453722e-08,5.984090289956612e-08,6.064392668592156e-08,9.380568113948051e-08,9.380568113948051e-08,1.034327956617176e-07
FT-Q-V01-080,worst impacts,harm_loss_consequences,0,0,0,3.478976634552211e-10,1.114401348978333e-10,9.872794803911233e-10,1.536645433120043e-09,1.552943995619671e-09,2.005963617435214e-09,7.610180590734983e-09,7.893453371835002e-09,9.506579648488334e-09,1.07859013988761e-08,1.125525539436012e-08,1.22188234114029e-08,1.778139301078507e-08,1.778139301078507e-08,1.9288579872212e-08
FT-Q-V01-081,climate change,climate,2.307926597056031e-08,4.082471388722198e-09,8.358282377329829e-08,1.097953453710332e-08,6.801258833899482e-09,2.403520038551932e-08,1.802351180329315e-06,1.240793510930149e-06,3.608567470184121e-06,1.150220058720487e-05,1.095392866206149e-05,1.610176903391047e-05,1.885475098546349e-05,1.967096413684616e-05,2.013966373886483e-05,2.869409079314829e-05,2.869409079314829e-05,2.890008815206735e-05
FT-Q-V01-082,threat of climate change,climate,0,0,0,0,0,0,3.721245823984365e-09,2.210996594143033e-09,8.707520121609136e-09,2.919991208549799e-08,2.941181325225029e-08,4.287047458695348e-08,4.426350256348891e-08,4.538047629343289e-08,5.074287453069037e-08,1.150562096985386e-07,1.150562096985386e-07,1.160401951333379e-07
FT-Q-V01-083,global average temperature,temperature_threshold,0,0,0,0,0,0,1.015599758111274e-08,1.19126452799434e-08,1.424794117410588e-08,2.513571529649122e-08,2.358429993486177e-08,3.761935746249279e-08,4.33465910804065e-08,4.131762193493316e-08,4.833277666982383e-08,7.066166252123196e-08,7.066166252123196e-08,7.577234045763603e-08
FT-Q-V01-084,well below 2°C above pre-industrial levels,temperature_threshold,,,,,,,,,,,,,,,,,,
FT-Q-V01-085,1.5°C above pre-industrial levels,temperature_threshold,,,,,,,,,,,,,,,,,,
FT-Q-V01-086,pre-industrial levels,climate,1.828619200505699e-10,0,7.314476802022796e-10,2.608395444081424e-11,0,1.304197722040712e-10,5.349303128232563e-09,4.247976942428622e-09,8.266633044762273e-09,2.236265267841625e-08,2.17877682527623e-08,2.858031708519171e-08,3.505893414699571e-08,3.183085471591962e-08,4.467634775323637e-08,1.482705690586394e-07,1.482705690586394e-07,1.564491737549023e-07
FT-Q-V01-087,risks and impacts,risk,0,0,0,1.534390281499043e-10,0,7.671951407495214e-10,3.962842301530323e-09,4.034363360744253e-09,4.799398663213328e-09,1.100388250050571e-08,1.054944194327223e-08,1.419695092041984e-08,1.882378900322501e-08,1.904498948129829e-08,2.096015432051512e-08,4.115382579855664e-08,4.115382579855664e-08,4.441337393690237e-08
FT-Q-V01-088,adverse impacts,harm_loss_consequences,0,0,0,3.821652039270873e-09,1.180437747549945e-09,1.462141363539615e-08,8.159511404093323e-07,8.265669704243805e-07,9.712528938887743e-07,1.035290405924927e-06,9.955381428672361e-07,1.26370956696209e-06,2.621066023481926e-07,2.703218208166547e-07,2.787502817735987e-07,3.083251155031747e-07,3.083251155031747e-07,3.134836589757661e-07
FT-Q-V01-089,adverse effects of climate change,climate,0,0,0,0,0,0,1.412711915504961e-09,8.47171111040268e-10,3.247031088449148e-09,2.007941542550573e-08,1.825782928316366e-08,2.63185206961225e-08,3.321515398835295e-08,3.449535698751838e-08,4.084377236424075e-08,6.415701347961544e-08,6.415701347961544e-08,6.824104539782105e-08
FT-Q-V01-090,greenhouse gas emissions,carbon_greenhouse,3.421733452135811e-10,0,1.368693380854324e-09,1.000578753185266e-09,3.671473125521629e-10,4.164773859116622e-09,1.296196842331954e-07,6.1250253577394e-08,3.44519689242373e-07,1.403020409025679e-06,1.379787322345477e-06,1.793274775979681e-06,1.241394996290511e-06,1.287461367946441e-06,1.321973273862853e-06,1.672965369521606e-06,1.672965369521606e-06,1.676668968275674e-06
FT-Q-V01-091,climate resilience,harm_loss_consequences,0,0,0,0,0,0,1.007628286364692e-11,0,5.038141431823462e-11,1.508116183150665e-09,9.288498078324769e-10,3.850164631558073e-09,6.380985545275293e-08,6.192725596904092e-08,8.508418414265861e-08,2.314816835435884e-07,2.314816835435884e-07,2.377892628357969e-07
FT-Q-V01-092,vulnerability,harm_loss_consequences,1.083885448061039e-08,8.547478058673619e-09,2.303812962622942e-08,3.405296394642932e-07,3.175859246695723e-07,3.942107000831641e-07,3.562905455112286e-06,3.52596205033251e-06,3.725050952141373e-06,7.04435165754802e-06,7.105184836930789e-06,7.274388785560859e-06,9.594339388740991e-06,9.355508542086e-06,1.034619273454496e-05,1.194727621722791e-05,1.194727621722791e-05,1.211419347413312e-05
FT-Q-V01-093,vulnerable groups,harm_loss_consequences,0,0,0,2.540553981078553e-09,2.561554898750096e-09,3.112063107213459e-09,1.813441731300658e-07,1.809700427291006e-07,1.978144716918706e-07,5.166148628211326e-07,5.098256974644944e-07,5.659177302885787e-07,4.221060703966014e-07,4.145763595753138e-07,4.746542650660435e-07,6.438119156682021e-07,6.438119156682021e-07,6.561656151760076e-07
FT-Q-V01-094,loss and damage,harm_loss_consequences,1.649342708937018e-07,1.655533784228336e-07,1.906684019559179e-07,8.382707153128943e-07,8.379211266507092e-07,9.138045609091705e-07,1.260011798669136e-07,1.266048331380332e-07,1.507662382854713e-07,7.518009318384367e-08,7.415647932176861e-08,8.190154263121308e-08,9.455398923321108e-08,8.407788263178895e-08,1.24899555420388e-07,2.054721969721451e-07,2.054721969721451e-07,2.494197157698608e-07
FT-Q-V01-095,extreme weather events,harm_loss_consequences,1.710866726067906e-10,0,6.843466904271622e-10,0,0,0,4.33973253999298e-09,4.413240231593285e-09,6.130775713486525e-09,1.008826737104382e-07,9.588788465325626e-08,1.419695054849512e-07,2.457166067559857e-07,2.553023485951655e-07,2.641805035841216e-07,4.313860930693636e-07,4.313860930693636e-07,4.511812501384327e-07
FT-Q-V01-096,slow onset events,harm_loss_consequences,0,0,0,0,0,0,9.968741110366608e-12,0,4.984370555183304e-11,2.600247265768796e-10,2.519906366904578e-10,4.859122965106266e-10,2.314395087614033e-09,2.049460948172488e-09,4.546152315709762e-09,6.148546727313686e-09,6.148546727313686e-09,7.283442959860054e-09
FT-Q-V01-097,risk of loss and damage,risk,8.661388273267789e-10,6.986156098065521e-10,2.067324089694011e-09,2.551324065902527e-09,1.714835717869789e-09,5.767837332748549e-09,9.383803789564383e-10,8.418228891748925e-10,1.528390469740515e-09,9.256024315063005e-10,8.801277276426767e-10,1.315926034806125e-09,1.244312256241479e-09,1.052439153187423e-09,1.759085779817759e-09,2.470509094174012e-09,2.470509094174012e-09,2.875160026727386e-09
FT-Q-V01-098,early warning systems,harm_loss_consequences,0,0,0,1.608819619192126e-10,1.223824375173876e-10,3.532294456931595e-10,9.818335570399573e-08,9.379452314828285e-08,1.199763418335831e-07,1.451804739899254e-07,1.426779544233536e-07,1.656274048189577e-07,1.461029725130976e-07,1.42312563317093e-07,1.546648904365844e-07,1.987486529519966e-07,1.987486529519966e-07,2.00640613789993e-07
FT-Q-V01-099,emergency preparedness,crisis_emergency,0,0,0,9.003062305668052e-08,6.868001334314755e-09,4.2882803086286e-07,1.441051389129005e-06,1.046481490560303e-06,2.826408131394176e-06,8.060556555677251e-07,7.951444011226189e-07,8.923730797222307e-07,3.315690667617111e-07,3.295314575553487e-07,3.426077724924537e-07,2.695179410847764e-07,2.695179410847764e-07,2.727119147345747e-07
FT-Q-V01-100,irreversible and permanent loss and damage,harm_loss_consequences,0,0,0,0,0,0,0,0,0,0,0,0,1.575799606542046e-10,6.163167892703214e-11,4.111082030355817e-10,7.278391778164917e-10,7.278391778164917e-10,8.163354991985727e-10
FT-Q-V01-101,climate change,climate,2.307926597056031e-08,4.082471388722198e-09,8.358282377329829e-08,1.097953453710332e-08,6.801258833899482e-09,2.403520038551932e-08,1.802351180329315e-06,1.240793510930149e-06,3.608567470184121e-06,1.150220058720487e-05,1.095392866206149e-05,1.610176903391047e-05,1.885475098546349e-05,1.967096413684616e-05,2.013966373886483e-05,2.869409079314829e-05,2.869409079314829e-05,2.890008815206735e-05
FT-Q-V01-102,global warming,warming,7.715337591029936e-09,0,3.086135036411974e-08,9.615092347314835e-09,3.949118143609098e-09,2.974356050344795e-08,1.142737135707145e-06,6.400895369296222e-07,2.645472821902195e-06,4.173465091666245e-06,4.17779036841065e-06,5.431204078656937e-06,3.232972508608369e-06,3.265111240942364e-06,3.293586607857474e-06,4.05548779371448e-06,4.05548779371448e-06,4.147305217784558e-06
FT-Q-V01-103,very worried,worry,3.03060535000732e-10,2.846486657492875e-10,6.429448085043532e-10,5.063715638187194e-08,5.068034811261946e-08,5.757930103544862e-08,1.488732109394819e-07,1.500441916130191e-07,1.578180323889844e-07,2.629820047856529e-07,2.602216216326947e-07,2.884296180782897e-07,4.109526408104432e-07,4.244305496919898e-07,4.306732870051899e-07,3.800947214332995e-07,3.800947214332995e-07,3.80921117593136e-07
FT-Q-V01-104,somewhat worried,worry,4.832303723834031e-10,3.214724042521766e-10,1.289976681029259e-09,1.163171309825906e-08,1.195705190415453e-08,1.348425637814898e-08,8.643229069960068e-09,8.686541097535638e-09,9.768518889619049e-09,1.236550587271901e-08,1.215823306616182e-08,1.378454071720991e-08,1.535369327163028e-08,1.544136932901674e-08,1.569197416104173e-08,1.660736381574324e-08,1.660736381574324e-08,1.698810697670083e-08
FT-Q-V01-105,afraid,fear_afraid,2.286653407734818e-05,2.275511754668003e-05,2.450852007562787e-05,1.300603217929963e-05,1.296064711793499e-05,1.400559003883473e-05,1.076492475305668e-05,1.092124615809098e-05,1.109739991400627e-05,2.113699614604211e-05,2.072675658084527e-05,2.332566367613254e-05,4.137366458967229e-05,4.288384451456295e-05,4.350840819156154e-05,4.088140822501238e-05,4.088140822501238e-05,4.233809789883428e-05
FT-Q-V01-106,anxious,anxiety,3.913996219562232e-05,3.835742410984722e-05,4.193757599324499e-05,1.072043320078653e-05,1.092261424062713e-05,1.130616075784019e-05,5.951982170283865e-06,5.96581182119027e-06,6.107358935025786e-06,9.11532784787783e-06,8.938155214053417e-06,1.017111141665e-05,1.447894721214963e-05,1.482205210834309e-05,1.521399350185026e-05,1.608468696928829e-05,1.608468696928829e-05,1.753054791498593e-05
FT-Q-V01-107,hopeless,distress_depression,8.12635539859663e-06,8.020868305980144e-06,8.735742023091575e-06,2.933616763023394e-06,2.904975069384363e-06,3.18144421207478e-06,1.567654132550444e-06,1.56835368780861e-06,1.586562284217052e-06,2.521335855654172e-06,2.485239919636228e-06,2.802628415565778e-06,4.05229339150992e-06,4.200327168746298e-06,4.232715550500643e-06,4.339309100487299e-06,4.339309100487299e-06,4.716772487256549e-06
FT-Q-V01-108,sad,distress_depression,2.937996476386207e-05,2.930211333534993e-05,3.116317340229324e-05,6.637398661617222e-06,6.533128662229715e-06,7.116686279312612e-06,7.094843103179482e-06,7.082451503964693e-06,7.641308767552396e-06,1.337068437225024e-05,1.314066023954709e-05,1.48306508530073e-05,2.177257510449966e-05,2.238754962519129e-05,2.244314198969477e-05,2.430353808133279e-05,2.430353808133279e-05,2.540873449891415e-05
FT-Q-V01-109,angry,distress_depression,1.556864973562e-05,1.537681891328191e-05,1.665516068882766e-05,4.161529450819046e-06,4.001540984788221e-06,4.559940654402794e-06,7.516155868358965e-06,7.51778329544095e-06,7.935593608010549e-06,1.625747215072693e-05,1.592946443196297e-05,1.809022834464713e-05,3.107766922501772e-05,3.206412924328106e-05,3.232414587728272e-05,3.089259022459601e-05,3.089259022459601e-05,3.134844381236235e-05
FT-Q-V01-110,frustrated,distress_depression,2.308196047073885e-06,2.374283334383165e-06,2.472158670219216e-06,9.851296968843571e-07,9.5614154504986e-07,1.086168782027386e-06,3.257730449846008e-06,3.289961124863794e-06,3.318817217490277e-06,5.203297456457534e-06,5.138446700136967e-06,5.526417526269256e-06,8.044908398119333e-06,8.156119450930532e-06,8.185089514611832e-06,7.820137710723429e-06,7.820137710723429e-06,8.042819434450621e-06
FT-Q-V01-111,hopeful,concern_alarm,3.104587253499602e-06,3.266890447939375e-06,3.527379554668642e-06,2.913196037468424e-06,2.972074792495505e-06,3.194065403278046e-06,1.958718212335953e-06,1.938482609986636e-06,2.021741480007222e-06,2.754390452386346e-06,2.728534987728182e-06,2.920687878216199e-06,4.314301495611517e-06,4.381402916919797e-06,4.423301652067835e-06,4.901949312241527e-06,4.901949312241527e-06,4.994718922901598e-06
FT-Q-V01-112,disgusted,distress_depression,2.879004708383759e-06,2.881121538400588e-06,3.003750467911459e-06,7.978445338174822e-07,7.995787001391363e-07,8.480208872896355e-07,5.786703904719914e-07,5.909761447986384e-07,5.978433741393729e-07,1.266938157051811e-06,1.24545508528584e-06,1.426907071611083e-06,2.482790493788893e-06,2.510783113862658e-06,2.693003529508076e-06,2.408987088919901e-06,2.408987088919901e-06,2.543607640959067e-06
FT-Q-V01-113,outraged,distress_depression,1.392830855789784e-06,1.430666454638185e-06,1.45566203191283e-06,5.844087107798046e-07,5.855625077599846e-07,6.507941248123927e-07,8.779847369577709e-07,8.586316730951893e-07,9.41032208157111e-07,1.338099066494625e-06,1.324195756824409e-06,1.440290688714541e-06,1.922845137780627e-06,1.949325438399541e-06,2.010090121018493e-06,1.701641459739278e-06,1.701641459739278e-06,1.70548937417081e-06
FT-Q-V01-114,depressed,distress_depression,8.833649834061319e-06,8.387306276613771e-06,1.112499241706644e-05,5.955838283711046e-06,6.014436863210904e-06,6.256823255057498e-06,7.70352582577516e-06,7.711703084112287e-06,8.137059289481385e-06,7.125661487528134e-06,7.156418689646671e-06,7.396757126798548e-06,7.849610368519203e-06,7.909356614987928e-06,8.260656816361234e-06,6.748224906871769e-06,6.748224906871769e-06,6.903738647423552e-06
FT-Q-V01-115,symptoms of anxiety,anxiety,4.011264931325087e-09,4.481764959152201e-09,5.474773523417298e-09,6.490691353833178e-09,6.004900576783712e-09,9.315941004728323e-09,6.351281194652558e-08,6.465194942253949e-08,7.033237547915405e-08,1.073318657007771e-07,1.055594523180492e-07,1.164457474889247e-07,1.329768931773723e-07,1.325987174852217e-07,1.362641557159372e-07,1.894039404065628e-07,1.894039404065628e-07,1.926471570046218e-07
FT-Q-V01-116,climate anxiety,anxiety,0,0,0,0,0,0,1.00189932739081e-11,0,5.009496636954047e-11,1.1243857407639e-11,0,4.497542963055601e-11,1.461941355011357e-10,1.622580021731768e-10,1.86809217400663e-10,2.405733245947062e-08,2.405733245947062e-08,3.579004737019886e-08
FT-Q-V01-117,eco-anxiety,anxiety,0,0,0,0,0,0,0,0,0,4.243123014405215e-10,4.13832501253153e-10,8.200404799652006e-10,5.941824567090581e-10,6.221050341537193e-10,8.997633402230143e-10,4.02901724205762e-08,4.02901724205762e-08,5.496096178170262e-08
FT-Q-V01-118,psychological distress,distress_depression,0,0,0,6.594916041047228e-09,1.645465902422316e-09,2.794092102131884e-08,2.178789550999483e-07,1.951272117217684e-07,2.732309152264634e-07,4.122722272459356e-07,4.147939229315334e-07,4.431016833450485e-07,4.609615102957321e-07,4.692647605497591e-07,4.908565409134091e-07,7.654416062652381e-07,7.654416062652381e-07,8.442735095481879e-07
FT-Q-V01-119,distress,distress_depression,3.767014474931329e-05,3.630354201789032e-05,4.52841779292612e-05,7.150785940268634e-06,7.240774792194316e-06,7.866085041996485e-06,8.319006340684609e-06,8.389929618601855e-06,9.000239117540332e-06,1.090311747553585e-05,1.082876383762255e-05,1.164162585354234e-05,1.311823762032797e-05,1.286377818132678e-05,1.367328086843145e-05,1.473270839014162e-05,1.473270839014162e-05,1.530569114294167e-05
FT-Q-V01-120,powerlessness,distress_depression,9.560409550135596e-08,1.072133856139246e-07,1.199333797829993e-07,5.724020589736867e-08,4.725432958818665e-08,1.017833810568192e-07,5.819874025370097e-07,5.816229462496381e-07,6.008489084052826e-07,7.616042577152093e-07,7.65152240012057e-07,7.747634387378355e-07,9.093052390311366e-07,8.697330025064787e-07,9.903161126700866e-07,9.170843425776454e-07,9.170843425776454e-07,9.736951653849246e-07
FT-Q-V01-121,climatic change,climate,7.116216504954309e-10,0,2.846486601981724e-09,5.845349083100082e-08,5.616523338081159e-08,6.931576107538362e-08,7.66692827404436e-07,6.100814835992285e-07,1.085340898890341e-06,3.56313442917422e-07,3.573384677411223e-07,3.615827607501843e-07,3.692240586073796e-07,3.617756262966343e-07,4.36960797989272e-07,3.539886594197683e-07,3.539886594197683e-07,3.561308840049904e-07
FT-Q-V01-122,climate system,climate,1.607362021260883e-10,0,6.429448085043532e-10,2.190172709859439e-10,1.073125199813063e-10,6.682317199580012e-10,1.525106196664794e-07,1.403666166632789e-07,2.071410512005656e-07,3.265339008386159e-07,3.241748239846132e-07,3.838281383700126e-07,3.076534733301624e-07,2.867988619925654e-07,3.609023630536667e-07,2.96323312701588e-07,2.96323312701588e-07,2.992826562686624e-07
FT-Q-V01-123,climate crisis,crisis_emergency,0,0,0,0,0,0,2.956480328608624e-09,2.015256565790491e-09,5.595947760728137e-09,3.510280103050101e-08,3.116214154774699e-08,7.011102345910736e-08,7.894277433602899e-08,8.700639558822942e-08,9.067888662173118e-08,8.728122682377659e-07,8.728122682377659e-07,9.38814122442011e-07
FT-Q-V01-124,climate emergency,crisis_emergency,0,0,0,0,0,0,5.551845927431742e-11,0,1.866012760975977e-10,1.013537066774095e-09,7.686137559748119e-10,2.424177761306545e-09,6.552228323566019e-09,6.398215714187305e-09,7.295487852720939e-09,2.577383044766179e-07,2.577383044766179e-07,2.626078123846298e-07
FT-Q-V01-125,heat,heat,6.709025996201601e-05,6.688986536801389e-05,7.384357303408251e-05,8.150083713014538e-05,8.383684550916648e-05,8.523965218273921e-05,8.940785119251824e-05,8.679989608225552e-05,0.0001001983961574394,6.680299867380893e-05,6.699682283762241e-05,6.960987830585685e-05,8.581550592454597e-05,8.58316319023722e-05,8.598655275843248e-05,8.494262691610167e-05,8.494262691610167e-05,8.563693643673723e-05
FT-Q-V01-126,extreme heat,heat,3.064288038034935e-07,3.085793259249847e-07,3.295890467214235e-07,2.132281178623963e-07,1.96703842547663e-07,2.477628645580765e-07,1.235440574703928e-07,1.261029182117457e-07,1.304809453955835e-07,1.748445459638995e-07,1.750667351987922e-07,1.84950500723563e-07,2.236595870822959e-07,2.309896030561198e-07,2.31933844241361e-07,3.290400025848794e-07,3.290400025848794e-07,3.640498242307721e-07
FT-Q-V01-127,fear,fear_afraid,9.78389157992865e-05,9.740344211195406e-05,0.0001036414807344954,2.816153422315893e-05,2.781934571771671e-05,2.982965392561709e-05,2.950419119678721e-05,2.99558418095057e-05,3.021943152914375e-05,5.272020097867904e-05,5.173493960921455e-05,5.739877424031786e-05,8.219951422010208e-05,8.166565920408875e-05,8.53677230498312e-05,8.689764493476256e-05,8.689764493476256e-05,8.766914891196811e-05
FT-Q-V01-128,worry,worry,6.198782294131178e-07,6.326840080728147e-07,7.335825773502336e-07,7.063877120846995e-06,7.170873359996222e-06,7.395050226885469e-06,8.457359313801539e-06,8.552264262107201e-06,8.672811873111641e-06,1.888653360003663e-05,1.839911345058454e-05,2.093424902244873e-05,3.875208076975038e-05,3.979197197168105e-05,4.001703780431853e-05,3.87088427658e-05,3.87088427658e-05,3.895329734859843e-05
FT-Q-V01-129,worried,worry,5.655623543376898e-07,5.625563049838078e-07,6.602243218800652e-07,3.162988819482848e-06,3.224714541616436e-06,3.3550703655294e-06,5.554492552306556e-06,5.68047238402869e-06,5.725662830968758e-06,1.210131395801284e-05,1.179015059804556e-05,1.357680030622532e-05,2.746175191248312e-05,2.799075704729148e-05,2.86664579078888e-05,2.825980153886576e-05,2.825980153886576e-05,2.862896829469719e-05
FT-Q-V01-130,concern,concern_alarm,1.677904125521601e-05,1.691307265416775e-05,1.806600510889655e-05,2.288195089401313e-05,2.304848655373948e-05,2.328789579256196e-05,5.205882967031922e-05,5.220939970018712e-05,5.265726562726086e-05,4.805184811640124e-05,4.78470628131767e-05,4.901002867541138e-05,5.010450916938247e-05,4.907035610990373e-05,5.238224919919265e-05,4.513823082484894e-05,4.513823082484894e-05,4.732546146642147e-05
FT-Q-V01-131,anxiety,anxiety,2.213751632496042e-05,2.174992569692336e-05,2.361808290629597e-05,5.595472588026951e-06,5.693942370044169e-06,5.772549865667997e-06,1.296787576166025e-05,1.316118357408413e-05,1.336584155353648e-05,2.101611454818908e-05,2.074672293872482e-05,2.271489070437838e-05,2.967234646196933e-05,2.941194743755204e-05,3.08450222803458e-05,3.598630084411525e-05,3.598630084411525e-05,3.612426158383641e-05
FT-Q-V01-132,danger,danger_threat,6.525921752142949e-05,6.593092764717312e-05,6.715675652912978e-05,3.312194374938682e-05,3.295928431157336e-05,3.397146667794004e-05,1.946926243973773e-05,1.931286580777666e-05,1.996202545281878e-05,2.311571373603619e-05,2.286688573236231e-05,2.455948258290458e-05,3.120248716906767e-05,3.12613904868142e-05,3.182665381018523e-05,3.293040514194129e-05,3.293040514194129e-05,3.447699095004975e-05
FT-Q-V01-133,threat,danger_threat,3.435929849970876e-06,3.433350018511305e-06,3.943764284031204e-06,7.681571725015602e-06,7.912182681479862e-06,8.653301932781687e-06,2.377186628450545e-05,2.365288170835811e-05,2.42327386672514e-05,3.04687995047459e-05,3.041921284818727e-05,3.083848574192416e-05,3.514902798921563e-05,3.481453398990197e-05,3.743174778492175e-05,3.493304115664841e-05,3.493304115664841e-05,3.679926666677602e-05
FT-Q-V01-134,risk,risk,1.962896655083313e-05,1.961534122152386e-05,1.99730877170623e-05,2.279312529367417e-05,2.217880640387193e-05,2.654683845548789e-05,9.421796881279517e-05,9.523120202559188e-05,0.0001033829667244079,0.0001584067004503937,0.0001576748486671227,0.0001651742650861272,0.0001610927165026227,0.0001617306934208473,0.0001708011498060408,0.0001614707561726908,0.0001614707561726908,0.000162323958736478
FT-Q-V01-135,crisis,crisis_emergency,8.619906494936047e-06,8.551903334819144e-06,9.42585871982482e-06,1.209823346588756e-05,1.184857388793203e-05,1.376144248865785e-05,3.244804368905049e-05,3.130539030934618e-05,3.78015926782993e-05,3.440248991349194e-05,3.39990205355141e-05,3.677102140721075e-05,4.636941713560827e-05,4.455437012765295e-05,5.138692945384771e-05,4.980889342261208e-05,4.980889342261208e-05,5.15266768562235e-05
FT-Q-V01-136,emergency,crisis_emergency,4.178330257342822e-06,4.104763235091013e-06,4.67909548618195e-06,4.673960855240411e-05,4.889133331589801e-05,5.248912558454555e-05,4.595352061866412e-05,4.546920429717924e-05,4.871200554200025e-05,4.067974874242663e-05,4.065614299689387e-05,4.206483659474625e-05,3.055133656457154e-05,3.068563872737906e-05,3.082039562257721e-05,3.009412726942898e-05,3.009412726942898e-05,3.099053739761409e-05
FT-Q-V01-137,mortality,harm_loss_consequences,1.322407433690387e-05,1.287484980139197e-05,1.566694004395686e-05,1.704563577928503e-05,1.719115749172079e-05,1.842968771370579e-05,2.614529769677867e-05,2.65909767449557e-05,2.794374572598346e-05,2.153067751302015e-05,2.144933250988051e-05,2.222191297107656e-05,1.799034516891211e-05,1.797212218355992e-05,1.966297418665164e-05,1.883122563572578e-05,1.883122563572578e-05,1.958383349346185e-05
FT-Q-V01-138,heat of the irons,heat,4.098238637340046e-09,4.171519463191942e-09,6.583029232842819e-09,1.577446617773148e-10,1.354462930702738e-10,2.714151126070874e-10,4.527761290895605e-11,5.64096235000644e-11,1.102217761506097e-10,2.736512232093258e-11,0,1.094604892837303e-10,6.857240816837695e-11,5.141121903196044e-11,1.075366740099781e-10,7.820549416392986e-11,7.820549416392986e-11,1.016233625028562e-10
FT-Q-V01-139,heat wave,heat,1.539885441381728e-09,8.223117742289787e-10,4.514918217068953e-09,2.149780281346381e-07,2.173111940673156e-07,2.596803092558275e-07,1.548774984955204e-07,1.53814457934387e-07,1.718059701449892e-07,2.725014982812163e-07,2.566013287772645e-07,3.620105626690739e-07,3.163260567639696e-07,3.163625424441874e-07,3.528359153667782e-07,2.86135784352895e-07,2.86135784352895e-07,3.006541136052476e-07
FT-Q-V01-140,grave threats,danger_threat,3.03060535000732e-10,2.846486657492875e-10,6.429448085043532e-10,2.94722170557371e-09,2.33881092270849e-09,5.043688411365821e-09,1.209014146852372e-08,1.137155755323582e-08,1.505901367493401e-08,1.63276515424346e-08,1.683585487861905e-08,1.763470425242275e-08,1.232613544334867e-08,1.251621790238078e-08,1.387485389081622e-08,1.144487882590028e-08,1.144487882590028e-08,1.346666726048662e-08
FT-Q-V01-141,Be Worried. Be Very Worried.,worry,,,,,,,,,,,,,,,,,,
FT-Q-V01-142,comprehensive risk assessment and management,risk,0,0,0,0,0,0,2.606680427064134e-11,0,1.303340213532067e-10,2.502979386254101e-10,1.759418374880362e-10,4.785185581113183e-10,3.81069227099277e-10,2.879411986622671e-10,6.046857320418653e-10,9.673201961657441e-10,9.673201961657441e-10,1.173534713849733e-09
FT-Q-V01-143,guilt,distress_depression,1.948481809854741e-05,1.924701169286891e-05,2.078726473087045e-05,4.183775730864925e-06,3.763668537715148e-06,6.200304543568791e-06,8.234710778836502e-06,8.151257723909566e-06,8.767309777581861e-06,1.100938463335054e-05,1.096942925947128e-05,1.166701908772438e-05,1.706279404637319e-05,1.731077958311289e-05,1.744112144308474e-05,1.706007338952986e-05,1.706007338952986e-05,1.73075461518124e-05
