Query ID,Anchor,Surface Form,Classification,Compatibility Status,Execution Eligible,Execution Status,Accounting State,Observation Count,Request Surface Form,First Response Ngram,Reason / Error,Retrieved At,Raw Response Path,Provenance Status
FT-Q-V01-001,1842,temperature,BACKGROUND_AMBIGUOUS,COMPATIBLE,True,SUCCEEDED,SUCCESS_NONZERO,181,temperature,temperature (All),Compatible exact string/phrase for unsmoothed public Ngram retrieval (current interface supports up to seven words).,2026-08-26T02:33:45Z,data/fear-temperature/ngram/raw/179a52b9336531c34b94ed0259d967ff017a402a8b91c8b496d5e31653598f08.json,RECONSTRUCTED_FROM_REPORT
FT-Q-V01-002,1842,mean temperature,EXECUTABLE_NGRAM,COMPATIBLE,True,SUCCEEDED,SUCCESS_NONZERO,181,mean temperature,mean temperature (All),Compatible exact string/phrase for unsmoothed public Ngram retrieval (current interface supports up to seven words).,2026-08-26T02:33:46Z,data/fear-temperature/ngram/raw/264e2d12fe20c5aa6284ae43253eabc03ec9e11aa2056afde9e77d33d8e97530.json,RECONSTRUCTED_FROM_REPORT
FT-Q-V01-003,1842,temperature of the air in shade,EXECUTABLE_NGRAM,COMPATIBLE,True,SUCCEEDED,SUCCESS_NONZERO,181,temperature of the air in shade,temperature of the air in shade,Compatible exact string/phrase for unsmoothed public Ngram retrieval (current interface supports up to seven words).,2026-08-26T02:33:47Z,data/fear-temperature/ngram/raw/1524427f0c535f347e97e3332fb50571eca9bae9e865c6017848e2e009d95b39.json,RECONSTRUCTED_FROM_REPORT
FT-Q-V01-004,1842,maximum temperature,EXECUTABLE_NGRAM,COMPATIBLE,True,SUCCEEDED,SUCCESS_NONZERO,181,maximum temperature,maximum temperature (All),Compatible exact string/phrase for unsmoothed public Ngram retrieval (current interface supports up to seven words).,2026-08-26T02:33:48Z,data/fear-temperature/ngram/raw/9ef1e684d6470a99165d520c50c1782090e9e2db528fdf5e71f55f8f1d4f7ce2.json,RECONSTRUCTED_FROM_REPORT
FT-Q-V01-005,1842,minimum temperature,EXECUTABLE_NGRAM,COMPATIBLE,True,SUCCEEDED,SUCCESS_NONZERO,181,minimum temperature,minimum temperature (All),Compatible exact string/phrase for unsmoothed public Ngram retrieval (current interface supports up to seven words).,2026-08-26T02:33:49Z,data/fear-temperature/ngram/raw/f32958ead9a4b7905bc78d007acd99b3363766a0ba25f1c363d262f5614f0be2.json,RECONSTRUCTED_FROM_REPORT
FT-Q-V01-006,1842,mean temperature of sea at surface,EXECUTABLE_NGRAM,COMPATIBLE,True,ZERO_RESULT,ZERO_RESULT,0,mean temperature of sea at surface,NOT_APPLICABLE,Compatible exact string/phrase for unsmoothed public Ngram retrieval (current interface supports up to seven words).,2026-08-26T02:33:49Z,data/fear-temperature/ngram/raw/3821c7b527e63ea16225f9ddeb9ceaf467e51e1486c0c84fca0bc5502dcf20d4.json,RECONSTRUCTED_FROM_REPORT
FT-Q-V01-007,1842,dew point,EXECUTABLE_NGRAM,COMPATIBLE,True,SUCCEEDED,SUCCESS_NONZERO,181,dew point,dew point (All),Compatible exact string/phrase for unsmoothed public Ngram retrieval (current interface supports up to seven words).,2026-08-26T02:33:50Z,data/fear-temperature/ngram/raw/4898435e13db75c393f88431adaa7c57e859e86e427c2a0c7f85ffed43c9489d.json,RECONSTRUCTED_FROM_REPORT
FT-Q-V01-008,1842,standard thermometer,EXECUTABLE_NGRAM,COMPATIBLE,True,SUCCEEDED,SUCCESS_NONZERO,181,standard thermometer,standard thermometer (All),Compatible exact string/phrase for unsmoothed public Ngram retrieval (current interface supports up to seven words).,2026-08-26T02:33:51Z,data/fear-temperature/ngram/raw/1b5489f7c11dc47a84c822f25bba9106c5bb57ed260344f09cccb40c2a47e5ab.json,RECONSTRUCTED_FROM_REPORT
FT-Q-V01-009,1842,attached thermometer,EXECUTABLE_NGRAM,COMPATIBLE,True,SUCCEEDED,SUCCESS_NONZERO,181,attached thermometer,attached thermometer (All),Compatible exact string/phrase for unsmoothed public Ngram retrieval (current interface supports up to seven words).,2026-08-26T02:33:52Z,data/fear-temperature/ngram/raw/6a0588ceb7b0cd726403d59e6ae13eb6618e91f3b5f21baa3ed0fa972b12fdf6.json,RECONSTRUCTED_FROM_REPORT
FT-Q-V01-010,1842,dry bulb thermometer,EXECUTABLE_NGRAM,COMPATIBLE,True,SUCCEEDED,SUCCESS_NONZERO,181,dry bulb thermometer,dry bulb thermometer (All),Compatible exact string/phrase for unsmoothed public Ngram retrieval (current interface supports up to seven words).,2026-08-26T02:33:53Z,data/fear-temperature/ngram/raw/ccf7b062d1c1fa3d9074e3f27879fdf37eb632c5d285dd90fa3bbaaeca5e0586.json,RECONSTRUCTED_FROM_REPORT
FT-Q-V01-011,1842,wet bulb thermometer,EXECUTABLE_NGRAM,COMPATIBLE,True,SUCCEEDED,SUCCESS_NONZERO,181,wet bulb thermometer,wet bulb thermometer (All),Compatible exact string/phrase for unsmoothed public Ngram retrieval (current interface supports up to seven words).,2026-08-26T02:33:54Z,data/fear-temperature/ngram/raw/39268f7b0edac2a3caeb7bce6236c526ab82e48a6b48cb0cc06bf5cf840cbe9a.json,RECONSTRUCTED_FROM_REPORT
FT-Q-V01-012,1842,meteorological observations,EXECUTABLE_NGRAM,COMPATIBLE,True,SUCCEEDED,SUCCESS_NONZERO,181,meteorological observations,meteorological observations (All),Compatible exact string/phrase for unsmoothed public Ngram retrieval (current interface supports up to seven words).,2026-08-26T02:33:55Z,data/fear-temperature/ngram/raw/32e5ce8ef7371cdbf27a5865c35c03777dcd78911b87337158ac77f129ae383f.json,RECONSTRUCTED_FROM_REPORT
FT-Q-V01-013,1842,meteorological journal,EXECUTABLE_NGRAM,COMPATIBLE,True,SUCCEEDED,SUCCESS_NONZERO,181,meteorological journal,meteorological journal (All),Compatible exact string/phrase for unsmoothed public Ngram retrieval (current interface supports up to seven words).,2026-08-26T02:33:55Z,data/fear-temperature/ngram/raw/e11a874b3aa528b4ca775a4792b211f9ae21d79d674027de8fdaf55138f5e246.json,RECONSTRUCTED_FROM_REPORT
FT-Q-V01-014,1842,weather,BACKGROUND_AMBIGUOUS,COMPATIBLE,True,SUCCEEDED,SUCCESS_NONZERO,181,weather,weather (All),Compatible exact string/phrase for unsmoothed public Ngram retrieval (current interface supports up to seven words).,2026-08-26T02:33:56Z,data/fear-temperature/ngram/raw/b1c235e1f9b54d9c47f30260c9750c598212bb32714ef6ab727ce897ed2fe408.json,RECONSTRUCTED_FROM_REPORT
FT-Q-V01-015,1842,climate,BACKGROUND_AMBIGUOUS,COMPATIBLE,True,SUCCEEDED,SUCCESS_NONZERO,181,climate,climate (All),Compatible exact string/phrase for unsmoothed public Ngram retrieval (current interface supports up to seven words).,2026-08-26T02:33:57Z,data/fear-temperature/ngram/raw/15b0e51d7801a15c04a08d94fa0d6eafde8f1970a7229d0a666bcb7896395fae.json,RECONSTRUCTED_FROM_REPORT
FT-Q-V01-016,1842,sun's heat,EXECUTABLE_NGRAM,COMPATIBLE,True,ZERO_RESULT,ZERO_RESULT,0,sun's heat,NOT_APPLICABLE,Compatible exact string/phrase for unsmoothed public Ngram retrieval (current interface supports up to seven words).,2026-08-26T02:33:58Z,data/fear-temperature/ngram/raw/a5e0c6f662bea7df30da2af8d6f74cfa8d7e2db15acbb2556c3ecd3d4ba34a26.json,RECONSTRUCTED_FROM_REPORT
FT-Q-V01-017,1842,radiation of the heat,EXECUTABLE_NGRAM,COMPATIBLE,True,SUCCEEDED,SUCCESS_NONZERO,181,radiation of the heat,radiation of the heat (All),Compatible exact string/phrase for unsmoothed public Ngram retrieval (current interface supports up to seven words).,2026-08-26T02:33:59Z,data/fear-temperature/ngram/raw/b1d91453b664fdcc21e4e3d3431ebf93f214078ffc9208777f1b541cd6603b40.json,RECONSTRUCTED_FROM_REPORT
FT-Q-V01-018,1842,changes of temperature,EXECUTABLE_NGRAM,COMPATIBLE,True,SUCCEEDED,SUCCESS_NONZERO,181,changes of temperature,changes of temperature (All),Compatible exact string/phrase for unsmoothed public Ngram retrieval (current interface supports up to seven words).,2026-08-26T02:34:00Z,data/fear-temperature/ngram/raw/e6b380a089b14610402078727599ceb65a1975ef78d3de6b2dc206afdbe3ddba.json,RECONSTRUCTED_FROM_REPORT
FT-Q-V01-019,1842,excessive heat,EXECUTABLE_NGRAM,COMPATIBLE,True,SUCCEEDED,SUCCESS_NONZERO,181,excessive heat,excessive heat (All),Compatible exact string/phrase for unsmoothed public Ngram retrieval (current interface supports up to seven words).,2026-08-26T02:34:00Z,data/fear-temperature/ngram/raw/f7c0a10c571c1deb244f8aad5b8580355924bf82e62e8910fbf3e507732cb56e.json,RECONSTRUCTED_FROM_REPORT
FT-Q-V01-020,1842,heat of the men,EXECUTABLE_NGRAM,COMPATIBLE,True,SUCCEEDED,SUCCESS_NONZERO,181,heat of the men,heat of the men,Compatible exact string/phrase for unsmoothed public Ngram retrieval (current interface supports up to seven words).,2026-08-26T02:34:01Z,data/fear-temperature/ngram/raw/092dbc9916c5011136639ba399e86bd9ee47958643e7546a67c81d6201da72e9.json,RECONSTRUCTED_FROM_REPORT
FT-Q-V01-021,1938,artificial production of carbon dioxide,EXECUTABLE_NGRAM,COMPATIBLE,True,SUCCEEDED,SUCCESS_NONZERO,181,artificial production of carbon dioxide,artificial production of carbon dioxide (All),Compatible exact string/phrase for unsmoothed public Ngram retrieval (current interface supports up to seven words).,2026-08-26T02:34:02Z,data/fear-temperature/ngram/raw/2070ecc01d91fb37ee4d7883be04c16d4a7880b3a2dff5f0827d4e72b3e577c0.json,RECONSTRUCTED_FROM_REPORT
FT-Q-V01-022,1938,carbon dioxide,EXECUTABLE_NGRAM,COMPATIBLE,True,SUCCEEDED,SUCCESS_NONZERO,181,carbon dioxide,carbon dioxide (All),Compatible exact string/phrase for unsmoothed public Ngram retrieval (current interface supports up to seven words).,2026-08-26T02:34:03Z,data/fear-temperature/ngram/raw/4cb80f44edde6549156066466a74bfc57366da8f1cf6ad90b5890db731dd8d38.json,RECONSTRUCTED_FROM_REPORT
FT-Q-V01-023,1938,fuel combustion,EXECUTABLE_NGRAM,COMPATIBLE,True,SUCCEEDED,SUCCESS_NONZERO,181,fuel combustion,fuel combustion (All),Compatible exact string/phrase for unsmoothed public Ngram retrieval (current interface supports up to seven words).,2026-08-26T02:34:04Z,data/fear-temperature/ngram/raw/12a8595c1716a3689b1352a631f6c4cb21fd6f97651228f8731d5c059da7ddcd.json,RECONSTRUCTED_FROM_REPORT
FT-Q-V01-024,1938,air,BACKGROUND_AMBIGUOUS,COMPATIBLE,True,SUCCEEDED,SUCCESS_NONZERO,181,air,air (All),Compatible exact string/phrase for unsmoothed public Ngram retrieval (current interface supports up to seven words).,2026-08-26T02:34:05Z,data/fear-temperature/ngram/raw/d1d71646f7752f96d980c2569f429edc861dee3fe41954ab8819ae80ac484917.json,RECONSTRUCTED_FROM_REPORT
FT-Q-V01-025,1938,atmosphere,BACKGROUND_AMBIGUOUS,COMPATIBLE,True,SUCCEEDED,SUCCESS_NONZERO,181,atmosphere,atmosphere (All),Compatible exact string/phrase for unsmoothed public Ngram retrieval (current interface supports up to seven words).,2026-08-26T02:34:06Z,data/fear-temperature/ngram/raw/02abb1ffa0f647541454d9a403cb3fde6448b9c7ffe5a64372a582db79e9c276.json,RECONSTRUCTED_FROM_REPORT
FT-Q-V01-026,1938,radiation absorption coefficients,EXECUTABLE_NGRAM,COMPATIBLE,True,SUCCEEDED,SUCCESS_NONZERO,181,radiation absorption coefficients,radiation absorption coefficients (All),Compatible exact string/phrase for unsmoothed public Ngram retrieval (current interface supports up to seven words).,2026-08-26T02:34:06Z,data/fear-temperature/ngram/raw/2171601fde96b2bd2865c8be4c2da3ae797032f05534d51e6686631886ce7cdb.json,RECONSTRUCTED_FROM_REPORT
FT-Q-V01-027,1938,water vapour,EXECUTABLE_NGRAM,COMPATIBLE,True,SUCCEEDED,SUCCESS_NONZERO,181,water vapour,water vapour (All),Compatible exact string/phrase for unsmoothed public Ngram retrieval (current interface supports up to seven words).,2026-08-26T02:34:07Z,data/fear-temperature/ngram/raw/f51ff51dc09cac2d8a00e7b237acf835741ce26e1efca30bbc7f9b4da5279a28.json,RECONSTRUCTED_FROM_REPORT
FT-Q-V01-028,1938,sky radiation,EXECUTABLE_NGRAM,COMPATIBLE,True,SUCCEEDED,SUCCESS_NONZERO,181,sky radiation,sky radiation (All),Compatible exact string/phrase for unsmoothed public Ngram retrieval (current interface supports up to seven words).,2026-08-26T02:34:08Z,data/fear-temperature/ngram/raw/25f6f758b041c15280f5b78e2745bcaf174c736ac625ba6c8fa3f9e9b8acb3d0.json,RECONSTRUCTED_FROM_REPORT
FT-Q-V01-029,1938,increase in mean temperature,EXECUTABLE_NGRAM,COMPATIBLE,True,SUCCEEDED,SUCCESS_NONZERO,181,increase in mean temperature,increase in mean temperature (All),Compatible exact string/phrase for unsmoothed public Ngram retrieval (current interface supports up to seven words).,2026-08-26T02:34:09Z,data/fear-temperature/ngram/raw/f17eca0292278251b17b3815a9781852804a5b948c3f6ebb56f9d678e7907143.json,RECONSTRUCTED_FROM_REPORT
FT-Q-V01-030,1938,mean temperature,EXECUTABLE_NGRAM,COMPATIBLE,True,SUCCEEDED,SUCCESS_NONZERO,181,mean temperature,mean temperature (All),Compatible exact string/phrase for unsmoothed public Ngram retrieval (current interface supports up to seven words).,2026-08-26T02:33:46Z,data/fear-temperature/ngram/raw/264e2d12fe20c5aa6284ae43253eabc03ec9e11aa2056afde9e77d33d8e97530.json,RECONSTRUCTED_FROM_REPORT
FT-Q-V01-031,1938,temperature observations,EXECUTABLE_NGRAM,COMPATIBLE,True,SUCCEEDED,SUCCESS_NONZERO,181,temperature observations,temperature observations (All),Compatible exact string/phrase for unsmoothed public Ngram retrieval (current interface supports up to seven words).,2026-08-26T02:34:18Z,data/fear-temperature/ngram/raw/66206e9216362147b860e1e6c3a8001945a83264107212b1c0f3c3d2fd551522.json,RECONSTRUCTED_FROM_REPORT
FT-Q-V01-032,1938,meteorological stations,EXECUTABLE_NGRAM,COMPATIBLE,True,SUCCEEDED,SUCCESS_NONZERO,181,meteorological stations,meteorological stations (All),Compatible exact string/phrase for unsmoothed public Ngram retrieval (current interface supports up to seven words).,2026-08-26T02:34:19Z,data/fear-temperature/ngram/raw/e9d57e4d27daeaa5ff3a311226643238760265d483bb429b63cf1eaf703e26ff.json,RECONSTRUCTED_FROM_REPORT
FT-Q-V01-033,1938,world temperatures,EXECUTABLE_NGRAM,COMPATIBLE,True,SUCCEEDED,SUCCESS_NONZERO,181,world temperatures,world temperatures (All),Compatible exact string/phrase for unsmoothed public Ngram retrieval (current interface supports up to seven words).,2026-08-26T02:34:20Z,data/fear-temperature/ngram/raw/c7e50063801250140864a7c772bbe06a1a5b4b6b0adaa4ccb81beedc0fdd8bbc.json,RECONSTRUCTED_FROM_REPORT
FT-Q-V01-034,1938,actually increased,EXECUTABLE_NGRAM,COMPATIBLE,True,SUCCEEDED,SUCCESS_NONZERO,181,actually increased,actually increased (All),Compatible exact string/phrase for unsmoothed public Ngram retrieval (current interface supports up to seven words).,2026-08-26T02:34:21Z,data/fear-temperature/ngram/raw/9167b97ea3895d8f249f2aa5de33317b397ec2743be4c95d3c595b1798795eb5.json,RECONSTRUCTED_FROM_REPORT
FT-Q-V01-035,1938,average rate,EXECUTABLE_NGRAM,COMPATIBLE,True,SUCCEEDED,SUCCESS_NONZERO,181,average rate,average rate (All),Compatible exact string/phrase for unsmoothed public Ngram retrieval (current interface supports up to seven words).,2026-08-26T02:34:22Z,data/fear-temperature/ngram/raw/e427f2da752395cacbd7c32fdf3f8f75639075e807d2631a0c0fc4f137209b9f.json,RECONSTRUCTED_FROM_REPORT
FT-Q-V01-036,1938,small increases in mean temperature,EXECUTABLE_NGRAM,COMPATIBLE,True,ZERO_RESULT,ZERO_RESULT,0,small increases in mean temperature,NOT_APPLICABLE,Compatible exact string/phrase for unsmoothed public Ngram retrieval (current interface supports up to seven words).,2026-08-26T02:34:22Z,data/fear-temperature/ngram/raw/d6d0759da43a3f360d038f003e572d16c77ddbfc718996d3d12107850601cb5e.json,RECONSTRUCTED_FROM_REPORT
FT-Q-V01-037,1938,deadly glaciers,EXECUTABLE_NGRAM,COMPATIBLE,True,SUCCEEDED,SUCCESS_NONZERO,181,deadly glaciers,deadly glaciers,Compatible exact string/phrase for unsmoothed public Ngram retrieval (current interface supports up to seven words).,2026-08-26T02:34:23Z,data/fear-temperature/ngram/raw/acd1c78d49da2b3a6c3ef64dbd5a9c1d23715156d453753d86190a592a0bf21f.json,RECONSTRUCTED_FROM_REPORT
FT-Q-V01-038,1938,rather a coincidence,EXECUTABLE_NGRAM,COMPATIBLE,True,SUCCEEDED,SUCCESS_NONZERO,181,rather a coincidence,rather a coincidence (All),Compatible exact string/phrase for unsmoothed public Ngram retrieval (current interface supports up to seven words).,2026-08-26T02:34:24Z,data/fear-temperature/ngram/raw/bca4b0be62a4f63b3d0e7919b771c514c52a4bdc627ec3a3afe9095da1caf1ba.json,RECONSTRUCTED_FROM_REPORT
FT-Q-V01-039,1938,Hottest Day for Ten Years,EXECUTABLE_NGRAM,COMPATIBLE,True,ZERO_RESULT,ZERO_RESULT,0,Hottest Day for Ten Years,NOT_APPLICABLE,Compatible exact string/phrase for unsmoothed public Ngram retrieval (current interface supports up to seven words).,2026-08-26T02:34:25Z,data/fear-temperature/ngram/raw/7c1cabc675b2da12af25d48ca83988bcbc1381ceee50bb7b5e8500626cbe9b00.json,RECONSTRUCTED_FROM_REPORT
FT-Q-V01-040,1938,Heat Wave Over Queensland,EXECUTABLE_NGRAM,COMPATIBLE,True,ZERO_RESULT,ZERO_RESULT,0,Heat Wave Over Queensland,NOT_APPLICABLE,Compatible exact string/phrase for unsmoothed public Ngram retrieval (current interface supports up to seven words).,2026-08-26T02:34:26Z,data/fear-temperature/ngram/raw/ff4de47b36b0ffff4f03545db968f819af528c6de47ea4be4984876b37550a41.json,RECONSTRUCTED_FROM_REPORT
FT-Q-V01-041,1988,greenhouse effect,EXECUTABLE_NGRAM,COMPATIBLE,True,SUCCEEDED,SUCCESS_NONZERO,181,greenhouse effect,greenhouse effect (All),Compatible exact string/phrase for unsmoothed public Ngram retrieval (current interface supports up to seven words).,2026-08-26T02:34:26Z,data/fear-temperature/ngram/raw/205959f263c8ae6824e66753a55df505e51b40905b28c4cb916bd1952aea4bdb.json,RECONSTRUCTED_FROM_REPORT
FT-Q-V01-042,1988,global warming,EXECUTABLE_NGRAM,COMPATIBLE,True,SUCCEEDED,SUCCESS_NONZERO,181,global warming,global warming (All),Compatible exact string/phrase for unsmoothed public Ngram retrieval (current interface supports up to seven words).,2026-08-26T02:34:27Z,data/fear-temperature/ngram/raw/e982c3b5d6e77fc759f19bb2931d892bfaa9221ade4a44977579a8d5a8afab71.json,RECONSTRUCTED_FROM_REPORT
FT-Q-V01-043,1988,earth is warmer,EXECUTABLE_NGRAM,COMPATIBLE,True,SUCCEEDED,SUCCESS_NONZERO,181,earth is warmer,earth is warmer (All),Compatible exact string/phrase for unsmoothed public Ngram retrieval (current interface supports up to seven words).,2026-08-26T02:34:28Z,data/fear-temperature/ngram/raw/ae93b0533e9e2ca24d879c60ebc4c416dc7f4834ae02aa0e97387d0fc291a9d5.json,RECONSTRUCTED_FROM_REPORT
FT-Q-V01-044,1988,instrumental measurements,EXECUTABLE_NGRAM,COMPATIBLE,True,SUCCEEDED,SUCCESS_NONZERO,181,instrumental measurements,instrumental measurements (All),Compatible exact string/phrase for unsmoothed public Ngram retrieval (current interface supports up to seven words).,2026-08-26T02:34:29Z,data/fear-temperature/ngram/raw/c3041954c2284cf34bcd5a29020d6fdb5062957ed9d066a23d0fa6dec11d5477.json,RECONSTRUCTED_FROM_REPORT
FT-Q-V01-045,1988,cause-and-effect relationship,EXECUTABLE_NGRAM,COMPATIBLE,True,SUCCEEDED,SUCCESS_NONZERO,181,cause-and-effect relationship,cause - and - effect relationship (All),Compatible exact string/phrase for unsmoothed public Ngram retrieval (current interface supports up to seven words).,2026-08-26T02:34:30Z,data/fear-temperature/ngram/raw/e8efe8017919981d401ccd71f2302b528ff86d0e6a69149a56ed3d7dde862bfc.json,RECONSTRUCTED_FROM_REPORT
FT-Q-V01-046,1988,global temperature,EXECUTABLE_NGRAM,COMPATIBLE,True,SUCCEEDED,SUCCESS_NONZERO,181,global temperature,global temperature (All),Compatible exact string/phrase for unsmoothed public Ngram retrieval (current interface supports up to seven words).,2026-08-26T02:34:30Z,data/fear-temperature/ngram/raw/9d665931c5878a5de16bd731767c2e6571f77c1eb6e01bf9fa50497db3ebbd93.json,RECONSTRUCTED_FROM_REPORT
FT-Q-V01-047,1988,regional heat waves,EXECUTABLE_NGRAM,COMPATIBLE,True,SUCCEEDED,SUCCESS_NONZERO,181,regional heat waves,regional heat waves (All),Compatible exact string/phrase for unsmoothed public Ngram retrieval (current interface supports up to seven words).,2026-08-26T02:34:31Z,data/fear-temperature/ngram/raw/9937ebec5dbc305d8752f541539d2c1d1521c4688bdf38c7075d02cee934d6b0.json,RECONSTRUCTED_FROM_REPORT
FT-Q-V01-048,1988,heat wave,EXECUTABLE_NGRAM,COMPATIBLE,True,SUCCEEDED,SUCCESS_NONZERO,181,heat wave,heat wave (All),Compatible exact string/phrase for unsmoothed public Ngram retrieval (current interface supports up to seven words).,2026-08-26T02:34:32Z,data/fear-temperature/ngram/raw/306e212ec9cdb980f5e1f91f3e6734e7998c99820aa93fd4a8109533d1676f5a.json,RECONSTRUCTED_FROM_REPORT
FT-Q-V01-049,1988,drought,BACKGROUND_AMBIGUOUS,COMPATIBLE,True,SUCCEEDED,SUCCESS_NONZERO,181,drought,drought (All),Compatible exact string/phrase for unsmoothed public Ngram retrieval (current interface supports up to seven words).,2026-08-26T02:34:33Z,data/fear-temperature/ngram/raw/a3bdefd3e410e2b0f75ef6e82328b0b053a2b9a4d162237384d67e405f89fe96.json,RECONSTRUCTED_FROM_REPORT
FT-Q-V01-050,1988,heat wave/drought occurrences,EXECUTABLE_CORPUS_ONLY,STRUCTURALLY_UNSUPPORTED,False,NOT_RUN_INCOMPATIBLE,TECHNICALLY_UNREPRESENTABLE,0,heat wave/drought occurrences,NOT_APPLICABLE,Slash construction is not a defensible isolated Ngram phrase.,NOT_APPLICABLE,NOT_APPLICABLE,RECONSTRUCTED_FROM_REPORT
FT-Q-V01-051,1988,extreme events,EXECUTABLE_NGRAM,COMPATIBLE,True,SUCCEEDED,SUCCESS_NONZERO,181,extreme events,extreme events (All),Compatible exact string/phrase for unsmoothed public Ngram retrieval (current interface supports up to seven words).,2026-08-26T02:34:34Z,data/fear-temperature/ngram/raw/2f8cbf9b55aae32ec25fe5c485850b9461d5296a85a191304d2d582edd1a8448.json,RECONSTRUCTED_FROM_REPORT
FT-Q-V01-052,1988,global climate models,EXECUTABLE_NGRAM,COMPATIBLE,True,SUCCEEDED,SUCCESS_NONZERO,181,global climate models,global climate models (All),Compatible exact string/phrase for unsmoothed public Ngram retrieval (current interface supports up to seven words).,2026-08-26T02:34:34Z,data/fear-temperature/ngram/raw/804d613b38ca8ff6fa01fb2e1f4e6d91e7b874a9e4472af082eb9e1155863731.json,RECONSTRUCTED_FROM_REPORT
FT-Q-V01-053,1988,global observations,EXECUTABLE_NGRAM,COMPATIBLE,True,SUCCEEDED,SUCCESS_NONZERO,181,global observations,global observations (All),Compatible exact string/phrase for unsmoothed public Ngram retrieval (current interface supports up to seven words).,2026-08-26T02:34:35Z,data/fear-temperature/ngram/raw/d002a730e85fdef3f5ec37960af0518814de2fb4a5adf229395a737b937a15d9.json,RECONSTRUCTED_FROM_REPORT
FT-Q-V01-054,1988,warm air,EXECUTABLE_NGRAM,COMPATIBLE,True,SUCCEEDED,SUCCESS_NONZERO,181,warm air,warm air (All),Compatible exact string/phrase for unsmoothed public Ngram retrieval (current interface supports up to seven words).,2026-08-26T02:34:36Z,data/fear-temperature/ngram/raw/815c60311238a418153e263ec5d032bdb11f2ad98f6938675e0f2291e0d31283.json,RECONSTRUCTED_FROM_REPORT
FT-Q-V01-055,1988,changing atmosphere,EXECUTABLE_NGRAM,COMPATIBLE,True,SUCCEEDED,SUCCESS_NONZERO,181,changing atmosphere,changing atmosphere (All),Compatible exact string/phrase for unsmoothed public Ngram retrieval (current interface supports up to seven words).,2026-08-26T02:34:37Z,data/fear-temperature/ngram/raw/d85a605bd6ea660c1f4aa52a4a83b71832a460c045386101932b8aac3fb6f215.json,RECONSTRUCTED_FROM_REPORT
FT-Q-V01-056,1988,global security,EXECUTABLE_NGRAM,COMPATIBLE,True,SUCCEEDED,SUCCESS_NONZERO,181,global security,global security (All),Compatible exact string/phrase for unsmoothed public Ngram retrieval (current interface supports up to seven words).,2026-08-26T02:34:38Z,data/fear-temperature/ngram/raw/37f3c91b5bdb2434e5e7fbfc823d1f62804dd9a06082e829967508e3305f442f.json,RECONSTRUCTED_FROM_REPORT
FT-Q-V01-057,1988,climate warming,EXECUTABLE_NGRAM,COMPATIBLE,True,SUCCEEDED,SUCCESS_NONZERO,181,climate warming,climate warming (All),Compatible exact string/phrase for unsmoothed public Ngram retrieval (current interface supports up to seven words).,2026-08-26T02:34:39Z,data/fear-temperature/ngram/raw/b007c4e4f28b0d91c852846fb12cbb9f19e181cbfebe2c7ad3081912a94fdef1.json,RECONSTRUCTED_FROM_REPORT
FT-Q-V01-058,1988,changed climatic extremes,EXECUTABLE_NGRAM,COMPATIBLE,True,ZERO_RESULT,ZERO_RESULT,0,changed climatic extremes,NOT_APPLICABLE,Compatible exact string/phrase for unsmoothed public Ngram retrieval (current interface supports up to seven words).,2026-08-26T02:34:40Z,data/fear-temperature/ngram/raw/e3c721797f491dbfd313d1ebf26dce903f725eee8b0becece08b3766489bec5e.json,RECONSTRUCTED_FROM_REPORT
FT-Q-V01-059,1988,major threat,EXECUTABLE_NGRAM,COMPATIBLE,True,SUCCEEDED,SUCCESS_NONZERO,181,major threat,major threat (All),Compatible exact string/phrase for unsmoothed public Ngram retrieval (current interface supports up to seven words).,2026-08-26T02:34:41Z,data/fear-temperature/ngram/raw/3852fb8c0602dd1dd7e82aede6ff96df951ae0ab14e8dff39d9436087f4b2d1e.json,RECONSTRUCTED_FROM_REPORT
FT-Q-V01-060,1988,harmful consequences,EXECUTABLE_NGRAM,COMPATIBLE,True,SUCCEEDED,SUCCESS_NONZERO,181,harmful consequences,harmful consequences (All),Compatible exact string/phrase for unsmoothed public Ngram retrieval (current interface supports up to seven words).,2026-08-26T02:34:41Z,data/fear-temperature/ngram/raw/ca8b82883f6811093ecec7cb6aa37b2187c9c8705f722490a53620e189c7b504.json,RECONSTRUCTED_FROM_REPORT
FT-Q-V01-061,2006–2007,warming of the climate system,EXECUTABLE_NGRAM,COMPATIBLE,True,SUCCEEDED,SUCCESS_NONZERO,181,warming of the climate system,warming of the climate system (All),Compatible exact string/phrase for unsmoothed public Ngram retrieval (current interface supports up to seven words).,2026-08-26T02:34:42Z,data/fear-temperature/ngram/raw/8dcf3248dddb111a1f30bab5b3545357d072f4605eedc0c49e65add20572aa70.json,RECONSTRUCTED_FROM_REPORT
FT-Q-V01-062,2006–2007,unequivocal,EXECUTABLE_NGRAM,COMPATIBLE,True,SUCCEEDED,SUCCESS_NONZERO,181,unequivocal,unequivocal (All),Compatible exact string/phrase for unsmoothed public Ngram retrieval (current interface supports up to seven words).,2026-08-26T02:34:51Z,data/fear-temperature/ngram/raw/589b222dcaad46517e9261b3de8c0a74d95549534dafe4e4c9401053bb014a0f.json,RECONSTRUCTED_FROM_REPORT
FT-Q-V01-063,2006–2007,global average air and ocean temperatures,EXECUTABLE_NGRAM,COMPATIBLE,True,SUCCEEDED,SUCCESS_NONZERO,181,global average air and ocean temperatures,global average air and ocean temperatures,Compatible exact string/phrase for unsmoothed public Ngram retrieval (current interface supports up to seven words).,2026-08-26T02:34:52Z,data/fear-temperature/ngram/raw/f73af1ae45c262eb8a777b662382952c3959bd2b5435d50eb84ffa31953e7815.json,RECONSTRUCTED_FROM_REPORT
FT-Q-V01-064,2006–2007,global surface temperature,EXECUTABLE_NGRAM,COMPATIBLE,True,SUCCEEDED,SUCCESS_NONZERO,181,global surface temperature,global surface temperature (All),Compatible exact string/phrase for unsmoothed public Ngram retrieval (current interface supports up to seven words).,2026-08-26T02:34:53Z,data/fear-temperature/ngram/raw/0c509bcbc95a5c5d481b3d693eaf5548c14084450a9268d3c1f9640d9ccedf23.json,RECONSTRUCTED_FROM_REPORT
FT-Q-V01-065,2006–2007,temperature increase,EXECUTABLE_NGRAM,COMPATIBLE,True,SUCCEEDED,SUCCESS_NONZERO,181,temperature increase,temperature increase (All),Compatible exact string/phrase for unsmoothed public Ngram retrieval (current interface supports up to seven words).,2026-08-26T02:34:54Z,data/fear-temperature/ngram/raw/e6efba58d92f6e3c0b60cedfb131afc6f4d35abfc0f251f7d7b486284e4283e4.json,RECONSTRUCTED_FROM_REPORT
FT-Q-V01-066,2006–2007,rising global average sea level,EXECUTABLE_NGRAM,COMPATIBLE,True,SUCCEEDED,SUCCESS_NONZERO,181,rising global average sea level,rising global average sea level,Compatible exact string/phrase for unsmoothed public Ngram retrieval (current interface supports up to seven words).,2026-08-26T02:34:54Z,data/fear-temperature/ngram/raw/87718eb09b1ce320108dbcce3dd7b6faaf2c6f10134af590aa1e6d5c0f1f5363.json,RECONSTRUCTED_FROM_REPORT
FT-Q-V01-067,2006–2007,widespread melting of snow and ice,EXECUTABLE_NGRAM,COMPATIBLE,True,SUCCEEDED,SUCCESS_NONZERO,181,widespread melting of snow and ice,widespread melting of snow and ice,Compatible exact string/phrase for unsmoothed public Ngram retrieval (current interface supports up to seven words).,2026-08-26T02:34:55Z,data/fear-temperature/ngram/raw/806fa1b4d7e70879a062cfd1acba0fee5db80a00c9014f31015edfe13f8f81fa.json,RECONSTRUCTED_FROM_REPORT
FT-Q-V01-068,2006–2007,anthropogenic CO₂,EXECUTABLE_CORPUS_ONLY,NUMERIC_OR_SYMBOLIC,False,NOT_RUN_INCOMPATIBLE,TECHNICALLY_UNREPRESENTABLE,0,anthropogenic CO₂,NOT_APPLICABLE,Degree/subscript notation is not queried as an isolated public-interface Ngram.,NOT_APPLICABLE,NOT_APPLICABLE,RECONSTRUCTED_FROM_REPORT
FT-Q-V01-069,2006–2007,anthropogenic GHG emissions,EXECUTABLE_NGRAM,COMPATIBLE,True,SUCCEEDED,SUCCESS_NONZERO,181,anthropogenic GHG emissions,anthropogenic GHG emissions (All),Compatible exact string/phrase for unsmoothed public Ngram retrieval (current interface supports up to seven words).,2026-08-26T02:34:56Z,data/fear-temperature/ngram/raw/914334e57db329f472c585240f860566f4453aba88a7a68d703eb2b8ba0b7e47.json,RECONSTRUCTED_FROM_REPORT
FT-Q-V01-070,2006–2007,climate change,EXECUTABLE_NGRAM,COMPATIBLE,True,SUCCEEDED,SUCCESS_NONZERO,181,climate change,climate change (All),Compatible exact string/phrase for unsmoothed public Ngram retrieval (current interface supports up to seven words).,2026-08-26T02:34:57Z,data/fear-temperature/ngram/raw/c0c3021f09dbdf3542c85e1a8bd4e013bd4d99d85af63bbd55f5e05a6a7ddd2b.json,RECONSTRUCTED_FROM_REPORT
FT-Q-V01-071,2006–2007,global warming,EXECUTABLE_NGRAM,COMPATIBLE,True,SUCCEEDED,SUCCESS_NONZERO,181,global warming,global warming (All),Compatible exact string/phrase for unsmoothed public Ngram retrieval (current interface supports up to seven words).,2026-08-26T02:34:27Z,data/fear-temperature/ngram/raw/e982c3b5d6e77fc759f19bb2931d892bfaa9221ade4a44977579a8d5a8afab71.json,RECONSTRUCTED_FROM_REPORT
FT-Q-V01-072,2006–2007,serious global threat,EXECUTABLE_NGRAM,COMPATIBLE,True,SUCCEEDED,SUCCESS_NONZERO,181,serious global threat,serious global threat,Compatible exact string/phrase for unsmoothed public Ngram retrieval (current interface supports up to seven words).,2026-08-26T02:34:58Z,data/fear-temperature/ngram/raw/5b32321ca744b813f5972199bf6100cca59a22ed8377107ee90f3439bdecbfa6.json,RECONSTRUCTED_FROM_REPORT
FT-Q-V01-073,2006–2007,urgent global response,EXECUTABLE_NGRAM,COMPATIBLE,True,SUCCEEDED,SUCCESS_NONZERO,181,urgent global response,urgent global response,Compatible exact string/phrase for unsmoothed public Ngram retrieval (current interface supports up to seven words).,2026-08-26T02:34:58Z,data/fear-temperature/ngram/raw/2b3e1b1685a35825228a411e6215b23d8f9bb83c5a827b09d9abd02b86000899.json,RECONSTRUCTED_FROM_REPORT
FT-Q-V01-074,2006–2007,costs and risks of climate change,EXECUTABLE_NGRAM,COMPATIBLE,True,SUCCEEDED,SUCCESS_NONZERO,181,costs and risks of climate change,costs and risks of climate change,Compatible exact string/phrase for unsmoothed public Ngram retrieval (current interface supports up to seven words).,2026-08-26T02:34:59Z,data/fear-temperature/ngram/raw/8bd78b7ad15e9e48d2ac43434782eef178ec9ab9fe62373cb5361adae97daf18.json,RECONSTRUCTED_FROM_REPORT
FT-Q-V01-075,2006–2007,impacts of climate change,EXECUTABLE_NGRAM,COMPATIBLE,True,SUCCEEDED,SUCCESS_NONZERO,181,impacts of climate change,impacts of climate change (All),Compatible exact string/phrase for unsmoothed public Ngram retrieval (current interface supports up to seven words).,2026-08-26T02:35:00Z,data/fear-temperature/ngram/raw/10edc30626c2300c5c7fd37f88b17289d17de5d55c5e717eb20c37a82770241c.json,RECONSTRUCTED_FROM_REPORT
FT-Q-V01-076,2006–2007,damage,BACKGROUND_AMBIGUOUS,COMPATIBLE,True,SUCCEEDED,SUCCESS_NONZERO,181,damage,damage (All),Compatible exact string/phrase for unsmoothed public Ngram retrieval (current interface supports up to seven words).,2026-08-26T02:35:01Z,data/fear-temperature/ngram/raw/d01f41629ee6773134a211a7026f5208a1c2513b8707a3bed0900691e7c0f8c8.json,RECONSTRUCTED_FROM_REPORT
FT-Q-V01-077,2006–2007,hunger,EXECUTABLE_NGRAM,COMPATIBLE,True,SUCCEEDED,SUCCESS_NONZERO,181,hunger,hunger (All),Compatible exact string/phrase for unsmoothed public Ngram retrieval (current interface supports up to seven words).,2026-08-26T02:35:02Z,data/fear-temperature/ngram/raw/316db15cf9762a5992d3f01731d219bae77ccddd5b4e7b3a3624d6529956f51c.json,RECONSTRUCTED_FROM_REPORT
FT-Q-V01-078,2006–2007,water shortages,EXECUTABLE_NGRAM,COMPATIBLE,True,SUCCEEDED,SUCCESS_NONZERO,181,water shortages,water shortages (All),Compatible exact string/phrase for unsmoothed public Ngram retrieval (current interface supports up to seven words).,2026-08-26T02:35:02Z,data/fear-temperature/ngram/raw/1efef2d790a347bb687eb3d223fce6047f4cbe50b45e07fb13a40f36a37a8053.json,RECONSTRUCTED_FROM_REPORT
FT-Q-V01-079,2006–2007,coastal flooding,EXECUTABLE_NGRAM,COMPATIBLE,True,SUCCEEDED,SUCCESS_NONZERO,181,coastal flooding,coastal flooding (All),Compatible exact string/phrase for unsmoothed public Ngram retrieval (current interface supports up to seven words).,2026-08-26T02:35:03Z,data/fear-temperature/ngram/raw/52bfa613753c4eadca65ad755383bb46d16281d2f73bd1c629782b94ca7ca635.json,RECONSTRUCTED_FROM_REPORT
FT-Q-V01-080,2006–2007,worst impacts,EXECUTABLE_NGRAM,COMPATIBLE,True,SUCCEEDED,SUCCESS_NONZERO,181,worst impacts,worst impacts (All),Compatible exact string/phrase for unsmoothed public Ngram retrieval (current interface supports up to seven words).,2026-08-26T02:35:04Z,data/fear-temperature/ngram/raw/ef191d5d6d10d37fbddf1313d24b7921544ca0578b9663de780c6b926ed9497b.json,RECONSTRUCTED_FROM_REPORT
FT-Q-V01-081,2015,climate change,EXECUTABLE_NGRAM,COMPATIBLE,True,SUCCEEDED,SUCCESS_NONZERO,181,climate change,climate change (All),Compatible exact string/phrase for unsmoothed public Ngram retrieval (current interface supports up to seven words).,2026-08-26T02:34:57Z,data/fear-temperature/ngram/raw/c0c3021f09dbdf3542c85e1a8bd4e013bd4d99d85af63bbd55f5e05a6a7ddd2b.json,RECONSTRUCTED_FROM_REPORT
FT-Q-V01-082,2015,threat of climate change,EXECUTABLE_NGRAM,COMPATIBLE,True,SUCCEEDED,SUCCESS_NONZERO,181,threat of climate change,threat of climate change (All),Compatible exact string/phrase for unsmoothed public Ngram retrieval (current interface supports up to seven words).,2026-08-26T02:35:05Z,data/fear-temperature/ngram/raw/80f335fb2f081618fb98e644333ac39d4ab1da3118610e2c37f4c52eaba6f01e.json,RECONSTRUCTED_FROM_REPORT
FT-Q-V01-083,2015,global average temperature,EXECUTABLE_NGRAM,COMPATIBLE,True,SUCCEEDED,SUCCESS_NONZERO,181,global average temperature,global average temperature (All),Compatible exact string/phrase for unsmoothed public Ngram retrieval (current interface supports up to seven words).,2026-08-26T02:35:06Z,data/fear-temperature/ngram/raw/fec10abcfbf0091d0548b70a06317daaadc5fc16f753d8243a75bd2e1dbbcb94.json,RECONSTRUCTED_FROM_REPORT
FT-Q-V01-084,2015,well below 2°C above pre-industrial levels,EXECUTABLE_CORPUS_ONLY,NUMERIC_OR_SYMBOLIC,False,NOT_RUN_INCOMPATIBLE,TECHNICALLY_UNREPRESENTABLE,0,well below 2°C above pre-industrial levels,NOT_APPLICABLE,Degree/subscript notation is not queried as an isolated public-interface Ngram.,NOT_APPLICABLE,NOT_APPLICABLE,RECONSTRUCTED_FROM_REPORT
FT-Q-V01-085,2015,1.5°C above pre-industrial levels,EXECUTABLE_CORPUS_ONLY,NUMERIC_OR_SYMBOLIC,False,NOT_RUN_INCOMPATIBLE,TECHNICALLY_UNREPRESENTABLE,0,1.5°C above pre-industrial levels,NOT_APPLICABLE,Degree/subscript notation is not queried as an isolated public-interface Ngram.,NOT_APPLICABLE,NOT_APPLICABLE,RECONSTRUCTED_FROM_REPORT
FT-Q-V01-086,2015,pre-industrial levels,EXECUTABLE_NGRAM,COMPATIBLE,True,SUCCEEDED,SUCCESS_NONZERO,181,pre-industrial levels,pre - industrial levels (All),Compatible exact string/phrase for unsmoothed public Ngram retrieval (current interface supports up to seven words).,2026-08-26T02:35:07Z,data/fear-temperature/ngram/raw/2881b2893bb9f90b34c6b55e69b178f175071000fb539d5b087f62591c3d0923.json,RECONSTRUCTED_FROM_REPORT
FT-Q-V01-087,2015,risks and impacts,EXECUTABLE_NGRAM,COMPATIBLE,True,SUCCEEDED,SUCCESS_NONZERO,181,risks and impacts,risks and impacts (All),Compatible exact string/phrase for unsmoothed public Ngram retrieval (current interface supports up to seven words).,2026-08-26T02:35:07Z,data/fear-temperature/ngram/raw/f2eee010d3ab2ac253dad16e8a988ee29a535b3f9fd3c70274c871172742c1fa.json,RECONSTRUCTED_FROM_REPORT
FT-Q-V01-088,2015,adverse impacts,EXECUTABLE_NGRAM,COMPATIBLE,True,SUCCEEDED,SUCCESS_NONZERO,181,adverse impacts,adverse impacts (All),Compatible exact string/phrase for unsmoothed public Ngram retrieval (current interface supports up to seven words).,2026-08-26T02:35:08Z,data/fear-temperature/ngram/raw/ca32195a736f01bebb286362f731491393c9174f8b7dda50446f400cf3ec81ea.json,RECONSTRUCTED_FROM_REPORT
FT-Q-V01-089,2015,adverse effects of climate change,EXECUTABLE_NGRAM,COMPATIBLE,True,SUCCEEDED,SUCCESS_NONZERO,181,adverse effects of climate change,adverse effects of climate change (All),Compatible exact string/phrase for unsmoothed public Ngram retrieval (current interface supports up to seven words).,2026-08-26T02:35:09Z,data/fear-temperature/ngram/raw/6cd471adbfc5a4ba1c140cf1b0bb66ae2800dcb64e4a80dc1708e81d2b1e0278.json,RECONSTRUCTED_FROM_REPORT
FT-Q-V01-090,2015,greenhouse gas emissions,EXECUTABLE_NGRAM,COMPATIBLE,True,SUCCEEDED,SUCCESS_NONZERO,181,greenhouse gas emissions,greenhouse gas emissions (All),Compatible exact string/phrase for unsmoothed public Ngram retrieval (current interface supports up to seven words).,2026-08-26T02:35:10Z,data/fear-temperature/ngram/raw/76b11e33a5bc00d4a70cd7cd5a433e1f985ce44395b87f40f95baf9a424ebb9f.json,RECONSTRUCTED_FROM_REPORT
FT-Q-V01-091,2015,climate resilience,EXECUTABLE_NGRAM,COMPATIBLE,True,SUCCEEDED,SUCCESS_NONZERO,181,climate resilience,climate resilience (All),Compatible exact string/phrase for unsmoothed public Ngram retrieval (current interface supports up to seven words).,2026-08-26T02:35:11Z,data/fear-temperature/ngram/raw/92704c26947e3df5352fb6efc8254b2c45a554c7aeacf18289357f8535c68963.json,RECONSTRUCTED_FROM_REPORT
FT-Q-V01-092,2015,vulnerability,EXECUTABLE_NGRAM,COMPATIBLE,True,SUCCEEDED,SUCCESS_NONZERO,181,vulnerability,vulnerability (All),Compatible exact string/phrase for unsmoothed public Ngram retrieval (current interface supports up to seven words).,2026-08-26T02:35:12Z,data/fear-temperature/ngram/raw/e3aaf62677c5b9972e9e9767131d1c45ead25c9c6ac869d7f84391f12e762596.json,RECONSTRUCTED_FROM_REPORT
FT-Q-V01-093,2015,vulnerable groups,EXECUTABLE_NGRAM,COMPATIBLE,True,SUCCEEDED,SUCCESS_NONZERO,181,vulnerable groups,vulnerable groups (All),Compatible exact string/phrase for unsmoothed public Ngram retrieval (current interface supports up to seven words).,2026-08-26T02:35:12Z,data/fear-temperature/ngram/raw/c1c2349a76191b6ffd2a6c32c4dea78e0f8dec919502a5c3d1bfe00aad11a917.json,RECONSTRUCTED_FROM_REPORT
FT-Q-V01-094,2015,loss and damage,EXECUTABLE_NGRAM,COMPATIBLE,True,SUCCEEDED,SUCCESS_NONZERO,181,loss and damage,loss and damage (All),Compatible exact string/phrase for unsmoothed public Ngram retrieval (current interface supports up to seven words).,2026-08-26T02:35:13Z,data/fear-temperature/ngram/raw/2a8f32859c14ca29219aef3fba343d7b66fdc9599f2050be8c5c3ae3c3caff20.json,RECONSTRUCTED_FROM_REPORT
FT-Q-V01-095,2015,extreme weather events,EXECUTABLE_NGRAM,COMPATIBLE,True,SUCCEEDED,SUCCESS_NONZERO,181,extreme weather events,extreme weather events (All),Compatible exact string/phrase for unsmoothed public Ngram retrieval (current interface supports up to seven words).,2026-08-26T02:35:14Z,data/fear-temperature/ngram/raw/41ea78235d646a87a5662d877bdd2935cd19152295e4a22d8c9909ea0c9b64d1.json,RECONSTRUCTED_FROM_REPORT
FT-Q-V01-096,2015,slow onset events,EXECUTABLE_NGRAM,COMPATIBLE,True,SUCCEEDED,SUCCESS_NONZERO,181,slow onset events,slow onset events (All),Compatible exact string/phrase for unsmoothed public Ngram retrieval (current interface supports up to seven words).,2026-08-26T02:35:15Z,data/fear-temperature/ngram/raw/5439fab30f12eefa137527403d8b5cd053c082ce42c62d8a7a910a9e8ddf7ada.json,RECONSTRUCTED_FROM_REPORT
FT-Q-V01-097,2015,risk of loss and damage,EXECUTABLE_NGRAM,COMPATIBLE,True,SUCCEEDED,SUCCESS_NONZERO,181,risk of loss and damage,risk of loss and damage (All),Compatible exact string/phrase for unsmoothed public Ngram retrieval (current interface supports up to seven words).,2026-08-26T02:35:24Z,data/fear-temperature/ngram/raw/b6bda48b4b592fbca5ae78c2cb683e73c7e0fff263baea2b4c915799da173acf.json,RECONSTRUCTED_FROM_REPORT
FT-Q-V01-098,2015,early warning systems,EXECUTABLE_NGRAM,COMPATIBLE,True,SUCCEEDED,SUCCESS_NONZERO,181,early warning systems,early warning systems (All),Compatible exact string/phrase for unsmoothed public Ngram retrieval (current interface supports up to seven words).,2026-08-26T02:35:25Z,data/fear-temperature/ngram/raw/db7720e0093df08b9b566f8653346c9ee2ee9d6f76372c131ccb58cb8b5cbdc9.json,RECONSTRUCTED_FROM_REPORT
FT-Q-V01-099,2015,emergency preparedness,EXECUTABLE_NGRAM,COMPATIBLE,True,SUCCEEDED,SUCCESS_NONZERO,181,emergency preparedness,emergency preparedness (All),Compatible exact string/phrase for unsmoothed public Ngram retrieval (current interface supports up to seven words).,2026-08-26T02:35:26Z,data/fear-temperature/ngram/raw/6b662c4eda6184bd92d9d0037f495d86d50dc584d45cc46a4545b53d474d2828.json,RECONSTRUCTED_FROM_REPORT
FT-Q-V01-100,2015,irreversible and permanent loss and damage,EXECUTABLE_NGRAM,COMPATIBLE,True,SUCCEEDED,SUCCESS_NONZERO,181,irreversible and permanent loss and damage,irreversible and permanent loss and damage,Compatible exact string/phrase for unsmoothed public Ngram retrieval (current interface supports up to seven words).,2026-08-26T02:35:27Z,data/fear-temperature/ngram/raw/0ef67b7c065caacb93d84434be0b418fa5d590360386c1b856d05e4d43e9bbfd.json,RECONSTRUCTED_FROM_REPORT
FT-Q-V01-101,2022,climate change,EXECUTABLE_NGRAM,COMPATIBLE,True,SUCCEEDED,SUCCESS_NONZERO,181,climate change,climate change (All),Compatible exact string/phrase for unsmoothed public Ngram retrieval (current interface supports up to seven words).,2026-08-26T02:34:57Z,data/fear-temperature/ngram/raw/c0c3021f09dbdf3542c85e1a8bd4e013bd4d99d85af63bbd55f5e05a6a7ddd2b.json,RECONSTRUCTED_FROM_REPORT
FT-Q-V01-102,2022,global warming,EXECUTABLE_NGRAM,COMPATIBLE,True,SUCCEEDED,SUCCESS_NONZERO,181,global warming,global warming (All),Compatible exact string/phrase for unsmoothed public Ngram retrieval (current interface supports up to seven words).,2026-08-26T02:34:27Z,data/fear-temperature/ngram/raw/e982c3b5d6e77fc759f19bb2931d892bfaa9221ade4a44977579a8d5a8afab71.json,RECONSTRUCTED_FROM_REPORT
FT-Q-V01-103,2022,very worried,EXECUTABLE_NGRAM,COMPATIBLE,True,SUCCEEDED,SUCCESS_NONZERO,181,very worried,very worried (All),Compatible exact string/phrase for unsmoothed public Ngram retrieval (current interface supports up to seven words).,2026-08-26T02:35:28Z,data/fear-temperature/ngram/raw/f526cd2f784872130404682caca300afe87335e50333313d2bc99fcd1c9e6323.json,RECONSTRUCTED_FROM_REPORT
FT-Q-V01-104,2022,somewhat worried,EXECUTABLE_NGRAM,COMPATIBLE,True,SUCCEEDED,SUCCESS_NONZERO,181,somewhat worried,somewhat worried (All),Compatible exact string/phrase for unsmoothed public Ngram retrieval (current interface supports up to seven words).,2026-08-26T02:35:29Z,data/fear-temperature/ngram/raw/5acfc1306b3a13d5d65432940489e2b50940bd9a14347e9c6f374920fc2eeb52.json,RECONSTRUCTED_FROM_REPORT
FT-Q-V01-105,2022,afraid,BACKGROUND_AMBIGUOUS,COMPATIBLE,True,SUCCEEDED,SUCCESS_NONZERO,181,afraid,afraid (All),Compatible exact string/phrase for unsmoothed public Ngram retrieval (current interface supports up to seven words).,2026-08-26T02:35:29Z,data/fear-temperature/ngram/raw/62c539c6f003ab8a35487500472daf71f2a80584f1fa1ea2da6aa2bce785ebb8.json,RECONSTRUCTED_FROM_REPORT
FT-Q-V01-106,2022,anxious,EXECUTABLE_NGRAM,COMPATIBLE,True,SUCCEEDED,SUCCESS_NONZERO,181,anxious,anxious (All),Compatible exact string/phrase for unsmoothed public Ngram retrieval (current interface supports up to seven words).,2026-08-26T02:35:30Z,data/fear-temperature/ngram/raw/2107eccb0485a4ca882ccf647c440758210c000f228ba9db9af26d8c66a765d7.json,RECONSTRUCTED_FROM_REPORT
FT-Q-V01-107,2022,hopeless,EXECUTABLE_NGRAM,COMPATIBLE,True,SUCCEEDED,SUCCESS_NONZERO,181,hopeless,hopeless (All),Compatible exact string/phrase for unsmoothed public Ngram retrieval (current interface supports up to seven words).,2026-08-26T02:35:31Z,data/fear-temperature/ngram/raw/5e7eb5b7a08faad04d037212a71a6f31398290267b6855e9bb04c5f2cfe60f53.json,RECONSTRUCTED_FROM_REPORT
FT-Q-V01-108,2022,sad,EXECUTABLE_NGRAM,COMPATIBLE,True,SUCCEEDED,SUCCESS_NONZERO,181,sad,sad (All),Compatible exact string/phrase for unsmoothed public Ngram retrieval (current interface supports up to seven words).,2026-08-26T02:35:32Z,data/fear-temperature/ngram/raw/953b2016da3c902bd89fed3fb5f48705d4ce54ad9ad3dd228629c0c4849f2491.json,RECONSTRUCTED_FROM_REPORT
FT-Q-V01-109,2022,angry,EXECUTABLE_NGRAM,COMPATIBLE,True,SUCCEEDED,SUCCESS_NONZERO,181,angry,angry (All),Compatible exact string/phrase for unsmoothed public Ngram retrieval (current interface supports up to seven words).,2026-08-26T02:35:33Z,data/fear-temperature/ngram/raw/1cceb7003946894218df8f23071e2fba77be57b1ee95b996a43348a160450fbd.json,RECONSTRUCTED_FROM_REPORT
FT-Q-V01-110,2022,frustrated,EXECUTABLE_NGRAM,COMPATIBLE,True,SUCCEEDED,SUCCESS_NONZERO,181,frustrated,frustrated (All),Compatible exact string/phrase for unsmoothed public Ngram retrieval (current interface supports up to seven words).,2026-08-26T02:35:34Z,data/fear-temperature/ngram/raw/9329bf8b3df7723e136f5cc98ba235a05dd2f56642d3399a06703f75d57157f7.json,RECONSTRUCTED_FROM_REPORT
FT-Q-V01-111,2022,hopeful,EXECUTABLE_NGRAM,COMPATIBLE,True,SUCCEEDED,SUCCESS_NONZERO,181,hopeful,hopeful (All),Compatible exact string/phrase for unsmoothed public Ngram retrieval (current interface supports up to seven words).,2026-08-26T02:35:35Z,data/fear-temperature/ngram/raw/ba6a435a485847d46be014c9428192105ae5255c0ad7a7e0783a223d028b671c.json,RECONSTRUCTED_FROM_REPORT
FT-Q-V01-112,2022,disgusted,EXECUTABLE_NGRAM,COMPATIBLE,True,SUCCEEDED,SUCCESS_NONZERO,181,disgusted,disgusted (All),Compatible exact string/phrase for unsmoothed public Ngram retrieval (current interface supports up to seven words).,2026-08-26T02:35:35Z,data/fear-temperature/ngram/raw/f210204c4e717ccb60d443280a0631eb5726d577e81139674d3ac30bcd9f2998.json,RECONSTRUCTED_FROM_REPORT
FT-Q-V01-113,2022,outraged,EXECUTABLE_NGRAM,COMPATIBLE,True,SUCCEEDED,SUCCESS_NONZERO,181,outraged,outraged (All),Compatible exact string/phrase for unsmoothed public Ngram retrieval (current interface supports up to seven words).,2026-08-26T02:35:36Z,data/fear-temperature/ngram/raw/f40285eec2f0032bdb5bfbc2c085fc4cadc9ba551a688c6439d3a5237ef977c7.json,RECONSTRUCTED_FROM_REPORT
FT-Q-V01-114,2022,depressed,BACKGROUND_AMBIGUOUS,COMPATIBLE,True,SUCCEEDED,SUCCESS_NONZERO,181,depressed,depressed (All),Compatible exact string/phrase for unsmoothed public Ngram retrieval (current interface supports up to seven words).,2026-08-26T02:35:37Z,data/fear-temperature/ngram/raw/1e2c67caed74063005c91a921bdcebefacae62473cda222cb6b54f2d0f494115.json,RECONSTRUCTED_FROM_REPORT
FT-Q-V01-115,2022,symptoms of anxiety,EXECUTABLE_NGRAM,COMPATIBLE,True,SUCCEEDED,SUCCESS_NONZERO,181,symptoms of anxiety,symptoms of anxiety (All),Compatible exact string/phrase for unsmoothed public Ngram retrieval (current interface supports up to seven words).,2026-08-26T02:35:38Z,data/fear-temperature/ngram/raw/1b1b0a9675ab8a7678713746fdd62646f8c5451626f2103eb483512a2277f6c7.json,RECONSTRUCTED_FROM_REPORT
FT-Q-V01-116,2022,climate anxiety,EXECUTABLE_NGRAM,COMPATIBLE,True,SUCCEEDED,SUCCESS_NONZERO,181,climate anxiety,climate anxiety (All),Compatible exact string/phrase for unsmoothed public Ngram retrieval (current interface supports up to seven words).,2026-08-26T02:35:38Z,data/fear-temperature/ngram/raw/d00250b2ef40b968bd0aa5befdc2b2cb971793fb2c476d828ffc5ab3fab1830a.json,RECONSTRUCTED_FROM_REPORT
FT-Q-V01-117,2022,eco-anxiety,EXECUTABLE_NGRAM,COMPATIBLE,True,SUCCEEDED,SUCCESS_NONZERO,181,eco-anxiety,eco - anxiety (All),Compatible exact string/phrase for unsmoothed public Ngram retrieval (current interface supports up to seven words).,2026-08-26T02:35:39Z,data/fear-temperature/ngram/raw/4dec744e176b02d5b58560cc5e870a26c6e15a00884d43da40bc682039cdf566.json,RECONSTRUCTED_FROM_REPORT
FT-Q-V01-118,2022,psychological distress,EXECUTABLE_NGRAM,COMPATIBLE,True,SUCCEEDED,SUCCESS_NONZERO,181,psychological distress,psychological distress (All),Compatible exact string/phrase for unsmoothed public Ngram retrieval (current interface supports up to seven words).,2026-08-26T02:35:40Z,data/fear-temperature/ngram/raw/36dab6d94430baaff9d42a62e3c2af4716d35c6323cbc1f9c41cbd36969e7647.json,RECONSTRUCTED_FROM_REPORT
FT-Q-V01-119,2022,distress,BACKGROUND_AMBIGUOUS,COMPATIBLE,True,SUCCEEDED,SUCCESS_NONZERO,181,distress,distress (All),Compatible exact string/phrase for unsmoothed public Ngram retrieval (current interface supports up to seven words).,2026-08-26T02:35:41Z,data/fear-temperature/ngram/raw/69a25d3b4abb2591bf0e8cc23730cd85d5e6133b29f60ddf50c84a4afc8a5d9a.json,RECONSTRUCTED_FROM_REPORT
FT-Q-V01-120,2022,powerlessness,EXECUTABLE_NGRAM,COMPATIBLE,True,SUCCEEDED,SUCCESS_NONZERO,181,powerlessness,powerlessness (All),Compatible exact string/phrase for unsmoothed public Ngram retrieval (current interface supports up to seven words).,2026-08-26T02:35:41Z,data/fear-temperature/ngram/raw/3cf4985d3f59ca9bec554eac71523373ea46987c9f956c1e518194c8ba5701b4.json,RECONSTRUCTED_FROM_REPORT
FT-Q-V01-121,1938,climatic change,EXECUTABLE_NGRAM,COMPATIBLE,True,SUCCEEDED,SUCCESS_NONZERO,181,climatic change,climatic change (All),Compatible exact string/phrase for unsmoothed public Ngram retrieval (current interface supports up to seven words).,2026-08-26T02:35:42Z,data/fear-temperature/ngram/raw/0a04941be5651b2bc9de7c1d97a1ec296ca7d83fbf14cbae1d4cb6dce5e31d80.json,RECONSTRUCTED_FROM_REPORT
FT-Q-V01-122,2006–2007,climate system,EXECUTABLE_NGRAM,COMPATIBLE,True,SUCCEEDED,SUCCESS_NONZERO,181,climate system,climate system (All),Compatible exact string/phrase for unsmoothed public Ngram retrieval (current interface supports up to seven words).,2026-08-26T02:35:43Z,data/fear-temperature/ngram/raw/44123082f140b34693c19e6c204f15f36cbfab06a2fb516dea8b50cb69f5544f.json,RECONSTRUCTED_FROM_REPORT
FT-Q-V01-123,2022,climate crisis,EXECUTABLE_NGRAM,COMPATIBLE,True,SUCCEEDED,SUCCESS_NONZERO,181,climate crisis,climate crisis (All),Compatible exact string/phrase for unsmoothed public Ngram retrieval (current interface supports up to seven words).,2026-08-26T02:35:44Z,data/fear-temperature/ngram/raw/23354bc43bed6570702eab740469c8b00c388007e8cf69ff8fd38735d57ed065.json,RECONSTRUCTED_FROM_REPORT
FT-Q-V01-124,2022,climate emergency,EXECUTABLE_NGRAM,COMPATIBLE,True,SUCCEEDED,SUCCESS_NONZERO,181,climate emergency,climate emergency (All),Compatible exact string/phrase for unsmoothed public Ngram retrieval (current interface supports up to seven words).,2026-08-26T02:35:44Z,data/fear-temperature/ngram/raw/3237c9c334be43668f3ba7cf3a2aa06f34c5080255b6e1461b714d92a123b591.json,RECONSTRUCTED_FROM_REPORT
FT-Q-V01-125,1842,heat,BACKGROUND_AMBIGUOUS,COMPATIBLE,True,SUCCEEDED,SUCCESS_NONZERO,181,heat,heat (All),Compatible exact string/phrase for unsmoothed public Ngram retrieval (current interface supports up to seven words).,2026-08-26T02:35:45Z,data/fear-temperature/ngram/raw/c4a2fddf7c4162769bbd0a82f12e004a6ee58ba1f0ff17f2b453dcf677494b07.json,RECONSTRUCTED_FROM_REPORT
FT-Q-V01-126,2022,extreme heat,EXECUTABLE_NGRAM,COMPATIBLE,True,SUCCEEDED,SUCCESS_NONZERO,181,extreme heat,extreme heat (All),Compatible exact string/phrase for unsmoothed public Ngram retrieval (current interface supports up to seven words).,2026-08-26T02:35:46Z,data/fear-temperature/ngram/raw/f78acfa1d100e2ca03e0287a6e355eeb4633059fd59d841bf6e3f477f083c054.json,RECONSTRUCTED_FROM_REPORT
FT-Q-V01-127,2022,fear,BACKGROUND_AMBIGUOUS,COMPATIBLE,True,SUCCEEDED,SUCCESS_NONZERO,181,fear,fear (All),Compatible exact string/phrase for unsmoothed public Ngram retrieval (current interface supports up to seven words).,2026-08-26T02:35:46Z,data/fear-temperature/ngram/raw/9a82a1e3ac136df19ab9c86fccf9b11d26bd9aa0af615506d9063f8b7db4b821.json,RECONSTRUCTED_FROM_REPORT
FT-Q-V01-128,2006–2007,worry,BACKGROUND_AMBIGUOUS,COMPATIBLE,True,SUCCEEDED,SUCCESS_NONZERO,181,worry,worry (All),Compatible exact string/phrase for unsmoothed public Ngram retrieval (current interface supports up to seven words).,2026-08-26T02:35:47Z,data/fear-temperature/ngram/raw/a637a16642bc8126e12038a79352c7309b624c759631dc6fb805a314dd5f39ce.json,RECONSTRUCTED_FROM_REPORT
FT-Q-V01-129,2006–2007,worried,BACKGROUND_AMBIGUOUS,COMPATIBLE,True,SUCCEEDED,SUCCESS_NONZERO,181,worried,worried (All),Compatible exact string/phrase for unsmoothed public Ngram retrieval (current interface supports up to seven words).,2026-08-26T02:35:56Z,data/fear-temperature/ngram/raw/663a933fc48043f250f90a98b66b006334ad658684ce96825d57307b8d52b76d.json,RECONSTRUCTED_FROM_REPORT
FT-Q-V01-130,2015,concern,BACKGROUND_AMBIGUOUS,COMPATIBLE,True,SUCCEEDED,SUCCESS_NONZERO,181,concern,concern (All),Compatible exact string/phrase for unsmoothed public Ngram retrieval (current interface supports up to seven words).,2026-08-26T02:35:57Z,data/fear-temperature/ngram/raw/4643a1a18409e446a85be4d799f0377db1c82b28463617e3e93dfc9e103700e6.json,RECONSTRUCTED_FROM_REPORT
FT-Q-V01-131,2022,anxiety,BACKGROUND_AMBIGUOUS,COMPATIBLE,True,SUCCEEDED,SUCCESS_NONZERO,181,anxiety,anxiety (All),Compatible exact string/phrase for unsmoothed public Ngram retrieval (current interface supports up to seven words).,2026-08-26T02:35:57Z,data/fear-temperature/ngram/raw/b9681b24d3f5a1319cae6436236bc0f5b64d75ea848bbbe2dbfc5b26c0042582.json,RECONSTRUCTED_FROM_REPORT
FT-Q-V01-132,2006–2007,danger,BACKGROUND_AMBIGUOUS,COMPATIBLE,True,SUCCEEDED,SUCCESS_NONZERO,181,danger,danger (All),Compatible exact string/phrase for unsmoothed public Ngram retrieval (current interface supports up to seven words).,2026-08-26T02:35:58Z,data/fear-temperature/ngram/raw/d1a6b726471d63c6003c4338e335ea4b6d0c7bf5b03bfb510d338867d19b8d4d.json,RECONSTRUCTED_FROM_REPORT
FT-Q-V01-133,1988,threat,BACKGROUND_AMBIGUOUS,COMPATIBLE,True,SUCCEEDED,SUCCESS_NONZERO,181,threat,threat (All),Compatible exact string/phrase for unsmoothed public Ngram retrieval (current interface supports up to seven words).,2026-08-26T02:35:59Z,data/fear-temperature/ngram/raw/66e5485b36228b44bc5b3b9a522cc35739a50a73b1b41bb1439c84b0c452c1bb.json,RECONSTRUCTED_FROM_REPORT
FT-Q-V01-134,2015,risk,BACKGROUND_AMBIGUOUS,COMPATIBLE,True,SUCCEEDED,SUCCESS_NONZERO,181,risk,risk (All),Compatible exact string/phrase for unsmoothed public Ngram retrieval (current interface supports up to seven words).,2026-08-26T02:36:00Z,data/fear-temperature/ngram/raw/a81a666e861de5f55d081039af6b25250d329cbe655211e018749975fe62522d.json,RECONSTRUCTED_FROM_REPORT
FT-Q-V01-135,1988,crisis,BACKGROUND_AMBIGUOUS,COMPATIBLE,True,SUCCEEDED,SUCCESS_NONZERO,181,crisis,crisis (All),Compatible exact string/phrase for unsmoothed public Ngram retrieval (current interface supports up to seven words).,2026-08-26T02:36:00Z,data/fear-temperature/ngram/raw/51f107a3bb3ac7010decceb94d2ae2bf077c7cdba099bdf39d277bd64b1a1a9e.json,RECONSTRUCTED_FROM_REPORT
FT-Q-V01-136,2015,emergency,BACKGROUND_AMBIGUOUS,COMPATIBLE,True,SUCCEEDED,SUCCESS_NONZERO,181,emergency,emergency (All),Compatible exact string/phrase for unsmoothed public Ngram retrieval (current interface supports up to seven words).,2026-08-26T02:36:01Z,data/fear-temperature/ngram/raw/c5162a664882434d77d4c5d3bffd7a896165ae13d26ba78263febba6d337d60e.json,RECONSTRUCTED_FROM_REPORT
FT-Q-V01-137,2022,mortality,BACKGROUND_AMBIGUOUS,COMPATIBLE,True,SUCCEEDED,SUCCESS_NONZERO,181,mortality,mortality (All),Compatible exact string/phrase for unsmoothed public Ngram retrieval (current interface supports up to seven words).,2026-08-26T02:36:02Z,data/fear-temperature/ngram/raw/8e9bd7f9f8db93306a8194efc16e753c9591ba2cf84f600e436012188897e8db.json,RECONSTRUCTED_FROM_REPORT
FT-Q-V01-138,1842,heat of the irons,EXECUTABLE_NGRAM,COMPATIBLE,True,SUCCEEDED,SUCCESS_NONZERO,181,heat of the irons,heat of the irons,Compatible exact string/phrase for unsmoothed public Ngram retrieval (current interface supports up to seven words).,2026-08-26T02:36:03Z,data/fear-temperature/ngram/raw/6e0dd6ba68158e1e452d6bca05216b6ea57e3abfb75c80405a05fbd06153ad7a.json,RECONSTRUCTED_FROM_REPORT
FT-Q-V01-139,1938,heat wave,EXECUTABLE_NGRAM,COMPATIBLE,True,SUCCEEDED,SUCCESS_NONZERO,181,heat wave,heat wave (All),Compatible exact string/phrase for unsmoothed public Ngram retrieval (current interface supports up to seven words).,2026-08-26T02:34:32Z,data/fear-temperature/ngram/raw/306e212ec9cdb980f5e1f91f3e6734e7998c99820aa93fd4a8109533d1676f5a.json,RECONSTRUCTED_FROM_REPORT
FT-Q-V01-140,1988,grave threats,EXECUTABLE_NGRAM,COMPATIBLE,True,SUCCEEDED,SUCCESS_NONZERO,181,grave threats,grave threats (All),Compatible exact string/phrase for unsmoothed public Ngram retrieval (current interface supports up to seven words).,2026-08-26T02:36:04Z,data/fear-temperature/ngram/raw/199a2de4dde46b1f28e8d82214a736fd2943900d1124288ca73d431bc50f76b4.json,RECONSTRUCTED_FROM_REPORT
FT-Q-V01-141,2006–2007,Be Worried. Be Very Worried.,EXECUTABLE_CORPUS_ONLY,PUNCTUATION_HEAVY,False,NOT_RUN_INCOMPATIBLE,TECHNICALLY_UNREPRESENTABLE,0,Be Worried. Be Very Worried.,NOT_APPLICABLE,"Sentence-level punctuation makes this a corpus-context rule, not an Ngram phrase.",NOT_APPLICABLE,NOT_APPLICABLE,RECONSTRUCTED_FROM_REPORT
FT-Q-V01-142,2015,comprehensive risk assessment and management,EXECUTABLE_NGRAM,COMPATIBLE,True,SUCCEEDED,SUCCESS_NONZERO,181,comprehensive risk assessment and management,comprehensive risk assessment and management (All),Compatible exact string/phrase for unsmoothed public Ngram retrieval (current interface supports up to seven words).,2026-08-26T02:36:05Z,data/fear-temperature/ngram/raw/98133fcfa53e45c78d53cec796f58bcdaf049d4f7b7d689a9b32d8a79abe6afd.json,RECONSTRUCTED_FROM_REPORT
FT-Q-V01-143,2022,guilt,EXECUTABLE_NGRAM,COMPATIBLE,True,SUCCEEDED,SUCCESS_NONZERO,181,guilt,guilt (All),Compatible exact string/phrase for unsmoothed public Ngram retrieval (current interface supports up to seven words).,2026-08-26T02:36:05Z,data/fear-temperature/ngram/raw/5b4a6bef176c04f9daabd6c22aca47c6b2abebd8c7e08193bc29846a6873320a.json,RECONSTRUCTED_FROM_REPORT
