Candidate ID,Anchor,Rank,Surface Form,Search Source,Count Meaning,Query String,Query Type,Exactness,Full-Corpus Result Count,Strict-Window Result Count,Contextual-Window Result Count,Search Status,Retrieval Timestamp,API / Interface,Notes,Secondary Source,Secondary All-Period Count
FT-SEED-R1B-P-1842-01,1842,1,temperature,INTERNET_ARCHIVE_METADATA_TEXT_ITEM_COUNT,INTERNET_ARCHIVE_ADVANCEDSEARCH_NUMFOUND,"""temperature"" AND mediatype:texts",PHRASE_METADATA_SEARCH,EXACT_PHRASE,193717,6,60,COMPLETED_NONZERO,2026-08-26,https://archive.org/advancedsearch.php,Metadata text-item count; not a full-text lexical frequency. Secondary metric: NOT_RUN_OPENALEX_DAILY_BUDGET_EXHAUSTED: shared provider response retained; no count fabricated.,OPENALEX_WORK_COUNT,NOT_APPLICABLE
FT-SEED-R1B-P-1842-02,1842,2,mean temperature,INTERNET_ARCHIVE_METADATA_TEXT_ITEM_COUNT,INTERNET_ARCHIVE_ADVANCEDSEARCH_NUMFOUND,"""mean temperature"" AND mediatype:texts",PHRASE_METADATA_SEARCH,EXACT_PHRASE,664,0,4,COMPLETED_NONZERO,2026-08-26,https://archive.org/advancedsearch.php,Metadata text-item count; not a full-text lexical frequency. Secondary metric: NOT_RUN_OPENALEX_DAILY_BUDGET_EXHAUSTED: shared provider response retained; no count fabricated.,OPENALEX_WORK_COUNT,NOT_APPLICABLE
FT-SEED-R1B-P-1842-03,1842,3,temperature of the air in shade,INTERNET_ARCHIVE_METADATA_TEXT_ITEM_COUNT,INTERNET_ARCHIVE_ADVANCEDSEARCH_NUMFOUND,"""temperature of the air in shade"" AND mediatype:texts",PHRASE_METADATA_SEARCH,EXACT_PHRASE,0,0,0,COMPLETED_ZERO,2026-08-26,https://archive.org/advancedsearch.php,Metadata text-item count; not a full-text lexical frequency. Secondary metric: NOT_RUN_OPENALEX_DAILY_BUDGET_EXHAUSTED: shared provider response retained; no count fabricated.,OPENALEX_WORK_COUNT,NOT_APPLICABLE
FT-SEED-R1B-P-1842-04,1842,4,maximum temperature,INTERNET_ARCHIVE_METADATA_TEXT_ITEM_COUNT,INTERNET_ARCHIVE_ADVANCEDSEARCH_NUMFOUND,"""maximum temperature"" AND mediatype:texts",PHRASE_METADATA_SEARCH,EXACT_PHRASE,1464,0,0,COMPLETED_NONZERO,2026-08-26,https://archive.org/advancedsearch.php,Metadata text-item count; not a full-text lexical frequency. Secondary metric: NOT_RUN_OPENALEX_DAILY_BUDGET_EXHAUSTED: shared provider response retained; no count fabricated.,OPENALEX_WORK_COUNT,NOT_APPLICABLE
FT-SEED-R1B-P-1842-05,1842,5,minimum temperature,INTERNET_ARCHIVE_METADATA_TEXT_ITEM_COUNT,INTERNET_ARCHIVE_ADVANCEDSEARCH_NUMFOUND,"""minimum temperature"" AND mediatype:texts",PHRASE_METADATA_SEARCH,EXACT_PHRASE,460,0,0,COMPLETED_NONZERO,2026-08-26,https://archive.org/advancedsearch.php,Metadata text-item count; not a full-text lexical frequency. Secondary metric: NOT_RUN_OPENALEX_DAILY_BUDGET_EXHAUSTED: shared provider response retained; no count fabricated.,OPENALEX_WORK_COUNT,NOT_APPLICABLE
FT-SEED-R1B-P-1842-06,1842,6,mean temperature of sea at surface,INTERNET_ARCHIVE_METADATA_TEXT_ITEM_COUNT,INTERNET_ARCHIVE_ADVANCEDSEARCH_NUMFOUND,"""mean temperature of sea at surface"" AND mediatype:texts",PHRASE_METADATA_SEARCH,EXACT_PHRASE,0,0,0,COMPLETED_ZERO,2026-08-26,https://archive.org/advancedsearch.php,Metadata text-item count; not a full-text lexical frequency. Secondary metric: NOT_RUN_OPENALEX_DAILY_BUDGET_EXHAUSTED: shared provider response retained; no count fabricated.,OPENALEX_WORK_COUNT,NOT_APPLICABLE
FT-SEED-R1B-P-1842-07,1842,7,dew point,INTERNET_ARCHIVE_METADATA_TEXT_ITEM_COUNT,INTERNET_ARCHIVE_ADVANCEDSEARCH_NUMFOUND,"""dew point"" AND mediatype:texts",PHRASE_METADATA_SEARCH,EXACT_PHRASE,1217,0,2,COMPLETED_NONZERO,2026-08-26,https://archive.org/advancedsearch.php,Metadata text-item count; not a full-text lexical frequency. Secondary metric: NOT_RUN_OPENALEX_DAILY_BUDGET_EXHAUSTED: shared provider response retained; no count fabricated.,OPENALEX_WORK_COUNT,NOT_APPLICABLE
FT-SEED-R1B-P-1842-08,1842,8,standard thermometer,INTERNET_ARCHIVE_METADATA_TEXT_ITEM_COUNT,INTERNET_ARCHIVE_ADVANCEDSEARCH_NUMFOUND,"""standard thermometer"" AND mediatype:texts",PHRASE_METADATA_SEARCH,EXACT_PHRASE,2,0,0,COMPLETED_NONZERO,2026-08-26,https://archive.org/advancedsearch.php,Metadata text-item count; not a full-text lexical frequency. Secondary metric: NOT_RUN_OPENALEX_DAILY_BUDGET_EXHAUSTED: shared provider response retained; no count fabricated.,OPENALEX_WORK_COUNT,NOT_APPLICABLE
FT-SEED-R1B-P-1842-09,1842,9,attached thermometer,INTERNET_ARCHIVE_METADATA_TEXT_ITEM_COUNT,INTERNET_ARCHIVE_ADVANCEDSEARCH_NUMFOUND,"""attached thermometer"" AND mediatype:texts",PHRASE_METADATA_SEARCH,EXACT_PHRASE,0,0,0,COMPLETED_ZERO,2026-08-26,https://archive.org/advancedsearch.php,Metadata text-item count; not a full-text lexical frequency. Secondary metric: Scholarly work discoverability count over OpenAlex search fields; not a corpus word frequency.,OPENALEX_WORK_COUNT,96
FT-SEED-R1B-P-1842-10,1842,10,dry bulb thermometer,INTERNET_ARCHIVE_METADATA_TEXT_ITEM_COUNT,INTERNET_ARCHIVE_ADVANCEDSEARCH_NUMFOUND,"""dry bulb thermometer"" AND mediatype:texts",PHRASE_METADATA_SEARCH,EXACT_PHRASE,2,0,0,COMPLETED_NONZERO,2026-08-26,https://archive.org/advancedsearch.php,Metadata text-item count; not a full-text lexical frequency. Secondary metric: NOT_RUN_OPENALEX_DAILY_BUDGET_EXHAUSTED: shared provider response retained; no count fabricated.,OPENALEX_WORK_COUNT,NOT_APPLICABLE
FT-SEED-R1B-P-1842-11,1842,11,wet bulb thermometer,INTERNET_ARCHIVE_METADATA_TEXT_ITEM_COUNT,INTERNET_ARCHIVE_ADVANCEDSEARCH_NUMFOUND,"""wet bulb thermometer"" AND mediatype:texts",PHRASE_METADATA_SEARCH,EXACT_PHRASE,7,0,0,COMPLETED_NONZERO,2026-08-26,https://archive.org/advancedsearch.php,Metadata text-item count; not a full-text lexical frequency. Secondary metric: NOT_RUN_OPENALEX_DAILY_BUDGET_EXHAUSTED: shared provider response retained; no count fabricated.,OPENALEX_WORK_COUNT,NOT_APPLICABLE
FT-SEED-R1B-P-1842-12,1842,12,meteorological observations,INTERNET_ARCHIVE_METADATA_TEXT_ITEM_COUNT,INTERNET_ARCHIVE_ADVANCEDSEARCH_NUMFOUND,"""meteorological observations"" AND mediatype:texts",PHRASE_METADATA_SEARCH,EXACT_PHRASE,1458,14,94,COMPLETED_NONZERO,2026-08-26,https://archive.org/advancedsearch.php,Metadata text-item count; not a full-text lexical frequency. Secondary metric: NOT_RUN_OPENALEX_DAILY_BUDGET_EXHAUSTED: shared provider response retained; no count fabricated.,OPENALEX_WORK_COUNT,NOT_APPLICABLE
FT-SEED-R1B-P-1842-13,1842,13,meteorological journal,INTERNET_ARCHIVE_METADATA_TEXT_ITEM_COUNT,INTERNET_ARCHIVE_ADVANCEDSEARCH_NUMFOUND,"""meteorological journal"" AND mediatype:texts",PHRASE_METADATA_SEARCH,EXACT_PHRASE,411,3,19,COMPLETED_NONZERO,2026-08-26,https://archive.org/advancedsearch.php,Metadata text-item count; not a full-text lexical frequency. Secondary metric: NOT_RUN_OPENALEX_DAILY_BUDGET_EXHAUSTED: shared provider response retained; no count fabricated.,OPENALEX_WORK_COUNT,NOT_APPLICABLE
FT-SEED-R1B-P-1842-14,1842,14,weather,INTERNET_ARCHIVE_METADATA_TEXT_ITEM_COUNT,INTERNET_ARCHIVE_ADVANCEDSEARCH_NUMFOUND,"""weather"" AND mediatype:texts",PHRASE_METADATA_SEARCH,EXACT_PHRASE,67834,18,123,COMPLETED_NONZERO,2026-08-26,https://archive.org/advancedsearch.php,Metadata text-item count; not a full-text lexical frequency. Secondary metric: NOT_RUN_OPENALEX_DAILY_BUDGET_EXHAUSTED: shared provider response retained; no count fabricated.,OPENALEX_WORK_COUNT,NOT_APPLICABLE
FT-SEED-R1B-P-1842-15,1842,15,climate,INTERNET_ARCHIVE_METADATA_TEXT_ITEM_COUNT,INTERNET_ARCHIVE_ADVANCEDSEARCH_NUMFOUND,"""climate"" AND mediatype:texts",PHRASE_METADATA_SEARCH,EXACT_PHRASE,76386,21,140,COMPLETED_NONZERO,2026-08-26,https://archive.org/advancedsearch.php,Metadata text-item count; not a full-text lexical frequency. Secondary metric: Scholarly work discoverability count over OpenAlex search fields; not a corpus word frequency.,OPENALEX_WORK_COUNT,5536434
FT-SEED-R1B-P-1842-16,1842,16,sun's heat,INTERNET_ARCHIVE_METADATA_TEXT_ITEM_COUNT,INTERNET_ARCHIVE_ADVANCEDSEARCH_NUMFOUND,"""sun's heat"" AND mediatype:texts",PHRASE_METADATA_SEARCH,EXACT_PHRASE,42,0,0,COMPLETED_NONZERO,2026-08-26,https://archive.org/advancedsearch.php,Metadata text-item count; not a full-text lexical frequency. Secondary metric: NOT_RUN_OPENALEX_DAILY_BUDGET_EXHAUSTED: shared provider response retained; no count fabricated.,OPENALEX_WORK_COUNT,NOT_APPLICABLE
FT-SEED-R1B-P-1842-17,1842,17,radiation of the heat,INTERNET_ARCHIVE_METADATA_TEXT_ITEM_COUNT,INTERNET_ARCHIVE_ADVANCEDSEARCH_NUMFOUND,"""radiation of the heat"" AND mediatype:texts",PHRASE_METADATA_SEARCH,EXACT_PHRASE,1,0,0,COMPLETED_NONZERO,2026-08-26,https://archive.org/advancedsearch.php,Metadata text-item count; not a full-text lexical frequency. Secondary metric: NOT_RUN_OPENALEX_DAILY_BUDGET_EXHAUSTED: shared provider response retained; no count fabricated.,OPENALEX_WORK_COUNT,NOT_APPLICABLE
FT-SEED-R1B-P-1842-18,1842,18,changes of temperature,INTERNET_ARCHIVE_METADATA_TEXT_ITEM_COUNT,INTERNET_ARCHIVE_ADVANCEDSEARCH_NUMFOUND,"""changes of temperature"" AND mediatype:texts",PHRASE_METADATA_SEARCH,EXACT_PHRASE,75,0,4,COMPLETED_NONZERO,2026-08-26,https://archive.org/advancedsearch.php,Metadata text-item count; not a full-text lexical frequency. Secondary metric: Scholarly work discoverability count over OpenAlex search fields; not a corpus word frequency.,OPENALEX_WORK_COUNT,12037
FT-SEED-R1B-P-1842-19,1842,19,excessive heat,INTERNET_ARCHIVE_METADATA_TEXT_ITEM_COUNT,INTERNET_ARCHIVE_ADVANCEDSEARCH_NUMFOUND,"""excessive heat"" AND mediatype:texts",PHRASE_METADATA_SEARCH,EXACT_PHRASE,165,0,0,COMPLETED_NONZERO,2026-08-26,https://archive.org/advancedsearch.php,Metadata text-item count; not a full-text lexical frequency. Secondary metric: NOT_RUN_OPENALEX_DAILY_BUDGET_EXHAUSTED: shared provider response retained; no count fabricated.,OPENALEX_WORK_COUNT,NOT_APPLICABLE
FT-SEED-R1B-P-1842-20,1842,20,heat of the men,INTERNET_ARCHIVE_METADATA_TEXT_ITEM_COUNT,INTERNET_ARCHIVE_ADVANCEDSEARCH_NUMFOUND,"""heat of the men"" AND mediatype:texts",PHRASE_METADATA_SEARCH,EXACT_PHRASE,0,0,0,COMPLETED_ZERO,2026-08-26,https://archive.org/advancedsearch.php,Metadata text-item count; not a full-text lexical frequency. Secondary metric: NOT_RUN_OPENALEX_DAILY_BUDGET_EXHAUSTED: shared provider response retained; no count fabricated.,OPENALEX_WORK_COUNT,NOT_APPLICABLE
FT-SEED-R1B-P-1842-21,1842,21,heat of the irons,INTERNET_ARCHIVE_METADATA_TEXT_ITEM_COUNT,INTERNET_ARCHIVE_ADVANCEDSEARCH_NUMFOUND,"""heat of the irons"" AND mediatype:texts",PHRASE_METADATA_SEARCH,EXACT_PHRASE,0,0,0,COMPLETED_ZERO,2026-08-26,https://archive.org/advancedsearch.php,Metadata text-item count; not a full-text lexical frequency. Secondary metric: NOT_RUN_OPENALEX_DAILY_BUDGET_EXHAUSTED: shared provider response retained; no count fabricated.,OPENALEX_WORK_COUNT,NOT_APPLICABLE
FT-SEED-R1B-P-1842-22,1842,22,most suffocating,INTERNET_ARCHIVE_METADATA_TEXT_ITEM_COUNT,INTERNET_ARCHIVE_ADVANCEDSEARCH_NUMFOUND,"""most suffocating"" AND mediatype:texts",PHRASE_METADATA_SEARCH,EXACT_PHRASE,0,0,0,COMPLETED_ZERO,2026-08-26,https://archive.org/advancedsearch.php,Metadata text-item count; not a full-text lexical frequency. Secondary metric: NOT_RUN_OPENALEX_DAILY_BUDGET_EXHAUSTED: shared provider response retained; no count fabricated.,OPENALEX_WORK_COUNT,NOT_APPLICABLE
FT-SEED-R1B-P-1842-23,1842,23,faint away,INTERNET_ARCHIVE_METADATA_TEXT_ITEM_COUNT,INTERNET_ARCHIVE_ADVANCEDSEARCH_NUMFOUND,"""faint away"" AND mediatype:texts",PHRASE_METADATA_SEARCH,EXACT_PHRASE,2,0,0,COMPLETED_NONZERO,2026-08-26,https://archive.org/advancedsearch.php,Metadata text-item count; not a full-text lexical frequency. Secondary metric: NOT_RUN_OPENALEX_DAILY_BUDGET_EXHAUSTED: shared provider response retained; no count fabricated.,OPENALEX_WORK_COUNT,NOT_APPLICABLE
FT-SEED-R1B-P-1842-24,1842,24,perspiration,INTERNET_ARCHIVE_METADATA_TEXT_ITEM_COUNT,INTERNET_ARCHIVE_ADVANCEDSEARCH_NUMFOUND,"""perspiration"" AND mediatype:texts",PHRASE_METADATA_SEARCH,EXACT_PHRASE,551,0,2,COMPLETED_NONZERO,2026-08-26,https://archive.org/advancedsearch.php,Metadata text-item count; not a full-text lexical frequency. Secondary metric: NOT_RUN_OPENALEX_DAILY_BUDGET_EXHAUSTED: shared provider response retained; no count fabricated.,OPENALEX_WORK_COUNT,NOT_APPLICABLE
FT-SEED-R1B-P-1842-25,1842,25,depressing effect,INTERNET_ARCHIVE_METADATA_TEXT_ITEM_COUNT,INTERNET_ARCHIVE_ADVANCEDSEARCH_NUMFOUND,"""depressing effect"" AND mediatype:texts",PHRASE_METADATA_SEARCH,EXACT_PHRASE,62,0,0,COMPLETED_NONZERO,2026-08-26,https://archive.org/advancedsearch.php,Metadata text-item count; not a full-text lexical frequency. Secondary metric: NOT_RUN_OPENALEX_DAILY_BUDGET_EXHAUSTED: shared provider response retained; no count fabricated.,OPENALEX_WORK_COUNT,NOT_APPLICABLE
FT-SEED-R1B-P-1842-26,1842,26,complain of the heat,INTERNET_ARCHIVE_METADATA_TEXT_ITEM_COUNT,INTERNET_ARCHIVE_ADVANCEDSEARCH_NUMFOUND,"""complain of the heat"" AND mediatype:texts",PHRASE_METADATA_SEARCH,EXACT_PHRASE,0,0,0,COMPLETED_ZERO,2026-08-26,https://archive.org/advancedsearch.php,Metadata text-item count; not a full-text lexical frequency. Secondary metric: Scholarly work discoverability count over OpenAlex search fields; not a corpus word frequency.,OPENALEX_WORK_COUNT,9
FT-SEED-R1B-P-1842-27,1842,27,premature heat of the weather,INTERNET_ARCHIVE_METADATA_TEXT_ITEM_COUNT,INTERNET_ARCHIVE_ADVANCEDSEARCH_NUMFOUND,"""premature heat of the weather"" AND mediatype:texts",PHRASE_METADATA_SEARCH,EXACT_PHRASE,0,0,0,COMPLETED_ZERO,2026-08-26,https://archive.org/advancedsearch.php,Metadata text-item count; not a full-text lexical frequency. Secondary metric: NOT_RUN_OPENALEX_DAILY_BUDGET_EXHAUSTED: shared provider response retained; no count fabricated.,OPENALEX_WORK_COUNT,NOT_APPLICABLE
FT-SEED-R1B-P-1842-28,1842,28,suffered more from cold than from heat,INTERNET_ARCHIVE_METADATA_TEXT_ITEM_COUNT,INTERNET_ARCHIVE_ADVANCEDSEARCH_NUMFOUND,"""suffered more from cold than from heat"" AND mediatype:texts",PHRASE_METADATA_SEARCH,EXACT_PHRASE,0,0,0,COMPLETED_ZERO,2026-08-26,https://archive.org/advancedsearch.php,Metadata text-item count; not a full-text lexical frequency. Secondary metric: NOT_RUN_OPENALEX_DAILY_BUDGET_EXHAUSTED: shared provider response retained; no count fabricated.,OPENALEX_WORK_COUNT,NOT_APPLICABLE
FT-SEED-R1B-P-1842-29,1842,29,sickness and mortality,INTERNET_ARCHIVE_METADATA_TEXT_ITEM_COUNT,INTERNET_ARCHIVE_ADVANCEDSEARCH_NUMFOUND,"""sickness and mortality"" AND mediatype:texts",PHRASE_METADATA_SEARCH,EXACT_PHRASE,73,0,18,COMPLETED_NONZERO,2026-08-26,https://archive.org/advancedsearch.php,Metadata text-item count; not a full-text lexical frequency. Secondary metric: NOT_RUN_OPENALEX_DAILY_BUDGET_EXHAUSTED: shared provider response retained; no count fabricated.,OPENALEX_WORK_COUNT,NOT_APPLICABLE
FT-SEED-R1B-P-1842-30,1842,30,alarm to the public,INTERNET_ARCHIVE_METADATA_TEXT_ITEM_COUNT,INTERNET_ARCHIVE_ADVANCEDSEARCH_NUMFOUND,"""alarm to the public"" AND mediatype:texts",PHRASE_METADATA_SEARCH,EXACT_PHRASE,3,0,0,COMPLETED_NONZERO,2026-08-26,https://archive.org/advancedsearch.php,Metadata text-item count; not a full-text lexical frequency. Secondary metric: Scholarly work discoverability count over OpenAlex search fields; not a corpus word frequency.,OPENALEX_WORK_COUNT,110
FT-SEED-R1B-P-1938-01,1938,1,artificial production of carbon dioxide,INTERNET_ARCHIVE_METADATA_TEXT_ITEM_COUNT,INTERNET_ARCHIVE_ADVANCEDSEARCH_NUMFOUND,"""artificial production of carbon dioxide"" AND mediatype:texts",PHRASE_METADATA_SEARCH,EXACT_PHRASE,0,0,0,COMPLETED_ZERO,2026-08-26,https://archive.org/advancedsearch.php,Metadata text-item count; not a full-text lexical frequency. Secondary metric: Scholarly work discoverability count over OpenAlex search fields; not a corpus word frequency.,OPENALEX_WORK_COUNT,270
FT-SEED-R1B-P-1938-02,1938,2,carbon dioxide,INTERNET_ARCHIVE_METADATA_TEXT_ITEM_COUNT,INTERNET_ARCHIVE_ADVANCEDSEARCH_NUMFOUND,"""carbon dioxide"" AND mediatype:texts",PHRASE_METADATA_SEARCH,EXACT_PHRASE,10042,7,29,COMPLETED_NONZERO,2026-08-26,https://archive.org/advancedsearch.php,Metadata text-item count; not a full-text lexical frequency. Secondary metric: Scholarly work discoverability count over OpenAlex search fields; not a corpus word frequency.,OPENALEX_WORK_COUNT,1319347
FT-SEED-R1B-P-1938-03,1938,3,fuel combustion,INTERNET_ARCHIVE_METADATA_TEXT_ITEM_COUNT,INTERNET_ARCHIVE_ADVANCEDSEARCH_NUMFOUND,"""fuel combustion"" AND mediatype:texts",PHRASE_METADATA_SEARCH,EXACT_PHRASE,660,0,0,COMPLETED_NONZERO,2026-08-26,https://archive.org/advancedsearch.php,Metadata text-item count; not a full-text lexical frequency. Secondary metric: NOT_RUN_OPENALEX_DAILY_BUDGET_EXHAUSTED: shared provider response retained; no count fabricated.,OPENALEX_WORK_COUNT,NOT_APPLICABLE
FT-SEED-R1B-P-1938-04,1938,4,air,INTERNET_ARCHIVE_METADATA_TEXT_ITEM_COUNT,INTERNET_ARCHIVE_ADVANCEDSEARCH_NUMFOUND,"""air"" AND mediatype:texts",PHRASE_METADATA_SEARCH,EXACT_PHRASE,406830,1800,8904,COMPLETED_NONZERO,2026-08-26,https://archive.org/advancedsearch.php,Metadata text-item count; not a full-text lexical frequency. Secondary metric: Scholarly work discoverability count over OpenAlex search fields; not a corpus word frequency.,OPENALEX_WORK_COUNT,8872588
FT-SEED-R1B-P-1938-05,1938,5,atmosphere,INTERNET_ARCHIVE_METADATA_TEXT_ITEM_COUNT,INTERNET_ARCHIVE_ADVANCEDSEARCH_NUMFOUND,"""atmosphere"" AND mediatype:texts",PHRASE_METADATA_SEARCH,EXACT_PHRASE,41908,35,186,COMPLETED_NONZERO,2026-08-26,https://archive.org/advancedsearch.php,Metadata text-item count; not a full-text lexical frequency. Secondary metric: Scholarly work discoverability count over OpenAlex search fields; not a corpus word frequency.,OPENALEX_WORK_COUNT,3201156
FT-SEED-R1B-P-1938-06,1938,6,radiation absorption coefficients,INTERNET_ARCHIVE_METADATA_TEXT_ITEM_COUNT,INTERNET_ARCHIVE_ADVANCEDSEARCH_NUMFOUND,"""radiation absorption coefficients"" AND mediatype:texts",PHRASE_METADATA_SEARCH,EXACT_PHRASE,20,0,0,COMPLETED_NONZERO,2026-08-26,https://archive.org/advancedsearch.php,Metadata text-item count; not a full-text lexical frequency. Secondary metric: NOT_RUN_OPENALEX_DAILY_BUDGET_EXHAUSTED: shared provider response retained; no count fabricated.,OPENALEX_WORK_COUNT,NOT_APPLICABLE
FT-SEED-R1B-P-1938-07,1938,7,water vapour,INTERNET_ARCHIVE_METADATA_TEXT_ITEM_COUNT,INTERNET_ARCHIVE_ADVANCEDSEARCH_NUMFOUND,"""water vapour"" AND mediatype:texts",PHRASE_METADATA_SEARCH,EXACT_PHRASE,371,0,0,COMPLETED_NONZERO,2026-08-26,https://archive.org/advancedsearch.php,Metadata text-item count; not a full-text lexical frequency. Secondary metric: NOT_RUN_OPENALEX_DAILY_BUDGET_EXHAUSTED: shared provider response retained; no count fabricated.,OPENALEX_WORK_COUNT,NOT_APPLICABLE
FT-SEED-R1B-P-1938-08,1938,8,sky radiation,INTERNET_ARCHIVE_METADATA_TEXT_ITEM_COUNT,INTERNET_ARCHIVE_ADVANCEDSEARCH_NUMFOUND,"""sky radiation"" AND mediatype:texts",PHRASE_METADATA_SEARCH,EXACT_PHRASE,78,0,0,COMPLETED_NONZERO,2026-08-26,https://archive.org/advancedsearch.php,Metadata text-item count; not a full-text lexical frequency. Secondary metric: NOT_RUN_OPENALEX_DAILY_BUDGET_EXHAUSTED: shared provider response retained; no count fabricated.,OPENALEX_WORK_COUNT,NOT_APPLICABLE
FT-SEED-R1B-P-1938-09,1938,9,increase in mean temperature,INTERNET_ARCHIVE_METADATA_TEXT_ITEM_COUNT,INTERNET_ARCHIVE_ADVANCEDSEARCH_NUMFOUND,"""increase in mean temperature"" AND mediatype:texts",PHRASE_METADATA_SEARCH,EXACT_PHRASE,6,0,0,COMPLETED_NONZERO,2026-08-26,https://archive.org/advancedsearch.php,Metadata text-item count; not a full-text lexical frequency. Secondary metric: NOT_RUN_OPENALEX_DAILY_BUDGET_EXHAUSTED: shared provider response retained; no count fabricated.,OPENALEX_WORK_COUNT,NOT_APPLICABLE
FT-SEED-R1B-P-1938-10,1938,10,mean temperature,INTERNET_ARCHIVE_METADATA_TEXT_ITEM_COUNT,INTERNET_ARCHIVE_ADVANCEDSEARCH_NUMFOUND,"""mean temperature"" AND mediatype:texts",PHRASE_METADATA_SEARCH,EXACT_PHRASE,664,0,4,COMPLETED_NONZERO,2026-08-26,https://archive.org/advancedsearch.php,Metadata text-item count; not a full-text lexical frequency. Secondary metric: NOT_RUN_OPENALEX_DAILY_BUDGET_EXHAUSTED: shared provider response retained; no count fabricated.,OPENALEX_WORK_COUNT,NOT_APPLICABLE
FT-SEED-R1B-P-1938-11,1938,11,temperature observations,INTERNET_ARCHIVE_METADATA_TEXT_ITEM_COUNT,INTERNET_ARCHIVE_ADVANCEDSEARCH_NUMFOUND,"""temperature observations"" AND mediatype:texts",PHRASE_METADATA_SEARCH,EXACT_PHRASE,141,0,0,COMPLETED_NONZERO,2026-08-26,https://archive.org/advancedsearch.php,Metadata text-item count; not a full-text lexical frequency. Secondary metric: NOT_RUN_OPENALEX_DAILY_BUDGET_EXHAUSTED: shared provider response retained; no count fabricated.,OPENALEX_WORK_COUNT,NOT_APPLICABLE
FT-SEED-R1B-P-1938-12,1938,12,meteorological stations,INTERNET_ARCHIVE_METADATA_TEXT_ITEM_COUNT,INTERNET_ARCHIVE_ADVANCEDSEARCH_NUMFOUND,"""meteorological stations"" AND mediatype:texts",PHRASE_METADATA_SEARCH,EXACT_PHRASE,336,0,0,COMPLETED_NONZERO,2026-08-26,https://archive.org/advancedsearch.php,Metadata text-item count; not a full-text lexical frequency. Secondary metric: NOT_RUN_OPENALEX_DAILY_BUDGET_EXHAUSTED: shared provider response retained; no count fabricated.,OPENALEX_WORK_COUNT,NOT_APPLICABLE
FT-SEED-R1B-P-1938-13,1938,13,world temperatures,INTERNET_ARCHIVE_METADATA_TEXT_ITEM_COUNT,INTERNET_ARCHIVE_ADVANCEDSEARCH_NUMFOUND,"""world temperatures"" AND mediatype:texts",PHRASE_METADATA_SEARCH,EXACT_PHRASE,3,0,0,COMPLETED_NONZERO,2026-08-26,https://archive.org/advancedsearch.php,Metadata text-item count; not a full-text lexical frequency. Secondary metric: NOT_RUN_OPENALEX_DAILY_BUDGET_EXHAUSTED: shared provider response retained; no count fabricated.,OPENALEX_WORK_COUNT,NOT_APPLICABLE
FT-SEED-R1B-P-1938-14,1938,14,actually increased,INTERNET_ARCHIVE_METADATA_TEXT_ITEM_COUNT,INTERNET_ARCHIVE_ADVANCEDSEARCH_NUMFOUND,"""actually increased"" AND mediatype:texts",PHRASE_METADATA_SEARCH,EXACT_PHRASE,151,0,0,COMPLETED_NONZERO,2026-08-26,https://archive.org/advancedsearch.php,Metadata text-item count; not a full-text lexical frequency. Secondary metric: Scholarly work discoverability count over OpenAlex search fields; not a corpus word frequency.,OPENALEX_WORK_COUNT,40274
FT-SEED-R1B-P-1938-15,1938,15,average rate,INTERNET_ARCHIVE_METADATA_TEXT_ITEM_COUNT,INTERNET_ARCHIVE_ADVANCEDSEARCH_NUMFOUND,"""average rate"" AND mediatype:texts",PHRASE_METADATA_SEARCH,EXACT_PHRASE,891,0,0,COMPLETED_NONZERO,2026-08-26,https://archive.org/advancedsearch.php,Metadata text-item count; not a full-text lexical frequency. Secondary metric: Scholarly work discoverability count over OpenAlex search fields; not a corpus word frequency.,OPENALEX_WORK_COUNT,179699
FT-SEED-R1B-P-1938-16,1938,16,small increases in mean temperature,INTERNET_ARCHIVE_METADATA_TEXT_ITEM_COUNT,INTERNET_ARCHIVE_ADVANCEDSEARCH_NUMFOUND,"""small increases in mean temperature"" AND mediatype:texts",PHRASE_METADATA_SEARCH,EXACT_PHRASE,0,0,0,COMPLETED_ZERO,2026-08-26,https://archive.org/advancedsearch.php,Metadata text-item count; not a full-text lexical frequency. Secondary metric: NOT_RUN_OPENALEX_DAILY_BUDGET_EXHAUSTED: shared provider response retained; no count fabricated.,OPENALEX_WORK_COUNT,NOT_APPLICABLE
FT-SEED-R1B-P-1938-17,1938,17,deadly glaciers,INTERNET_ARCHIVE_METADATA_TEXT_ITEM_COUNT,INTERNET_ARCHIVE_ADVANCEDSEARCH_NUMFOUND,"""deadly glaciers"" AND mediatype:texts",PHRASE_METADATA_SEARCH,EXACT_PHRASE,0,0,0,COMPLETED_ZERO,2026-08-26,https://archive.org/advancedsearch.php,Metadata text-item count; not a full-text lexical frequency. Secondary metric: NOT_RUN_OPENALEX_DAILY_BUDGET_EXHAUSTED: shared provider response retained; no count fabricated.,OPENALEX_WORK_COUNT,NOT_APPLICABLE
FT-SEED-R1B-P-1938-18,1938,18,rather a coincidence,INTERNET_ARCHIVE_METADATA_TEXT_ITEM_COUNT,INTERNET_ARCHIVE_ADVANCEDSEARCH_NUMFOUND,"""rather a coincidence"" AND mediatype:texts",PHRASE_METADATA_SEARCH,EXACT_PHRASE,0,0,0,COMPLETED_ZERO,2026-08-26,https://archive.org/advancedsearch.php,Metadata text-item count; not a full-text lexical frequency. Secondary metric: NOT_RUN_OPENALEX_DAILY_BUDGET_EXHAUSTED: shared provider response retained; no count fabricated.,OPENALEX_WORK_COUNT,NOT_APPLICABLE
FT-SEED-R1B-P-1938-19,1938,19,Hottest Day for Ten Years,INTERNET_ARCHIVE_METADATA_TEXT_ITEM_COUNT,INTERNET_ARCHIVE_ADVANCEDSEARCH_NUMFOUND,"""Hottest Day for Ten Years"" AND mediatype:texts",PHRASE_METADATA_SEARCH,EXACT_PHRASE,0,0,0,COMPLETED_ZERO,2026-08-26,https://archive.org/advancedsearch.php,Metadata text-item count; not a full-text lexical frequency. Secondary metric: NOT_RUN_OPENALEX_DAILY_BUDGET_EXHAUSTED: shared provider response retained; no count fabricated.,OPENALEX_WORK_COUNT,NOT_APPLICABLE
FT-SEED-R1B-P-1938-20,1938,20,Heat Wave Over Queensland,INTERNET_ARCHIVE_METADATA_TEXT_ITEM_COUNT,INTERNET_ARCHIVE_ADVANCEDSEARCH_NUMFOUND,"""Heat Wave Over Queensland"" AND mediatype:texts",PHRASE_METADATA_SEARCH,EXACT_PHRASE,0,0,0,COMPLETED_ZERO,2026-08-26,https://archive.org/advancedsearch.php,Metadata text-item count; not a full-text lexical frequency. Secondary metric: NOT_RUN_OPENALEX_DAILY_BUDGET_EXHAUSTED: shared provider response retained; no count fabricated.,OPENALEX_WORK_COUNT,NOT_APPLICABLE
FT-SEED-R1B-P-1938-21,1938,21,heat wave,INTERNET_ARCHIVE_METADATA_TEXT_ITEM_COUNT,INTERNET_ARCHIVE_ADVANCEDSEARCH_NUMFOUND,"""heat wave"" AND mediatype:texts",PHRASE_METADATA_SEARCH,EXACT_PHRASE,957,7,64,COMPLETED_NONZERO,2026-08-26,https://archive.org/advancedsearch.php,Metadata text-item count; not a full-text lexical frequency. Secondary metric: NOT_RUN_OPENALEX_DAILY_BUDGET_EXHAUSTED: shared provider response retained; no count fabricated.,OPENALEX_WORK_COUNT,NOT_APPLICABLE
FT-SEED-R1B-P-1938-22,1938,22,40-degree temperatures,INTERNET_ARCHIVE_METADATA_TEXT_ITEM_COUNT,INTERNET_ARCHIVE_ADVANCEDSEARCH_NUMFOUND,"""40-degree temperatures"" AND mediatype:texts",PHRASE_METADATA_SEARCH,EXACT_PHRASE,0,0,0,COMPLETED_ZERO,2026-08-26,https://archive.org/advancedsearch.php,Metadata text-item count; not a full-text lexical frequency. Secondary metric: Scholarly work discoverability count over OpenAlex search fields; not a corpus word frequency.,OPENALEX_WORK_COUNT,18
FT-SEED-R1B-P-1938-23,1938,23,scorching westerly wind,INTERNET_ARCHIVE_METADATA_TEXT_ITEM_COUNT,INTERNET_ARCHIVE_ADVANCEDSEARCH_NUMFOUND,"""scorching westerly wind"" AND mediatype:texts",PHRASE_METADATA_SEARCH,EXACT_PHRASE,0,0,0,COMPLETED_ZERO,2026-08-26,https://archive.org/advancedsearch.php,Metadata text-item count; not a full-text lexical frequency. Secondary metric: NOT_RUN_OPENALEX_DAILY_BUDGET_EXHAUSTED: shared provider response retained; no count fabricated.,OPENALEX_WORK_COUNT,NOT_APPLICABLE
FT-SEED-R1B-P-1938-24,1938,24,pitiless sun,INTERNET_ARCHIVE_METADATA_TEXT_ITEM_COUNT,INTERNET_ARCHIVE_ADVANCEDSEARCH_NUMFOUND,"""pitiless sun"" AND mediatype:texts",PHRASE_METADATA_SEARCH,EXACT_PHRASE,4,0,1,COMPLETED_NONZERO,2026-08-26,https://archive.org/advancedsearch.php,Metadata text-item count; not a full-text lexical frequency. Secondary metric: NOT_RUN_OPENALEX_DAILY_BUDGET_EXHAUSTED: shared provider response retained; no count fabricated.,OPENALEX_WORK_COUNT,NOT_APPLICABLE
FT-SEED-R1B-P-1938-25,1938,25,hottest spell for years,INTERNET_ARCHIVE_METADATA_TEXT_ITEM_COUNT,INTERNET_ARCHIVE_ADVANCEDSEARCH_NUMFOUND,"""hottest spell for years"" AND mediatype:texts",PHRASE_METADATA_SEARCH,EXACT_PHRASE,0,0,0,COMPLETED_ZERO,2026-08-26,https://archive.org/advancedsearch.php,Metadata text-item count; not a full-text lexical frequency. Secondary metric: NOT_RUN_OPENALEX_DAILY_BUDGET_EXHAUSTED: shared provider response retained; no count fabricated.,OPENALEX_WORK_COUNT,NOT_APPLICABLE
FT-SEED-R1B-P-1938-26,1938,26,weather is just bearable,INTERNET_ARCHIVE_METADATA_TEXT_ITEM_COUNT,INTERNET_ARCHIVE_ADVANCEDSEARCH_NUMFOUND,"""weather is just bearable"" AND mediatype:texts",PHRASE_METADATA_SEARCH,EXACT_PHRASE,0,0,0,COMPLETED_ZERO,2026-08-26,https://archive.org/advancedsearch.php,Metadata text-item count; not a full-text lexical frequency. Secondary metric: NOT_RUN_OPENALEX_DAILY_BUDGET_EXHAUSTED: shared provider response retained; no count fabricated.,OPENALEX_WORK_COUNT,NOT_APPLICABLE
FT-SEED-R1B-P-1938-27,1938,27,heat records,INTERNET_ARCHIVE_METADATA_TEXT_ITEM_COUNT,INTERNET_ARCHIVE_ADVANCEDSEARCH_NUMFOUND,"""heat records"" AND mediatype:texts",PHRASE_METADATA_SEARCH,EXACT_PHRASE,2,0,0,COMPLETED_NONZERO,2026-08-26,https://archive.org/advancedsearch.php,Metadata text-item count; not a full-text lexical frequency. Secondary metric: NOT_RUN_OPENALEX_DAILY_BUDGET_EXHAUSTED: shared provider response retained; no count fabricated.,OPENALEX_WORK_COUNT,NOT_APPLICABLE
FT-SEED-R1B-P-1938-28,1938,28,drought,INTERNET_ARCHIVE_METADATA_TEXT_ITEM_COUNT,INTERNET_ARCHIVE_ADVANCEDSEARCH_NUMFOUND,"""drought"" AND mediatype:texts",PHRASE_METADATA_SEARCH,EXACT_PHRASE,10647,84,298,COMPLETED_NONZERO,2026-08-26,https://archive.org/advancedsearch.php,Metadata text-item count; not a full-text lexical frequency. Secondary metric: NOT_RUN_OPENALEX_DAILY_BUDGET_EXHAUSTED: shared provider response retained; no count fabricated.,OPENALEX_WORK_COUNT,NOT_APPLICABLE
FT-SEED-R1B-P-1938-29,1938,29,grass fires,INTERNET_ARCHIVE_METADATA_TEXT_ITEM_COUNT,INTERNET_ARCHIVE_ADVANCEDSEARCH_NUMFOUND,"""grass fires"" AND mediatype:texts",PHRASE_METADATA_SEARCH,EXACT_PHRASE,39,0,0,COMPLETED_NONZERO,2026-08-26,https://archive.org/advancedsearch.php,Metadata text-item count; not a full-text lexical frequency. Secondary metric: NOT_RUN_OPENALEX_DAILY_BUDGET_EXHAUSTED: shared provider response retained; no count fabricated.,OPENALEX_WORK_COUNT,NOT_APPLICABLE
FT-SEED-R1B-P-1938-30,1938,30,unbearable heat,INTERNET_ARCHIVE_METADATA_TEXT_ITEM_COUNT,INTERNET_ARCHIVE_ADVANCEDSEARCH_NUMFOUND,"""unbearable heat"" AND mediatype:texts",PHRASE_METADATA_SEARCH,EXACT_PHRASE,6,0,0,COMPLETED_NONZERO,2026-08-26,https://archive.org/advancedsearch.php,Metadata text-item count; not a full-text lexical frequency. Secondary metric: NOT_RUN_OPENALEX_DAILY_BUDGET_EXHAUSTED: shared provider response retained; no count fabricated.,OPENALEX_WORK_COUNT,NOT_APPLICABLE
FT-SEED-R1B-P-1988-01,1988,1,greenhouse effect,INTERNET_ARCHIVE_METADATA_TEXT_ITEM_COUNT,INTERNET_ARCHIVE_ADVANCEDSEARCH_NUMFOUND,"""greenhouse effect"" AND mediatype:texts",PHRASE_METADATA_SEARCH,EXACT_PHRASE,1441,19,156,COMPLETED_NONZERO,2026-08-26,https://archive.org/advancedsearch.php,Metadata text-item count; not a full-text lexical frequency. Secondary metric: NOT_RUN_OPENALEX_DAILY_BUDGET_EXHAUSTED: shared provider response retained; no count fabricated.,OPENALEX_WORK_COUNT,NOT_APPLICABLE
FT-SEED-R1B-P-1988-02,1988,2,global warming,INTERNET_ARCHIVE_METADATA_TEXT_ITEM_COUNT,INTERNET_ARCHIVE_ADVANCEDSEARCH_NUMFOUND,"""global warming"" AND mediatype:texts",PHRASE_METADATA_SEARCH,EXACT_PHRASE,5619,11,123,COMPLETED_NONZERO,2026-08-26,https://archive.org/advancedsearch.php,Metadata text-item count; not a full-text lexical frequency. Secondary metric: NOT_RUN_OPENALEX_DAILY_BUDGET_EXHAUSTED: shared provider response retained; no count fabricated.,OPENALEX_WORK_COUNT,NOT_APPLICABLE
FT-SEED-R1B-P-1988-03,1988,3,earth is warmer,INTERNET_ARCHIVE_METADATA_TEXT_ITEM_COUNT,INTERNET_ARCHIVE_ADVANCEDSEARCH_NUMFOUND,"""earth is warmer"" AND mediatype:texts",PHRASE_METADATA_SEARCH,EXACT_PHRASE,0,0,0,COMPLETED_ZERO,2026-08-26,https://archive.org/advancedsearch.php,Metadata text-item count; not a full-text lexical frequency. Secondary metric: NOT_RUN_OPENALEX_DAILY_BUDGET_EXHAUSTED: shared provider response retained; no count fabricated.,OPENALEX_WORK_COUNT,NOT_APPLICABLE
FT-SEED-R1B-P-1988-04,1988,4,instrumental measurements,INTERNET_ARCHIVE_METADATA_TEXT_ITEM_COUNT,INTERNET_ARCHIVE_ADVANCEDSEARCH_NUMFOUND,"""instrumental measurements"" AND mediatype:texts",PHRASE_METADATA_SEARCH,EXACT_PHRASE,13,0,1,COMPLETED_NONZERO,2026-08-26,https://archive.org/advancedsearch.php,Metadata text-item count; not a full-text lexical frequency. Secondary metric: NOT_RUN_OPENALEX_DAILY_BUDGET_EXHAUSTED: shared provider response retained; no count fabricated.,OPENALEX_WORK_COUNT,NOT_APPLICABLE
FT-SEED-R1B-P-1988-05,1988,5,cause-and-effect relationship,INTERNET_ARCHIVE_METADATA_TEXT_ITEM_COUNT,INTERNET_ARCHIVE_ADVANCEDSEARCH_NUMFOUND,"""cause-and-effect relationship"" AND mediatype:texts",PHRASE_METADATA_SEARCH,EXACT_PHRASE,118,1,9,COMPLETED_NONZERO,2026-08-26,https://archive.org/advancedsearch.php,Metadata text-item count; not a full-text lexical frequency. Secondary metric: Scholarly work discoverability count over OpenAlex search fields; not a corpus word frequency.,OPENALEX_WORK_COUNT,50251
FT-SEED-R1B-P-1988-06,1988,6,global temperature,INTERNET_ARCHIVE_METADATA_TEXT_ITEM_COUNT,INTERNET_ARCHIVE_ADVANCEDSEARCH_NUMFOUND,"""global temperature"" AND mediatype:texts",PHRASE_METADATA_SEARCH,EXACT_PHRASE,328,2,18,COMPLETED_NONZERO,2026-08-26,https://archive.org/advancedsearch.php,Metadata text-item count; not a full-text lexical frequency. Secondary metric: NOT_RUN_OPENALEX_DAILY_BUDGET_EXHAUSTED: shared provider response retained; no count fabricated.,OPENALEX_WORK_COUNT,NOT_APPLICABLE
FT-SEED-R1B-P-1988-07,1988,7,regional heat waves,INTERNET_ARCHIVE_METADATA_TEXT_ITEM_COUNT,INTERNET_ARCHIVE_ADVANCEDSEARCH_NUMFOUND,"""regional heat waves"" AND mediatype:texts",PHRASE_METADATA_SEARCH,EXACT_PHRASE,0,0,0,COMPLETED_ZERO,2026-08-26,https://archive.org/advancedsearch.php,Metadata text-item count; not a full-text lexical frequency. Secondary metric: NOT_RUN_OPENALEX_DAILY_BUDGET_EXHAUSTED: shared provider response retained; no count fabricated.,OPENALEX_WORK_COUNT,NOT_APPLICABLE
FT-SEED-R1B-P-1988-08,1988,8,heat wave,INTERNET_ARCHIVE_METADATA_TEXT_ITEM_COUNT,INTERNET_ARCHIVE_ADVANCEDSEARCH_NUMFOUND,"""heat wave"" AND mediatype:texts",PHRASE_METADATA_SEARCH,EXACT_PHRASE,957,7,64,COMPLETED_NONZERO,2026-08-26,https://archive.org/advancedsearch.php,Metadata text-item count; not a full-text lexical frequency. Secondary metric: NOT_RUN_OPENALEX_DAILY_BUDGET_EXHAUSTED: shared provider response retained; no count fabricated.,OPENALEX_WORK_COUNT,NOT_APPLICABLE
FT-SEED-R1B-P-1988-09,1988,9,drought,INTERNET_ARCHIVE_METADATA_TEXT_ITEM_COUNT,INTERNET_ARCHIVE_ADVANCEDSEARCH_NUMFOUND,"""drought"" AND mediatype:texts",PHRASE_METADATA_SEARCH,EXACT_PHRASE,10647,84,298,COMPLETED_NONZERO,2026-08-26,https://archive.org/advancedsearch.php,Metadata text-item count; not a full-text lexical frequency. Secondary metric: NOT_RUN_OPENALEX_DAILY_BUDGET_EXHAUSTED: shared provider response retained; no count fabricated.,OPENALEX_WORK_COUNT,NOT_APPLICABLE
FT-SEED-R1B-P-1988-10,1988,10,heat wave/drought occurrences,INTERNET_ARCHIVE_METADATA_TEXT_ITEM_COUNT,INTERNET_ARCHIVE_ADVANCEDSEARCH_NUMFOUND,"""heat wave/drought occurrences"" AND mediatype:texts",PHRASE_METADATA_SEARCH,EXACT_PHRASE,0,0,0,COMPLETED_ZERO,2026-08-26,https://archive.org/advancedsearch.php,Metadata text-item count; not a full-text lexical frequency. Secondary metric: NOT_RUN_OPENALEX_DAILY_BUDGET_EXHAUSTED: shared provider response retained; no count fabricated.,OPENALEX_WORK_COUNT,NOT_APPLICABLE
FT-SEED-R1B-P-1988-11,1988,11,extreme events,INTERNET_ARCHIVE_METADATA_TEXT_ITEM_COUNT,INTERNET_ARCHIVE_ADVANCEDSEARCH_NUMFOUND,"""extreme events"" AND mediatype:texts",PHRASE_METADATA_SEARCH,EXACT_PHRASE,515,1,6,COMPLETED_NONZERO,2026-08-26,https://archive.org/advancedsearch.php,Metadata text-item count; not a full-text lexical frequency. Secondary metric: NOT_RUN_OPENALEX_DAILY_BUDGET_EXHAUSTED: shared provider response retained; no count fabricated.,OPENALEX_WORK_COUNT,NOT_APPLICABLE
FT-SEED-R1B-P-1988-12,1988,12,global climate models,INTERNET_ARCHIVE_METADATA_TEXT_ITEM_COUNT,INTERNET_ARCHIVE_ADVANCEDSEARCH_NUMFOUND,"""global climate models"" AND mediatype:texts",PHRASE_METADATA_SEARCH,EXACT_PHRASE,180,0,3,COMPLETED_NONZERO,2026-08-26,https://archive.org/advancedsearch.php,Metadata text-item count; not a full-text lexical frequency. Secondary metric: NOT_RUN_OPENALEX_DAILY_BUDGET_EXHAUSTED: shared provider response retained; no count fabricated.,OPENALEX_WORK_COUNT,NOT_APPLICABLE
FT-SEED-R1B-P-1988-13,1988,13,global observations,INTERNET_ARCHIVE_METADATA_TEXT_ITEM_COUNT,INTERNET_ARCHIVE_ADVANCEDSEARCH_NUMFOUND,"""global observations"" AND mediatype:texts",PHRASE_METADATA_SEARCH,EXACT_PHRASE,87,0,2,COMPLETED_NONZERO,2026-08-26,https://archive.org/advancedsearch.php,Metadata text-item count; not a full-text lexical frequency. Secondary metric: NOT_RUN_OPENALEX_DAILY_BUDGET_EXHAUSTED: shared provider response retained; no count fabricated.,OPENALEX_WORK_COUNT,NOT_APPLICABLE
FT-SEED-R1B-P-1988-14,1988,14,warm air,INTERNET_ARCHIVE_METADATA_TEXT_ITEM_COUNT,INTERNET_ARCHIVE_ADVANCEDSEARCH_NUMFOUND,"""warm air"" AND mediatype:texts",PHRASE_METADATA_SEARCH,EXACT_PHRASE,376,2,13,COMPLETED_NONZERO,2026-08-26,https://archive.org/advancedsearch.php,Metadata text-item count; not a full-text lexical frequency. Secondary metric: NOT_RUN_OPENALEX_DAILY_BUDGET_EXHAUSTED: shared provider response retained; no count fabricated.,OPENALEX_WORK_COUNT,NOT_APPLICABLE
FT-SEED-R1B-P-1988-15,1988,15,changing atmosphere,INTERNET_ARCHIVE_METADATA_TEXT_ITEM_COUNT,INTERNET_ARCHIVE_ADVANCEDSEARCH_NUMFOUND,"""changing atmosphere"" AND mediatype:texts",PHRASE_METADATA_SEARCH,EXACT_PHRASE,37,2,8,COMPLETED_NONZERO,2026-08-26,https://archive.org/advancedsearch.php,Metadata text-item count; not a full-text lexical frequency. Secondary metric: Scholarly work discoverability count over OpenAlex search fields; not a corpus word frequency.,OPENALEX_WORK_COUNT,2410
FT-SEED-R1B-P-1988-16,1988,16,global security,INTERNET_ARCHIVE_METADATA_TEXT_ITEM_COUNT,INTERNET_ARCHIVE_ADVANCEDSEARCH_NUMFOUND,"""global security"" AND mediatype:texts",PHRASE_METADATA_SEARCH,EXACT_PHRASE,946,12,44,COMPLETED_NONZERO,2026-08-26,https://archive.org/advancedsearch.php,Metadata text-item count; not a full-text lexical frequency. Secondary metric: NOT_RUN_OPENALEX_DAILY_BUDGET_EXHAUSTED: shared provider response retained; no count fabricated.,OPENALEX_WORK_COUNT,NOT_APPLICABLE
FT-SEED-R1B-P-1988-17,1988,17,climate warming,INTERNET_ARCHIVE_METADATA_TEXT_ITEM_COUNT,INTERNET_ARCHIVE_ADVANCEDSEARCH_NUMFOUND,"""climate warming"" AND mediatype:texts",PHRASE_METADATA_SEARCH,EXACT_PHRASE,237,1,5,COMPLETED_NONZERO,2026-08-26,https://archive.org/advancedsearch.php,Metadata text-item count; not a full-text lexical frequency. Secondary metric: Scholarly work discoverability count over OpenAlex search fields; not a corpus word frequency.,OPENALEX_WORK_COUNT,106345
FT-SEED-R1B-P-1988-18,1988,18,changed climatic extremes,INTERNET_ARCHIVE_METADATA_TEXT_ITEM_COUNT,INTERNET_ARCHIVE_ADVANCEDSEARCH_NUMFOUND,"""changed climatic extremes"" AND mediatype:texts",PHRASE_METADATA_SEARCH,EXACT_PHRASE,0,0,0,COMPLETED_ZERO,2026-08-26,https://archive.org/advancedsearch.php,Metadata text-item count; not a full-text lexical frequency. Secondary metric: Scholarly work discoverability count over OpenAlex search fields; not a corpus word frequency.,OPENALEX_WORK_COUNT,1
FT-SEED-R1B-P-1988-19,1988,19,major threat,INTERNET_ARCHIVE_METADATA_TEXT_ITEM_COUNT,INTERNET_ARCHIVE_ADVANCEDSEARCH_NUMFOUND,"""major threat"" AND mediatype:texts",PHRASE_METADATA_SEARCH,EXACT_PHRASE,659,16,82,COMPLETED_NONZERO,2026-08-26,https://archive.org/advancedsearch.php,Metadata text-item count; not a full-text lexical frequency. Secondary metric: NOT_RUN_OPENALEX_DAILY_BUDGET_EXHAUSTED: shared provider response retained; no count fabricated.,OPENALEX_WORK_COUNT,NOT_APPLICABLE
FT-SEED-R1B-P-1988-20,1988,20,harmful consequences,INTERNET_ARCHIVE_METADATA_TEXT_ITEM_COUNT,INTERNET_ARCHIVE_ADVANCEDSEARCH_NUMFOUND,"""harmful consequences"" AND mediatype:texts",PHRASE_METADATA_SEARCH,EXACT_PHRASE,111,2,4,COMPLETED_NONZERO,2026-08-26,https://archive.org/advancedsearch.php,Metadata text-item count; not a full-text lexical frequency. Secondary metric: NOT_RUN_OPENALEX_DAILY_BUDGET_EXHAUSTED: shared provider response retained; no count fabricated.,OPENALEX_WORK_COUNT,NOT_APPLICABLE
FT-SEED-R1B-P-1988-21,1988,21,grave threats,INTERNET_ARCHIVE_METADATA_TEXT_ITEM_COUNT,INTERNET_ARCHIVE_ADVANCEDSEARCH_NUMFOUND,"""grave threats"" AND mediatype:texts",PHRASE_METADATA_SEARCH,EXACT_PHRASE,21,0,1,COMPLETED_NONZERO,2026-08-26,https://archive.org/advancedsearch.php,Metadata text-item count; not a full-text lexical frequency. Secondary metric: NOT_RUN_OPENALEX_DAILY_BUDGET_EXHAUSTED: shared provider response retained; no count fabricated.,OPENALEX_WORK_COUNT,NOT_APPLICABLE
FT-SEED-R1B-P-1988-22,1988,22,severe economic and social dislocation,INTERNET_ARCHIVE_METADATA_TEXT_ITEM_COUNT,INTERNET_ARCHIVE_ADVANCEDSEARCH_NUMFOUND,"""severe economic and social dislocation"" AND mediatype:texts",PHRASE_METADATA_SEARCH,EXACT_PHRASE,0,0,0,COMPLETED_ZERO,2026-08-26,https://archive.org/advancedsearch.php,Metadata text-item count; not a full-text lexical frequency. Secondary metric: NOT_RUN_OPENALEX_DAILY_BUDGET_EXHAUSTED: shared provider response retained; no count fabricated.,OPENALEX_WORK_COUNT,NOT_APPLICABLE
FT-SEED-R1B-P-1988-23,1988,23,risk of conflicts,INTERNET_ARCHIVE_METADATA_TEXT_ITEM_COUNT,INTERNET_ARCHIVE_ADVANCEDSEARCH_NUMFOUND,"""risk of conflicts"" AND mediatype:texts",PHRASE_METADATA_SEARCH,EXACT_PHRASE,4,0,0,COMPLETED_NONZERO,2026-08-26,https://archive.org/advancedsearch.php,Metadata text-item count; not a full-text lexical frequency. Secondary metric: NOT_RUN_OPENALEX_DAILY_BUDGET_EXHAUSTED: shared provider response retained; no count fabricated.,OPENALEX_WORK_COUNT,NOT_APPLICABLE
FT-SEED-R1B-P-1988-24,1988,24,impending crisis,INTERNET_ARCHIVE_METADATA_TEXT_ITEM_COUNT,INTERNET_ARCHIVE_ADVANCEDSEARCH_NUMFOUND,"""impending crisis"" AND mediatype:texts",PHRASE_METADATA_SEARCH,EXACT_PHRASE,203,5,11,COMPLETED_NONZERO,2026-08-26,https://archive.org/advancedsearch.php,Metadata text-item count; not a full-text lexical frequency. Secondary metric: NOT_RUN_OPENALEX_DAILY_BUDGET_EXHAUSTED: shared provider response retained; no count fabricated.,OPENALEX_WORK_COUNT,NOT_APPLICABLE
FT-SEED-R1B-P-1988-25,1988,25,degradation of the atmosphere,INTERNET_ARCHIVE_METADATA_TEXT_ITEM_COUNT,INTERNET_ARCHIVE_ADVANCEDSEARCH_NUMFOUND,"""degradation of the atmosphere"" AND mediatype:texts",PHRASE_METADATA_SEARCH,EXACT_PHRASE,0,0,0,COMPLETED_ZERO,2026-08-26,https://archive.org/advancedsearch.php,Metadata text-item count; not a full-text lexical frequency. Secondary metric: NOT_RUN_OPENALEX_DAILY_BUDGET_EXHAUSTED: shared provider response retained; no count fabricated.,OPENALEX_WORK_COUNT,NOT_APPLICABLE
FT-SEED-R1B-P-1988-26,1988,26,atmospheric pollution,INTERNET_ARCHIVE_METADATA_TEXT_ITEM_COUNT,INTERNET_ARCHIVE_ADVANCEDSEARCH_NUMFOUND,"""atmospheric pollution"" AND mediatype:texts",PHRASE_METADATA_SEARCH,EXACT_PHRASE,221,5,19,COMPLETED_NONZERO,2026-08-26,https://archive.org/advancedsearch.php,Metadata text-item count; not a full-text lexical frequency. Secondary metric: Scholarly work discoverability count over OpenAlex search fields; not a corpus word frequency.,OPENALEX_WORK_COUNT,53072
FT-SEED-R1B-P-1988-27,1988,27,greenhouse gases,INTERNET_ARCHIVE_METADATA_TEXT_ITEM_COUNT,INTERNET_ARCHIVE_ADVANCEDSEARCH_NUMFOUND,"""greenhouse gases"" AND mediatype:texts",PHRASE_METADATA_SEARCH,EXACT_PHRASE,1549,3,30,COMPLETED_NONZERO,2026-08-26,https://archive.org/advancedsearch.php,Metadata text-item count; not a full-text lexical frequency. Secondary metric: NOT_RUN_OPENALEX_DAILY_BUDGET_EXHAUSTED: shared provider response retained; no count fabricated.,OPENALEX_WORK_COUNT,NOT_APPLICABLE
FT-SEED-R1B-P-1988-28,1988,28,Global Warming Has Begun,INTERNET_ARCHIVE_METADATA_TEXT_ITEM_COUNT,INTERNET_ARCHIVE_ADVANCEDSEARCH_NUMFOUND,"""Global Warming Has Begun"" AND mediatype:texts",PHRASE_METADATA_SEARCH,EXACT_PHRASE,0,0,0,COMPLETED_ZERO,2026-08-26,https://archive.org/advancedsearch.php,Metadata text-item count; not a full-text lexical frequency. Secondary metric: NOT_RUN_OPENALEX_DAILY_BUDGET_EXHAUSTED: shared provider response retained; no count fabricated.,OPENALEX_WORK_COUNT,NOT_APPLICABLE
FT-SEED-R1B-P-1988-29,1988,29,evidence is pretty strong,INTERNET_ARCHIVE_METADATA_TEXT_ITEM_COUNT,INTERNET_ARCHIVE_ADVANCEDSEARCH_NUMFOUND,"""evidence is pretty strong"" AND mediatype:texts",PHRASE_METADATA_SEARCH,EXACT_PHRASE,0,0,0,COMPLETED_ZERO,2026-08-26,https://archive.org/advancedsearch.php,Metadata text-item count; not a full-text lexical frequency. Secondary metric: NOT_RUN_OPENALEX_DAILY_BUDGET_EXHAUSTED: shared provider response retained; no count fabricated.,OPENALEX_WORK_COUNT,NOT_APPLICABLE
FT-SEED-R1B-P-1988-30,1988,30,too much carbon dioxide is dangerous,INTERNET_ARCHIVE_METADATA_TEXT_ITEM_COUNT,INTERNET_ARCHIVE_ADVANCEDSEARCH_NUMFOUND,"""too much carbon dioxide is dangerous"" AND mediatype:texts",PHRASE_METADATA_SEARCH,EXACT_PHRASE,0,0,0,COMPLETED_ZERO,2026-08-26,https://archive.org/advancedsearch.php,Metadata text-item count; not a full-text lexical frequency. Secondary metric: NOT_RUN_OPENALEX_DAILY_BUDGET_EXHAUSTED: shared provider response retained; no count fabricated.,OPENALEX_WORK_COUNT,NOT_APPLICABLE
FT-SEED-R1B-P-0607-01,2006–2007,1,warming of the climate system,INTERNET_ARCHIVE_METADATA_TEXT_ITEM_COUNT,INTERNET_ARCHIVE_ADVANCEDSEARCH_NUMFOUND,"""warming of the climate system"" AND mediatype:texts",PHRASE_METADATA_SEARCH,EXACT_PHRASE,3,0,0,COMPLETED_NONZERO,2026-08-26,https://archive.org/advancedsearch.php,Metadata text-item count; not a full-text lexical frequency. Secondary metric: NOT_RUN_OPENALEX_DAILY_BUDGET_EXHAUSTED: shared provider response retained; no count fabricated.,OPENALEX_WORK_COUNT,NOT_APPLICABLE
FT-SEED-R1B-P-0607-02,2006–2007,2,unequivocal,INTERNET_ARCHIVE_METADATA_TEXT_ITEM_COUNT,INTERNET_ARCHIVE_ADVANCEDSEARCH_NUMFOUND,"""unequivocal"" AND mediatype:texts",PHRASE_METADATA_SEARCH,EXACT_PHRASE,919,31,58,COMPLETED_NONZERO,2026-08-26,https://archive.org/advancedsearch.php,Metadata text-item count; not a full-text lexical frequency. Secondary metric: NOT_RUN_OPENALEX_DAILY_BUDGET_EXHAUSTED: shared provider response retained; no count fabricated.,OPENALEX_WORK_COUNT,NOT_APPLICABLE
FT-SEED-R1B-P-0607-03,2006–2007,3,global average air and ocean temperatures,INTERNET_ARCHIVE_METADATA_TEXT_ITEM_COUNT,INTERNET_ARCHIVE_ADVANCEDSEARCH_NUMFOUND,"""global average air and ocean temperatures"" AND mediatype:texts",PHRASE_METADATA_SEARCH,EXACT_PHRASE,0,0,0,COMPLETED_ZERO,2026-08-26,https://archive.org/advancedsearch.php,Metadata text-item count; not a full-text lexical frequency. Secondary metric: NOT_RUN_OPENALEX_DAILY_BUDGET_EXHAUSTED: shared provider response retained; no count fabricated.,OPENALEX_WORK_COUNT,NOT_APPLICABLE
FT-SEED-R1B-P-0607-04,2006–2007,4,global surface temperature,INTERNET_ARCHIVE_METADATA_TEXT_ITEM_COUNT,INTERNET_ARCHIVE_ADVANCEDSEARCH_NUMFOUND,"""global surface temperature"" AND mediatype:texts",PHRASE_METADATA_SEARCH,EXACT_PHRASE,34,0,2,COMPLETED_NONZERO,2026-08-26,https://archive.org/advancedsearch.php,Metadata text-item count; not a full-text lexical frequency. Secondary metric: NOT_RUN_OPENALEX_DAILY_BUDGET_EXHAUSTED: shared provider response retained; no count fabricated.,OPENALEX_WORK_COUNT,NOT_APPLICABLE
FT-SEED-R1B-P-0607-05,2006–2007,5,temperature increase,INTERNET_ARCHIVE_METADATA_TEXT_ITEM_COUNT,INTERNET_ARCHIVE_ADVANCEDSEARCH_NUMFOUND,"""temperature increase"" AND mediatype:texts",PHRASE_METADATA_SEARCH,EXACT_PHRASE,442,17,29,COMPLETED_NONZERO,2026-08-26,https://archive.org/advancedsearch.php,Metadata text-item count; not a full-text lexical frequency. Secondary metric: NOT_RUN_OPENALEX_DAILY_BUDGET_EXHAUSTED: shared provider response retained; no count fabricated.,OPENALEX_WORK_COUNT,NOT_APPLICABLE
FT-SEED-R1B-P-0607-06,2006–2007,6,rising global average sea level,INTERNET_ARCHIVE_METADATA_TEXT_ITEM_COUNT,INTERNET_ARCHIVE_ADVANCEDSEARCH_NUMFOUND,"""rising global average sea level"" AND mediatype:texts",PHRASE_METADATA_SEARCH,EXACT_PHRASE,0,0,0,COMPLETED_ZERO,2026-08-26,https://archive.org/advancedsearch.php,Metadata text-item count; not a full-text lexical frequency. Secondary metric: NOT_RUN_OPENALEX_DAILY_BUDGET_EXHAUSTED: shared provider response retained; no count fabricated.,OPENALEX_WORK_COUNT,NOT_APPLICABLE
FT-SEED-R1B-P-0607-07,2006–2007,7,widespread melting of snow and ice,INTERNET_ARCHIVE_METADATA_TEXT_ITEM_COUNT,INTERNET_ARCHIVE_ADVANCEDSEARCH_NUMFOUND,"""widespread melting of snow and ice"" AND mediatype:texts",PHRASE_METADATA_SEARCH,EXACT_PHRASE,0,0,0,COMPLETED_ZERO,2026-08-26,https://archive.org/advancedsearch.php,Metadata text-item count; not a full-text lexical frequency. Secondary metric: NOT_RUN_OPENALEX_DAILY_BUDGET_EXHAUSTED: shared provider response retained; no count fabricated.,OPENALEX_WORK_COUNT,NOT_APPLICABLE
FT-SEED-R1B-P-0607-08,2006–2007,8,anthropogenic CO₂,INTERNET_ARCHIVE_METADATA_TEXT_ITEM_COUNT,INTERNET_ARCHIVE_ADVANCEDSEARCH_NUMFOUND,"""anthropogenic CO₂"" AND mediatype:texts",PHRASE_METADATA_SEARCH,EXACT_PHRASE,8,0,0,COMPLETED_NONZERO,2026-08-26,https://archive.org/advancedsearch.php,Metadata text-item count; not a full-text lexical frequency. Secondary metric: Scholarly work discoverability count over OpenAlex search fields; not a corpus word frequency.,OPENALEX_WORK_COUNT,19164
FT-SEED-R1B-P-0607-09,2006–2007,9,anthropogenic GHG emissions,INTERNET_ARCHIVE_METADATA_TEXT_ITEM_COUNT,INTERNET_ARCHIVE_ADVANCEDSEARCH_NUMFOUND,"""anthropogenic GHG emissions"" AND mediatype:texts",PHRASE_METADATA_SEARCH,EXACT_PHRASE,4,0,0,COMPLETED_NONZERO,2026-08-26,https://archive.org/advancedsearch.php,Metadata text-item count; not a full-text lexical frequency. Secondary metric: Scholarly work discoverability count over OpenAlex search fields; not a corpus word frequency.,OPENALEX_WORK_COUNT,5913
FT-SEED-R1B-P-0607-10,2006–2007,10,climate change,INTERNET_ARCHIVE_METADATA_TEXT_ITEM_COUNT,INTERNET_ARCHIVE_ADVANCEDSEARCH_NUMFOUND,"""climate change"" AND mediatype:texts",PHRASE_METADATA_SEARCH,EXACT_PHRASE,30525,656,1334,COMPLETED_NONZERO,2026-08-26,https://archive.org/advancedsearch.php,Metadata text-item count; not a full-text lexical frequency. Secondary metric: Scholarly work discoverability count over OpenAlex search fields; not a corpus word frequency.,OPENALEX_WORK_COUNT,2549592
FT-SEED-R1B-P-0607-11,2006–2007,11,global warming,INTERNET_ARCHIVE_METADATA_TEXT_ITEM_COUNT,INTERNET_ARCHIVE_ADVANCEDSEARCH_NUMFOUND,"""global warming"" AND mediatype:texts",PHRASE_METADATA_SEARCH,EXACT_PHRASE,5619,11,123,COMPLETED_NONZERO,2026-08-26,https://archive.org/advancedsearch.php,Metadata text-item count; not a full-text lexical frequency. Secondary metric: NOT_RUN_OPENALEX_DAILY_BUDGET_EXHAUSTED: shared provider response retained; no count fabricated.,OPENALEX_WORK_COUNT,NOT_APPLICABLE
FT-SEED-R1B-P-0607-12,2006–2007,12,serious global threat,INTERNET_ARCHIVE_METADATA_TEXT_ITEM_COUNT,INTERNET_ARCHIVE_ADVANCEDSEARCH_NUMFOUND,"""serious global threat"" AND mediatype:texts",PHRASE_METADATA_SEARCH,EXACT_PHRASE,3,0,1,COMPLETED_NONZERO,2026-08-26,https://archive.org/advancedsearch.php,Metadata text-item count; not a full-text lexical frequency. Secondary metric: NOT_RUN_OPENALEX_DAILY_BUDGET_EXHAUSTED: shared provider response retained; no count fabricated.,OPENALEX_WORK_COUNT,NOT_APPLICABLE
FT-SEED-R1B-P-0607-13,2006–2007,13,urgent global response,INTERNET_ARCHIVE_METADATA_TEXT_ITEM_COUNT,INTERNET_ARCHIVE_ADVANCEDSEARCH_NUMFOUND,"""urgent global response"" AND mediatype:texts",PHRASE_METADATA_SEARCH,EXACT_PHRASE,0,0,0,COMPLETED_ZERO,2026-08-26,https://archive.org/advancedsearch.php,Metadata text-item count; not a full-text lexical frequency. Secondary metric: NOT_RUN_OPENALEX_DAILY_BUDGET_EXHAUSTED: shared provider response retained; no count fabricated.,OPENALEX_WORK_COUNT,NOT_APPLICABLE
FT-SEED-R1B-P-0607-14,2006–2007,14,costs and risks of climate change,INTERNET_ARCHIVE_METADATA_TEXT_ITEM_COUNT,INTERNET_ARCHIVE_ADVANCEDSEARCH_NUMFOUND,"""costs and risks of climate change"" AND mediatype:texts",PHRASE_METADATA_SEARCH,EXACT_PHRASE,0,0,0,COMPLETED_ZERO,2026-08-26,https://archive.org/advancedsearch.php,"Metadata text-item count; not a full-text lexical frequency. Secondary metric: HTTP 429: {""error"":""Rate limit exceeded"",""message"":""Insufficient budget. This request costs $0.001 but you only have $0 remaining. Resets at midnight UTC. Need more? Add funds at https://openalex.org/pricing"",""retryAfter"":62990,""costUsd"":0.001,""daily",OPENALEX_WORK_COUNT,NOT_APPLICABLE
FT-SEED-R1B-P-0607-15,2006–2007,15,impacts of climate change,INTERNET_ARCHIVE_METADATA_TEXT_ITEM_COUNT,INTERNET_ARCHIVE_ADVANCEDSEARCH_NUMFOUND,"""impacts of climate change"" AND mediatype:texts",PHRASE_METADATA_SEARCH,EXACT_PHRASE,656,18,33,COMPLETED_NONZERO,2026-08-26,https://archive.org/advancedsearch.php,Metadata text-item count; not a full-text lexical frequency. Secondary metric: NOT_RUN_OPENALEX_DAILY_BUDGET_EXHAUSTED: shared provider response retained; no count fabricated.,OPENALEX_WORK_COUNT,NOT_APPLICABLE
FT-SEED-R1B-P-0607-16,2006–2007,16,damage,INTERNET_ARCHIVE_METADATA_TEXT_ITEM_COUNT,INTERNET_ARCHIVE_ADVANCEDSEARCH_NUMFOUND,"""damage"" AND mediatype:texts",PHRASE_METADATA_SEARCH,EXACT_PHRASE,71319,1697,3470,COMPLETED_NONZERO,2026-08-26,https://archive.org/advancedsearch.php,"Metadata text-item count; not a full-text lexical frequency. Secondary metric: HTTP 429: {""error"":""Rate limit exceeded"",""message"":""Insufficient budget. This request costs $0.001 but you only have $0 remaining. Resets at midnight UTC. Need more? Add funds at https://openalex.org/pricing"",""retryAfter"":62943,""costUsd"":0.001,""daily",OPENALEX_WORK_COUNT,NOT_APPLICABLE
FT-SEED-R1B-P-0607-17,2006–2007,17,hunger,INTERNET_ARCHIVE_METADATA_TEXT_ITEM_COUNT,INTERNET_ARCHIVE_ADVANCEDSEARCH_NUMFOUND,"""hunger"" AND mediatype:texts",PHRASE_METADATA_SEARCH,EXACT_PHRASE,8913,273,544,COMPLETED_NONZERO,2026-08-26,https://archive.org/advancedsearch.php,Metadata text-item count; not a full-text lexical frequency. Secondary metric: NOT_RUN_OPENALEX_DAILY_BUDGET_EXHAUSTED: shared provider response retained; no count fabricated.,OPENALEX_WORK_COUNT,NOT_APPLICABLE
FT-SEED-R1B-P-0607-18,2006–2007,18,water shortages,INTERNET_ARCHIVE_METADATA_TEXT_ITEM_COUNT,INTERNET_ARCHIVE_ADVANCEDSEARCH_NUMFOUND,"""water shortages"" AND mediatype:texts",PHRASE_METADATA_SEARCH,EXACT_PHRASE,223,4,10,COMPLETED_NONZERO,2026-08-26,https://archive.org/advancedsearch.php,Metadata text-item count; not a full-text lexical frequency. Secondary metric: NOT_RUN_OPENALEX_DAILY_BUDGET_EXHAUSTED: shared provider response retained; no count fabricated.,OPENALEX_WORK_COUNT,NOT_APPLICABLE
FT-SEED-R1B-P-0607-19,2006–2007,19,coastal flooding,INTERNET_ARCHIVE_METADATA_TEXT_ITEM_COUNT,INTERNET_ARCHIVE_ADVANCEDSEARCH_NUMFOUND,"""coastal flooding"" AND mediatype:texts",PHRASE_METADATA_SEARCH,EXACT_PHRASE,87,1,4,COMPLETED_NONZERO,2026-08-26,https://archive.org/advancedsearch.php,Metadata text-item count; not a full-text lexical frequency. Secondary metric: Scholarly work discoverability count over OpenAlex search fields; not a corpus word frequency.,OPENALEX_WORK_COUNT,22058
FT-SEED-R1B-P-0607-20,2006–2007,20,worst impacts,INTERNET_ARCHIVE_METADATA_TEXT_ITEM_COUNT,INTERNET_ARCHIVE_ADVANCEDSEARCH_NUMFOUND,"""worst impacts"" AND mediatype:texts",PHRASE_METADATA_SEARCH,EXACT_PHRASE,13,0,1,COMPLETED_NONZERO,2026-08-26,https://archive.org/advancedsearch.php,Metadata text-item count; not a full-text lexical frequency. Secondary metric: NOT_RUN_OPENALEX_DAILY_BUDGET_EXHAUSTED: shared provider response retained; no count fabricated.,OPENALEX_WORK_COUNT,NOT_APPLICABLE
FT-SEED-R1B-P-0607-21,2006–2007,21,Be Worried. Be Very Worried.,INTERNET_ARCHIVE_METADATA_TEXT_ITEM_COUNT,INTERNET_ARCHIVE_ADVANCEDSEARCH_NUMFOUND,"""Be Worried. Be Very Worried."" AND mediatype:texts",PHRASE_METADATA_SEARCH,EXACT_PHRASE,0,0,0,COMPLETED_ZERO,2026-08-26,https://archive.org/advancedsearch.php,Metadata text-item count; not a full-text lexical frequency. Secondary metric: Scholarly work discoverability count over OpenAlex search fields; not a corpus word frequency.,OPENALEX_WORK_COUNT,41
FT-SEED-R1B-P-0607-22,2006–2007,22,personally worry,INTERNET_ARCHIVE_METADATA_TEXT_ITEM_COUNT,INTERNET_ARCHIVE_ADVANCEDSEARCH_NUMFOUND,"""personally worry"" AND mediatype:texts",PHRASE_METADATA_SEARCH,EXACT_PHRASE,0,0,0,COMPLETED_ZERO,2026-08-26,https://archive.org/advancedsearch.php,Metadata text-item count; not a full-text lexical frequency. Secondary metric: NOT_RUN_OPENALEX_DAILY_BUDGET_EXHAUSTED: shared provider response retained; no count fabricated.,OPENALEX_WORK_COUNT,NOT_APPLICABLE
FT-SEED-R1B-P-0607-23,2006–2007,23,worry a great deal,INTERNET_ARCHIVE_METADATA_TEXT_ITEM_COUNT,INTERNET_ARCHIVE_ADVANCEDSEARCH_NUMFOUND,"""worry a great deal"" AND mediatype:texts",PHRASE_METADATA_SEARCH,EXACT_PHRASE,3,0,0,COMPLETED_NONZERO,2026-08-26,https://archive.org/advancedsearch.php,Metadata text-item count; not a full-text lexical frequency. Secondary metric: NOT_RUN_OPENALEX_DAILY_BUDGET_EXHAUSTED: shared provider response retained; no count fabricated.,OPENALEX_WORK_COUNT,NOT_APPLICABLE
FT-SEED-R1B-P-0607-24,2006–2007,24,serious problem,INTERNET_ARCHIVE_METADATA_TEXT_ITEM_COUNT,INTERNET_ARCHIVE_ADVANCEDSEARCH_NUMFOUND,"""serious problem"" AND mediatype:texts",PHRASE_METADATA_SEARCH,EXACT_PHRASE,2579,80,147,COMPLETED_NONZERO,2026-08-26,https://archive.org/advancedsearch.php,Metadata text-item count; not a full-text lexical frequency. Secondary metric: NOT_RUN_OPENALEX_DAILY_BUDGET_EXHAUSTED: shared provider response retained; no count fabricated.,OPENALEX_WORK_COUNT,NOT_APPLICABLE
FT-SEED-R1B-P-0607-25,2006–2007,25,danger,INTERNET_ARCHIVE_METADATA_TEXT_ITEM_COUNT,INTERNET_ARCHIVE_ADVANCEDSEARCH_NUMFOUND,"""danger"" AND mediatype:texts",PHRASE_METADATA_SEARCH,EXACT_PHRASE,37158,1050,2139,COMPLETED_NONZERO,2026-08-26,https://archive.org/advancedsearch.php,"Metadata text-item count; not a full-text lexical frequency. Secondary metric: HTTP 429: {""error"":""Rate limit exceeded"",""message"":""Insufficient budget. This request costs $0.001 but you only have $0 remaining. Resets at midnight UTC. Need more? Add funds at https://openalex.org/pricing"",""retryAfter"":62814,""costUsd"":0.001,""daily",OPENALEX_WORK_COUNT,NOT_APPLICABLE
FT-SEED-R1B-P-0607-26,2006–2007,26,urgent threat,INTERNET_ARCHIVE_METADATA_TEXT_ITEM_COUNT,INTERNET_ARCHIVE_ADVANCEDSEARCH_NUMFOUND,"""urgent threat"" AND mediatype:texts",PHRASE_METADATA_SEARCH,EXACT_PHRASE,11,0,0,COMPLETED_NONZERO,2026-08-26,https://archive.org/advancedsearch.php,Metadata text-item count; not a full-text lexical frequency. Secondary metric: NOT_RUN_OPENALEX_DAILY_BUDGET_EXHAUSTED: shared provider response retained; no count fabricated.,OPENALEX_WORK_COUNT,NOT_APPLICABLE
FT-SEED-R1B-P-0607-27,2006–2007,27,dangerous impacts,INTERNET_ARCHIVE_METADATA_TEXT_ITEM_COUNT,INTERNET_ARCHIVE_ADVANCEDSEARCH_NUMFOUND,"""dangerous impacts"" AND mediatype:texts",PHRASE_METADATA_SEARCH,EXACT_PHRASE,3,0,0,COMPLETED_NONZERO,2026-08-26,https://archive.org/advancedsearch.php,Metadata text-item count; not a full-text lexical frequency. Secondary metric: NOT_RUN_OPENALEX_DAILY_BUDGET_EXHAUSTED: shared provider response retained; no count fabricated.,OPENALEX_WORK_COUNT,NOT_APPLICABLE
FT-SEED-R1B-P-0607-28,2006–2007,28,drastic action,INTERNET_ARCHIVE_METADATA_TEXT_ITEM_COUNT,INTERNET_ARCHIVE_ADVANCEDSEARCH_NUMFOUND,"""drastic action"" AND mediatype:texts",PHRASE_METADATA_SEARCH,EXACT_PHRASE,532,2,4,COMPLETED_NONZERO,2026-08-26,https://archive.org/advancedsearch.php,Metadata text-item count; not a full-text lexical frequency. Secondary metric: NOT_RUN_OPENALEX_DAILY_BUDGET_EXHAUSTED: shared provider response retained; no count fabricated.,OPENALEX_WORK_COUNT,NOT_APPLICABLE
FT-SEED-R1B-P-0607-29,2006–2007,29,dangerous climate change,INTERNET_ARCHIVE_METADATA_TEXT_ITEM_COUNT,INTERNET_ARCHIVE_ADVANCEDSEARCH_NUMFOUND,"""dangerous climate change"" AND mediatype:texts",PHRASE_METADATA_SEARCH,EXACT_PHRASE,28,2,5,COMPLETED_NONZERO,2026-08-26,https://archive.org/advancedsearch.php,"Metadata text-item count; not a full-text lexical frequency. Secondary metric: HTTP 429: {""error"":""Rate limit exceeded"",""message"":""Insufficient budget. This request costs $0.001 but you only have $0 remaining. Resets at midnight UTC. Need more? Add funds at https://openalex.org/pricing"",""retryAfter"":62768,""costUsd"":0.001,""daily",OPENALEX_WORK_COUNT,NOT_APPLICABLE
FT-SEED-R1B-P-0607-30,2006–2007,30,threatens serious negative effects,INTERNET_ARCHIVE_METADATA_TEXT_ITEM_COUNT,INTERNET_ARCHIVE_ADVANCEDSEARCH_NUMFOUND,"""threatens serious negative effects"" AND mediatype:texts",PHRASE_METADATA_SEARCH,EXACT_PHRASE,0,0,0,COMPLETED_ZERO,2026-08-26,https://archive.org/advancedsearch.php,Metadata text-item count; not a full-text lexical frequency. Secondary metric: NOT_RUN_OPENALEX_DAILY_BUDGET_EXHAUSTED: shared provider response retained; no count fabricated.,OPENALEX_WORK_COUNT,NOT_APPLICABLE
FT-SEED-R1B-P-2015-01,2015,1,climate change,INTERNET_ARCHIVE_METADATA_TEXT_ITEM_COUNT,INTERNET_ARCHIVE_ADVANCEDSEARCH_NUMFOUND,"""climate change"" AND mediatype:texts",PHRASE_METADATA_SEARCH,EXACT_PHRASE,30525,656,1334,COMPLETED_NONZERO,2026-08-26,https://archive.org/advancedsearch.php,Metadata text-item count; not a full-text lexical frequency. Secondary metric: Scholarly work discoverability count over OpenAlex search fields; not a corpus word frequency.,OPENALEX_WORK_COUNT,2549592
FT-SEED-R1B-P-2015-02,2015,2,threat of climate change,INTERNET_ARCHIVE_METADATA_TEXT_ITEM_COUNT,INTERNET_ARCHIVE_ADVANCEDSEARCH_NUMFOUND,"""threat of climate change"" AND mediatype:texts",PHRASE_METADATA_SEARCH,EXACT_PHRASE,42,2,3,COMPLETED_NONZERO,2026-08-26,https://archive.org/advancedsearch.php,Metadata text-item count; not a full-text lexical frequency. Secondary metric: NOT_RUN_OPENALEX_DAILY_BUDGET_EXHAUSTED: shared provider response retained; no count fabricated.,OPENALEX_WORK_COUNT,NOT_APPLICABLE
FT-SEED-R1B-P-2015-03,2015,3,global average temperature,INTERNET_ARCHIVE_METADATA_TEXT_ITEM_COUNT,INTERNET_ARCHIVE_ADVANCEDSEARCH_NUMFOUND,"""global average temperature"" AND mediatype:texts",PHRASE_METADATA_SEARCH,EXACT_PHRASE,25,1,2,COMPLETED_NONZERO,2026-08-26,https://archive.org/advancedsearch.php,Metadata text-item count; not a full-text lexical frequency. Secondary metric: NOT_RUN_OPENALEX_DAILY_BUDGET_EXHAUSTED: shared provider response retained; no count fabricated.,OPENALEX_WORK_COUNT,NOT_APPLICABLE
FT-SEED-R1B-P-2015-04,2015,4,well below 2°C above pre-industrial levels,INTERNET_ARCHIVE_METADATA_TEXT_ITEM_COUNT,INTERNET_ARCHIVE_ADVANCEDSEARCH_NUMFOUND,"""well below 2°C above pre-industrial levels"" AND mediatype:texts",PHRASE_METADATA_SEARCH,EXACT_PHRASE,2,1,1,COMPLETED_NONZERO,2026-08-26,https://archive.org/advancedsearch.php,Metadata text-item count; not a full-text lexical frequency. Secondary metric: NOT_RUN_OPENALEX_DAILY_BUDGET_EXHAUSTED: shared provider response retained; no count fabricated.,OPENALEX_WORK_COUNT,NOT_APPLICABLE
FT-SEED-R1B-P-2015-05,2015,5,1.5°C above pre-industrial levels,INTERNET_ARCHIVE_METADATA_TEXT_ITEM_COUNT,INTERNET_ARCHIVE_ADVANCEDSEARCH_NUMFOUND,"""1.5°C above pre-industrial levels"" AND mediatype:texts",PHRASE_METADATA_SEARCH,EXACT_PHRASE,3,1,1,COMPLETED_NONZERO,2026-08-26,https://archive.org/advancedsearch.php,Metadata text-item count; not a full-text lexical frequency. Secondary metric: Scholarly work discoverability count over OpenAlex search fields; not a corpus word frequency.,OPENALEX_WORK_COUNT,11609
FT-SEED-R1B-P-2015-06,2015,6,pre-industrial levels,INTERNET_ARCHIVE_METADATA_TEXT_ITEM_COUNT,INTERNET_ARCHIVE_ADVANCEDSEARCH_NUMFOUND,"""pre-industrial levels"" AND mediatype:texts",PHRASE_METADATA_SEARCH,EXACT_PHRASE,30,1,1,COMPLETED_NONZERO,2026-08-26,https://archive.org/advancedsearch.php,Metadata text-item count; not a full-text lexical frequency. Secondary metric: NOT_RUN_OPENALEX_DAILY_BUDGET_EXHAUSTED: shared provider response retained; no count fabricated.,OPENALEX_WORK_COUNT,NOT_APPLICABLE
FT-SEED-R1B-P-2015-07,2015,7,risks and impacts,INTERNET_ARCHIVE_METADATA_TEXT_ITEM_COUNT,INTERNET_ARCHIVE_ADVANCEDSEARCH_NUMFOUND,"""risks and impacts"" AND mediatype:texts",PHRASE_METADATA_SEARCH,EXACT_PHRASE,27,1,3,COMPLETED_NONZERO,2026-08-26,https://archive.org/advancedsearch.php,Metadata text-item count; not a full-text lexical frequency. Secondary metric: NOT_RUN_OPENALEX_DAILY_BUDGET_EXHAUSTED: shared provider response retained; no count fabricated.,OPENALEX_WORK_COUNT,NOT_APPLICABLE
FT-SEED-R1B-P-2015-08,2015,8,adverse impacts,INTERNET_ARCHIVE_METADATA_TEXT_ITEM_COUNT,INTERNET_ARCHIVE_ADVANCEDSEARCH_NUMFOUND,"""adverse impacts"" AND mediatype:texts",PHRASE_METADATA_SEARCH,EXACT_PHRASE,442,4,25,COMPLETED_NONZERO,2026-08-26,https://archive.org/advancedsearch.php,Metadata text-item count; not a full-text lexical frequency. Secondary metric: Scholarly work discoverability count over OpenAlex search fields; not a corpus word frequency.,OPENALEX_WORK_COUNT,115739
FT-SEED-R1B-P-2015-09,2015,9,adverse effects of climate change,INTERNET_ARCHIVE_METADATA_TEXT_ITEM_COUNT,INTERNET_ARCHIVE_ADVANCEDSEARCH_NUMFOUND,"""adverse effects of climate change"" AND mediatype:texts",PHRASE_METADATA_SEARCH,EXACT_PHRASE,41,1,1,COMPLETED_NONZERO,2026-08-26,https://archive.org/advancedsearch.php,Metadata text-item count; not a full-text lexical frequency. Secondary metric: Scholarly work discoverability count over OpenAlex search fields; not a corpus word frequency.,OPENALEX_WORK_COUNT,12883
FT-SEED-R1B-P-2015-10,2015,10,greenhouse gas emissions,INTERNET_ARCHIVE_METADATA_TEXT_ITEM_COUNT,INTERNET_ARCHIVE_ADVANCEDSEARCH_NUMFOUND,"""greenhouse gas emissions"" AND mediatype:texts",PHRASE_METADATA_SEARCH,EXACT_PHRASE,1078,22,102,COMPLETED_NONZERO,2026-08-26,https://archive.org/advancedsearch.php,Metadata text-item count; not a full-text lexical frequency. Secondary metric: NOT_RUN_OPENALEX_DAILY_BUDGET_EXHAUSTED: shared provider response retained; no count fabricated.,OPENALEX_WORK_COUNT,NOT_APPLICABLE
FT-SEED-R1B-P-2015-11,2015,11,climate resilience,INTERNET_ARCHIVE_METADATA_TEXT_ITEM_COUNT,INTERNET_ARCHIVE_ADVANCEDSEARCH_NUMFOUND,"""climate resilience"" AND mediatype:texts",PHRASE_METADATA_SEARCH,EXACT_PHRASE,196,4,7,COMPLETED_NONZERO,2026-08-26,https://archive.org/advancedsearch.php,Metadata text-item count; not a full-text lexical frequency. Secondary metric: Scholarly work discoverability count over OpenAlex search fields; not a corpus word frequency.,OPENALEX_WORK_COUNT,71130
FT-SEED-R1B-P-2015-12,2015,12,vulnerability,INTERNET_ARCHIVE_METADATA_TEXT_ITEM_COUNT,INTERNET_ARCHIVE_ADVANCEDSEARCH_NUMFOUND,"""vulnerability"" AND mediatype:texts",PHRASE_METADATA_SEARCH,EXACT_PHRASE,13888,333,1289,COMPLETED_NONZERO,2026-08-26,https://archive.org/advancedsearch.php,Metadata text-item count; not a full-text lexical frequency. Secondary metric: NOT_RUN_OPENALEX_DAILY_BUDGET_EXHAUSTED: shared provider response retained; no count fabricated.,OPENALEX_WORK_COUNT,NOT_APPLICABLE
FT-SEED-R1B-P-2015-13,2015,13,vulnerable groups,INTERNET_ARCHIVE_METADATA_TEXT_ITEM_COUNT,INTERNET_ARCHIVE_ADVANCEDSEARCH_NUMFOUND,"""vulnerable groups"" AND mediatype:texts",PHRASE_METADATA_SEARCH,EXACT_PHRASE,359,12,49,COMPLETED_NONZERO,2026-08-26,https://archive.org/advancedsearch.php,Metadata text-item count; not a full-text lexical frequency. Secondary metric: NOT_RUN_OPENALEX_DAILY_BUDGET_EXHAUSTED: shared provider response retained; no count fabricated.,OPENALEX_WORK_COUNT,NOT_APPLICABLE
FT-SEED-R1B-P-2015-14,2015,14,loss and damage,INTERNET_ARCHIVE_METADATA_TEXT_ITEM_COUNT,INTERNET_ARCHIVE_ADVANCEDSEARCH_NUMFOUND,"""loss and damage"" AND mediatype:texts",PHRASE_METADATA_SEARCH,EXACT_PHRASE,86,4,4,COMPLETED_NONZERO,2026-08-26,https://archive.org/advancedsearch.php,Metadata text-item count; not a full-text lexical frequency. Secondary metric: NOT_RUN_OPENALEX_DAILY_BUDGET_EXHAUSTED: shared provider response retained; no count fabricated.,OPENALEX_WORK_COUNT,NOT_APPLICABLE
FT-SEED-R1B-P-2015-15,2015,15,extreme weather events,INTERNET_ARCHIVE_METADATA_TEXT_ITEM_COUNT,INTERNET_ARCHIVE_ADVANCEDSEARCH_NUMFOUND,"""extreme weather events"" AND mediatype:texts",PHRASE_METADATA_SEARCH,EXACT_PHRASE,251,9,30,COMPLETED_NONZERO,2026-08-26,https://archive.org/advancedsearch.php,Metadata text-item count; not a full-text lexical frequency. Secondary metric: NOT_RUN_OPENALEX_DAILY_BUDGET_EXHAUSTED: shared provider response retained; no count fabricated.,OPENALEX_WORK_COUNT,NOT_APPLICABLE
FT-SEED-R1B-P-2015-16,2015,16,slow onset events,INTERNET_ARCHIVE_METADATA_TEXT_ITEM_COUNT,INTERNET_ARCHIVE_ADVANCEDSEARCH_NUMFOUND,"""slow onset events"" AND mediatype:texts",PHRASE_METADATA_SEARCH,EXACT_PHRASE,2,1,1,COMPLETED_NONZERO,2026-08-26,https://archive.org/advancedsearch.php,Metadata text-item count; not a full-text lexical frequency. Secondary metric: NOT_RUN_OPENALEX_DAILY_BUDGET_EXHAUSTED: shared provider response retained; no count fabricated.,OPENALEX_WORK_COUNT,NOT_APPLICABLE
FT-SEED-R1B-P-2015-17,2015,17,risk of loss and damage,INTERNET_ARCHIVE_METADATA_TEXT_ITEM_COUNT,INTERNET_ARCHIVE_ADVANCEDSEARCH_NUMFOUND,"""risk of loss and damage"" AND mediatype:texts",PHRASE_METADATA_SEARCH,EXACT_PHRASE,2,1,1,COMPLETED_NONZERO,2026-08-26,https://archive.org/advancedsearch.php,Metadata text-item count; not a full-text lexical frequency. Secondary metric: NOT_RUN_OPENALEX_DAILY_BUDGET_EXHAUSTED: shared provider response retained; no count fabricated.,OPENALEX_WORK_COUNT,NOT_APPLICABLE
FT-SEED-R1B-P-2015-18,2015,18,early warning systems,INTERNET_ARCHIVE_METADATA_TEXT_ITEM_COUNT,INTERNET_ARCHIVE_ADVANCEDSEARCH_NUMFOUND,"""early warning systems"" AND mediatype:texts",PHRASE_METADATA_SEARCH,EXACT_PHRASE,833,18,56,COMPLETED_NONZERO,2026-08-26,https://archive.org/advancedsearch.php,Metadata text-item count; not a full-text lexical frequency. Secondary metric: NOT_RUN_OPENALEX_DAILY_BUDGET_EXHAUSTED: shared provider response retained; no count fabricated.,OPENALEX_WORK_COUNT,NOT_APPLICABLE
FT-SEED-R1B-P-2015-19,2015,19,emergency preparedness,INTERNET_ARCHIVE_METADATA_TEXT_ITEM_COUNT,INTERNET_ARCHIVE_ADVANCEDSEARCH_NUMFOUND,"""emergency preparedness"" AND mediatype:texts",PHRASE_METADATA_SEARCH,EXACT_PHRASE,1406,30,100,COMPLETED_NONZERO,2026-08-26,https://archive.org/advancedsearch.php,Metadata text-item count; not a full-text lexical frequency. Secondary metric: NOT_RUN_OPENALEX_DAILY_BUDGET_EXHAUSTED: shared provider response retained; no count fabricated.,OPENALEX_WORK_COUNT,NOT_APPLICABLE
FT-SEED-R1B-P-2015-20,2015,20,irreversible and permanent loss and damage,INTERNET_ARCHIVE_METADATA_TEXT_ITEM_COUNT,INTERNET_ARCHIVE_ADVANCEDSEARCH_NUMFOUND,"""irreversible and permanent loss and damage"" AND mediatype:texts",PHRASE_METADATA_SEARCH,EXACT_PHRASE,1,1,1,COMPLETED_NONZERO,2026-08-26,https://archive.org/advancedsearch.php,Metadata text-item count; not a full-text lexical frequency. Secondary metric: NOT_RUN_OPENALEX_DAILY_BUDGET_EXHAUSTED: shared provider response retained; no count fabricated.,OPENALEX_WORK_COUNT,NOT_APPLICABLE
FT-SEED-R1B-P-2015-21,2015,21,comprehensive risk assessment and management,INTERNET_ARCHIVE_METADATA_TEXT_ITEM_COUNT,INTERNET_ARCHIVE_ADVANCEDSEARCH_NUMFOUND,"""comprehensive risk assessment and management"" AND mediatype:texts",PHRASE_METADATA_SEARCH,EXACT_PHRASE,1,1,1,COMPLETED_NONZERO,2026-08-26,https://archive.org/advancedsearch.php,"Metadata text-item count; not a full-text lexical frequency. Secondary metric: HTTP 429: {""error"":""Rate limit exceeded"",""message"":""Insufficient budget. This request costs $0.001 but you only have $0 remaining. Resets at midnight UTC. Need more? Add funds at https://openalex.org/pricing"",""retryAfter"":63036,""costUsd"":0.001,""daily",OPENALEX_WORK_COUNT,NOT_APPLICABLE
FT-SEED-R1B-P-2015-22,2015,22,non-economic losses,INTERNET_ARCHIVE_METADATA_TEXT_ITEM_COUNT,INTERNET_ARCHIVE_ADVANCEDSEARCH_NUMFOUND,"""non-economic losses"" AND mediatype:texts",PHRASE_METADATA_SEARCH,EXACT_PHRASE,1,1,1,COMPLETED_NONZERO,2026-08-26,https://archive.org/advancedsearch.php,Metadata text-item count; not a full-text lexical frequency. Secondary metric: NOT_RUN_OPENALEX_DAILY_BUDGET_EXHAUSTED: shared provider response retained; no count fabricated.,OPENALEX_WORK_COUNT,NOT_APPLICABLE
FT-SEED-R1B-P-2015-23,2015,23,common concern of humankind,INTERNET_ARCHIVE_METADATA_TEXT_ITEM_COUNT,INTERNET_ARCHIVE_ADVANCEDSEARCH_NUMFOUND,"""common concern of humankind"" AND mediatype:texts",PHRASE_METADATA_SEARCH,EXACT_PHRASE,5,0,0,COMPLETED_NONZERO,2026-08-26,https://archive.org/advancedsearch.php,Metadata text-item count; not a full-text lexical frequency. Secondary metric: Scholarly work discoverability count over OpenAlex search fields; not a corpus word frequency.,OPENALEX_WORK_COUNT,1078
FT-SEED-R1B-P-2015-24,2015,24,climate justice,INTERNET_ARCHIVE_METADATA_TEXT_ITEM_COUNT,INTERNET_ARCHIVE_ADVANCEDSEARCH_NUMFOUND,"""climate justice"" AND mediatype:texts",PHRASE_METADATA_SEARCH,EXACT_PHRASE,145,8,20,COMPLETED_NONZERO,2026-08-26,https://archive.org/advancedsearch.php,Metadata text-item count; not a full-text lexical frequency. Secondary metric: Scholarly work discoverability count over OpenAlex search fields; not a corpus word frequency.,OPENALEX_WORK_COUNT,30786
FT-SEED-R1B-P-2015-25,2015,25,very worried,INTERNET_ARCHIVE_METADATA_TEXT_ITEM_COUNT,INTERNET_ARCHIVE_ADVANCEDSEARCH_NUMFOUND,"""very worried"" AND mediatype:texts",PHRASE_METADATA_SEARCH,EXACT_PHRASE,131,2,4,COMPLETED_NONZERO,2026-08-26,https://archive.org/advancedsearch.php,Metadata text-item count; not a full-text lexical frequency. Secondary metric: NOT_RUN_OPENALEX_DAILY_BUDGET_EXHAUSTED: shared provider response retained; no count fabricated.,OPENALEX_WORK_COUNT,NOT_APPLICABLE
FT-SEED-R1B-P-2015-26,2015,26,somewhat worried,INTERNET_ARCHIVE_METADATA_TEXT_ITEM_COUNT,INTERNET_ARCHIVE_ADVANCEDSEARCH_NUMFOUND,"""somewhat worried"" AND mediatype:texts",PHRASE_METADATA_SEARCH,EXACT_PHRASE,15,0,2,COMPLETED_NONZERO,2026-08-26,https://archive.org/advancedsearch.php,Metadata text-item count; not a full-text lexical frequency. Secondary metric: NOT_RUN_OPENALEX_DAILY_BUDGET_EXHAUSTED: shared provider response retained; no count fabricated.,OPENALEX_WORK_COUNT,NOT_APPLICABLE
FT-SEED-R1B-P-2015-27,2015,27,very serious problem,INTERNET_ARCHIVE_METADATA_TEXT_ITEM_COUNT,INTERNET_ARCHIVE_ADVANCEDSEARCH_NUMFOUND,"""very serious problem"" AND mediatype:texts",PHRASE_METADATA_SEARCH,EXACT_PHRASE,101,0,5,COMPLETED_NONZERO,2026-08-26,https://archive.org/advancedsearch.php,Metadata text-item count; not a full-text lexical frequency. Secondary metric: NOT_RUN_OPENALEX_DAILY_BUDGET_EXHAUSTED: shared provider response retained; no count fabricated.,OPENALEX_WORK_COUNT,NOT_APPLICABLE
FT-SEED-R1B-P-2015-28,2015,28,harm them personally,INTERNET_ARCHIVE_METADATA_TEXT_ITEM_COUNT,INTERNET_ARCHIVE_ADVANCEDSEARCH_NUMFOUND,"""harm them personally"" AND mediatype:texts",PHRASE_METADATA_SEARCH,EXACT_PHRASE,0,0,0,COMPLETED_ZERO,2026-08-26,https://archive.org/advancedsearch.php,Metadata text-item count; not a full-text lexical frequency. Secondary metric: NOT_RUN_OPENALEX_DAILY_BUDGET_EXHAUSTED: shared provider response retained; no count fabricated.,OPENALEX_WORK_COUNT,NOT_APPLICABLE
FT-SEED-R1B-P-2015-29,2015,29,drought or water shortages,INTERNET_ARCHIVE_METADATA_TEXT_ITEM_COUNT,INTERNET_ARCHIVE_ADVANCEDSEARCH_NUMFOUND,"""drought or water shortages"" AND mediatype:texts",PHRASE_METADATA_SEARCH,EXACT_PHRASE,1,1,1,COMPLETED_NONZERO,2026-08-26,https://archive.org/advancedsearch.php,Metadata text-item count; not a full-text lexical frequency. Secondary metric: NOT_RUN_OPENALEX_DAILY_BUDGET_EXHAUSTED: shared provider response retained; no count fabricated.,OPENALEX_WORK_COUNT,NOT_APPLICABLE
FT-SEED-R1B-P-2015-30,2015,30,We are nature defending itself,INTERNET_ARCHIVE_METADATA_TEXT_ITEM_COUNT,INTERNET_ARCHIVE_ADVANCEDSEARCH_NUMFOUND,"""We are nature defending itself"" AND mediatype:texts",PHRASE_METADATA_SEARCH,EXACT_PHRASE,0,0,0,COMPLETED_ZERO,2026-08-26,https://archive.org/advancedsearch.php,Metadata text-item count; not a full-text lexical frequency. Secondary metric: NOT_RUN_OPENALEX_DAILY_BUDGET_EXHAUSTED: shared provider response retained; no count fabricated.,OPENALEX_WORK_COUNT,NOT_APPLICABLE
FT-SEED-R1B-P-2022-01,2022,1,climate change,INTERNET_ARCHIVE_METADATA_TEXT_ITEM_COUNT,INTERNET_ARCHIVE_ADVANCEDSEARCH_NUMFOUND,"""climate change"" AND mediatype:texts",PHRASE_METADATA_SEARCH,EXACT_PHRASE,30525,656,1334,COMPLETED_NONZERO,2026-08-26,https://archive.org/advancedsearch.php,Metadata text-item count; not a full-text lexical frequency. Secondary metric: Scholarly work discoverability count over OpenAlex search fields; not a corpus word frequency.,OPENALEX_WORK_COUNT,2549592
FT-SEED-R1B-P-2022-02,2022,2,global warming,INTERNET_ARCHIVE_METADATA_TEXT_ITEM_COUNT,INTERNET_ARCHIVE_ADVANCEDSEARCH_NUMFOUND,"""global warming"" AND mediatype:texts",PHRASE_METADATA_SEARCH,EXACT_PHRASE,5619,11,123,COMPLETED_NONZERO,2026-08-26,https://archive.org/advancedsearch.php,Metadata text-item count; not a full-text lexical frequency. Secondary metric: NOT_RUN_OPENALEX_DAILY_BUDGET_EXHAUSTED: shared provider response retained; no count fabricated.,OPENALEX_WORK_COUNT,NOT_APPLICABLE
FT-SEED-R1B-P-2022-03,2022,3,very worried,INTERNET_ARCHIVE_METADATA_TEXT_ITEM_COUNT,INTERNET_ARCHIVE_ADVANCEDSEARCH_NUMFOUND,"""very worried"" AND mediatype:texts",PHRASE_METADATA_SEARCH,EXACT_PHRASE,131,2,4,COMPLETED_NONZERO,2026-08-26,https://archive.org/advancedsearch.php,Metadata text-item count; not a full-text lexical frequency. Secondary metric: NOT_RUN_OPENALEX_DAILY_BUDGET_EXHAUSTED: shared provider response retained; no count fabricated.,OPENALEX_WORK_COUNT,NOT_APPLICABLE
FT-SEED-R1B-P-2022-04,2022,4,somewhat worried,INTERNET_ARCHIVE_METADATA_TEXT_ITEM_COUNT,INTERNET_ARCHIVE_ADVANCEDSEARCH_NUMFOUND,"""somewhat worried"" AND mediatype:texts",PHRASE_METADATA_SEARCH,EXACT_PHRASE,15,0,2,COMPLETED_NONZERO,2026-08-26,https://archive.org/advancedsearch.php,Metadata text-item count; not a full-text lexical frequency. Secondary metric: NOT_RUN_OPENALEX_DAILY_BUDGET_EXHAUSTED: shared provider response retained; no count fabricated.,OPENALEX_WORK_COUNT,NOT_APPLICABLE
FT-SEED-R1B-P-2022-05,2022,5,afraid,INTERNET_ARCHIVE_METADATA_TEXT_ITEM_COUNT,INTERNET_ARCHIVE_ADVANCEDSEARCH_NUMFOUND,"""afraid"" AND mediatype:texts",PHRASE_METADATA_SEARCH,EXACT_PHRASE,9411,44,125,COMPLETED_NONZERO,2026-08-26,https://archive.org/advancedsearch.php,Metadata text-item count; not a full-text lexical frequency. Secondary metric: Scholarly work discoverability count over OpenAlex search fields; not a corpus word frequency.,OPENALEX_WORK_COUNT,559397
FT-SEED-R1B-P-2022-06,2022,6,anxious,INTERNET_ARCHIVE_METADATA_TEXT_ITEM_COUNT,INTERNET_ARCHIVE_ADVANCEDSEARCH_NUMFOUND,"""anxious"" AND mediatype:texts",PHRASE_METADATA_SEARCH,EXACT_PHRASE,9274,43,124,COMPLETED_NONZERO,2026-08-26,https://archive.org/advancedsearch.php,Metadata text-item count; not a full-text lexical frequency. Secondary metric: Scholarly work discoverability count over OpenAlex search fields; not a corpus word frequency.,OPENALEX_WORK_COUNT,557474
FT-SEED-R1B-P-2022-07,2022,7,hopeless,INTERNET_ARCHIVE_METADATA_TEXT_ITEM_COUNT,INTERNET_ARCHIVE_ADVANCEDSEARCH_NUMFOUND,"""hopeless"" AND mediatype:texts",PHRASE_METADATA_SEARCH,EXACT_PHRASE,2257,15,36,COMPLETED_NONZERO,2026-08-26,https://archive.org/advancedsearch.php,Metadata text-item count; not a full-text lexical frequency. Secondary metric: NOT_RUN_OPENALEX_DAILY_BUDGET_EXHAUSTED: shared provider response retained; no count fabricated.,OPENALEX_WORK_COUNT,NOT_APPLICABLE
FT-SEED-R1B-P-2022-08,2022,8,sad,INTERNET_ARCHIVE_METADATA_TEXT_ITEM_COUNT,INTERNET_ARCHIVE_ADVANCEDSEARCH_NUMFOUND,"""sad"" AND mediatype:texts",PHRASE_METADATA_SEARCH,EXACT_PHRASE,21781,87,272,COMPLETED_NONZERO,2026-08-26,https://archive.org/advancedsearch.php,Metadata text-item count; not a full-text lexical frequency. Secondary metric: NOT_RUN_OPENALEX_DAILY_BUDGET_EXHAUSTED: shared provider response retained; no count fabricated.,OPENALEX_WORK_COUNT,NOT_APPLICABLE
FT-SEED-R1B-P-2022-09,2022,9,angry,INTERNET_ARCHIVE_METADATA_TEXT_ITEM_COUNT,INTERNET_ARCHIVE_ADVANCEDSEARCH_NUMFOUND,"""angry"" AND mediatype:texts",PHRASE_METADATA_SEARCH,EXACT_PHRASE,8245,34,113,COMPLETED_NONZERO,2026-08-26,https://archive.org/advancedsearch.php,Metadata text-item count; not a full-text lexical frequency. Secondary metric: Scholarly work discoverability count over OpenAlex search fields; not a corpus word frequency.,OPENALEX_WORK_COUNT,382339
FT-SEED-R1B-P-2022-10,2022,10,frustrated,INTERNET_ARCHIVE_METADATA_TEXT_ITEM_COUNT,INTERNET_ARCHIVE_ADVANCEDSEARCH_NUMFOUND,"""frustrated"" AND mediatype:texts",PHRASE_METADATA_SEARCH,EXACT_PHRASE,6866,18,42,COMPLETED_NONZERO,2026-08-26,https://archive.org/advancedsearch.php,Metadata text-item count; not a full-text lexical frequency. Secondary metric: NOT_RUN_OPENALEX_DAILY_BUDGET_EXHAUSTED: shared provider response retained; no count fabricated.,OPENALEX_WORK_COUNT,NOT_APPLICABLE
FT-SEED-R1B-P-2022-11,2022,11,hopeful,INTERNET_ARCHIVE_METADATA_TEXT_ITEM_COUNT,INTERNET_ARCHIVE_ADVANCEDSEARCH_NUMFOUND,"""hopeful"" AND mediatype:texts",PHRASE_METADATA_SEARCH,EXACT_PHRASE,4932,17,66,COMPLETED_NONZERO,2026-08-26,https://archive.org/advancedsearch.php,Metadata text-item count; not a full-text lexical frequency. Secondary metric: NOT_RUN_OPENALEX_DAILY_BUDGET_EXHAUSTED: shared provider response retained; no count fabricated.,OPENALEX_WORK_COUNT,NOT_APPLICABLE
FT-SEED-R1B-P-2022-12,2022,12,disgusted,INTERNET_ARCHIVE_METADATA_TEXT_ITEM_COUNT,INTERNET_ARCHIVE_ADVANCEDSEARCH_NUMFOUND,"""disgusted"" AND mediatype:texts",PHRASE_METADATA_SEARCH,EXACT_PHRASE,556,1,9,COMPLETED_NONZERO,2026-08-26,https://archive.org/advancedsearch.php,Metadata text-item count; not a full-text lexical frequency. Secondary metric: NOT_RUN_OPENALEX_DAILY_BUDGET_EXHAUSTED: shared provider response retained; no count fabricated.,OPENALEX_WORK_COUNT,NOT_APPLICABLE
FT-SEED-R1B-P-2022-13,2022,13,outraged,INTERNET_ARCHIVE_METADATA_TEXT_ITEM_COUNT,INTERNET_ARCHIVE_ADVANCEDSEARCH_NUMFOUND,"""outraged"" AND mediatype:texts",PHRASE_METADATA_SEARCH,EXACT_PHRASE,1006,1,7,COMPLETED_NONZERO,2026-08-26,https://archive.org/advancedsearch.php,Metadata text-item count; not a full-text lexical frequency. Secondary metric: NOT_RUN_OPENALEX_DAILY_BUDGET_EXHAUSTED: shared provider response retained; no count fabricated.,OPENALEX_WORK_COUNT,NOT_APPLICABLE
FT-SEED-R1B-P-2022-14,2022,14,depressed,INTERNET_ARCHIVE_METADATA_TEXT_ITEM_COUNT,INTERNET_ARCHIVE_ADVANCEDSEARCH_NUMFOUND,"""depressed"" AND mediatype:texts",PHRASE_METADATA_SEARCH,EXACT_PHRASE,6441,34,85,COMPLETED_NONZERO,2026-08-26,https://archive.org/advancedsearch.php,Metadata text-item count; not a full-text lexical frequency. Secondary metric: NOT_RUN_OPENALEX_DAILY_BUDGET_EXHAUSTED: shared provider response retained; no count fabricated.,OPENALEX_WORK_COUNT,NOT_APPLICABLE
FT-SEED-R1B-P-2022-15,2022,15,symptoms of anxiety,INTERNET_ARCHIVE_METADATA_TEXT_ITEM_COUNT,INTERNET_ARCHIVE_ADVANCEDSEARCH_NUMFOUND,"""symptoms of anxiety"" AND mediatype:texts",PHRASE_METADATA_SEARCH,EXACT_PHRASE,96,3,5,COMPLETED_NONZERO,2026-08-26,https://archive.org/advancedsearch.php,Metadata text-item count; not a full-text lexical frequency. Secondary metric: NOT_RUN_OPENALEX_DAILY_BUDGET_EXHAUSTED: shared provider response retained; no count fabricated.,OPENALEX_WORK_COUNT,NOT_APPLICABLE
FT-SEED-R1B-P-2022-16,2022,16,climate anxiety,INTERNET_ARCHIVE_METADATA_TEXT_ITEM_COUNT,INTERNET_ARCHIVE_ADVANCEDSEARCH_NUMFOUND,"""climate anxiety"" AND mediatype:texts",PHRASE_METADATA_SEARCH,EXACT_PHRASE,17,2,4,COMPLETED_NONZERO,2026-08-26,https://archive.org/advancedsearch.php,Metadata text-item count; not a full-text lexical frequency. Secondary metric: Scholarly work discoverability count over OpenAlex search fields; not a corpus word frequency.,OPENALEX_WORK_COUNT,5945
FT-SEED-R1B-P-2022-17,2022,17,eco-anxiety,INTERNET_ARCHIVE_METADATA_TEXT_ITEM_COUNT,INTERNET_ARCHIVE_ADVANCEDSEARCH_NUMFOUND,"""eco-anxiety"" AND mediatype:texts",PHRASE_METADATA_SEARCH,EXACT_PHRASE,23,1,3,COMPLETED_NONZERO,2026-08-26,https://archive.org/advancedsearch.php,Metadata text-item count; not a full-text lexical frequency. Secondary metric: NOT_RUN_OPENALEX_DAILY_BUDGET_EXHAUSTED: shared provider response retained; no count fabricated.,OPENALEX_WORK_COUNT,NOT_APPLICABLE
FT-SEED-R1B-P-2022-18,2022,18,psychological distress,INTERNET_ARCHIVE_METADATA_TEXT_ITEM_COUNT,INTERNET_ARCHIVE_ADVANCEDSEARCH_NUMFOUND,"""psychological distress"" AND mediatype:texts",PHRASE_METADATA_SEARCH,EXACT_PHRASE,694,15,44,COMPLETED_NONZERO,2026-08-26,https://archive.org/advancedsearch.php,Metadata text-item count; not a full-text lexical frequency. Secondary metric: NOT_RUN_OPENALEX_DAILY_BUDGET_EXHAUSTED: shared provider response retained; no count fabricated.,OPENALEX_WORK_COUNT,NOT_APPLICABLE
FT-SEED-R1B-P-2022-19,2022,19,distress,INTERNET_ARCHIVE_METADATA_TEXT_ITEM_COUNT,INTERNET_ARCHIVE_ADVANCEDSEARCH_NUMFOUND,"""distress"" AND mediatype:texts",PHRASE_METADATA_SEARCH,EXACT_PHRASE,10884,76,244,COMPLETED_NONZERO,2026-08-26,https://archive.org/advancedsearch.php,Metadata text-item count; not a full-text lexical frequency. Secondary metric: NOT_RUN_OPENALEX_DAILY_BUDGET_EXHAUSTED: shared provider response retained; no count fabricated.,OPENALEX_WORK_COUNT,NOT_APPLICABLE
FT-SEED-R1B-P-2022-20,2022,20,powerlessness,INTERNET_ARCHIVE_METADATA_TEXT_ITEM_COUNT,INTERNET_ARCHIVE_ADVANCEDSEARCH_NUMFOUND,"""powerlessness"" AND mediatype:texts",PHRASE_METADATA_SEARCH,EXACT_PHRASE,575,3,12,COMPLETED_NONZERO,2026-08-26,https://archive.org/advancedsearch.php,Metadata text-item count; not a full-text lexical frequency. Secondary metric: NOT_RUN_OPENALEX_DAILY_BUDGET_EXHAUSTED: shared provider response retained; no count fabricated.,OPENALEX_WORK_COUNT,NOT_APPLICABLE
FT-SEED-R1B-P-2022-21,2022,21,guilt,INTERNET_ARCHIVE_METADATA_TEXT_ITEM_COUNT,INTERNET_ARCHIVE_ADVANCEDSEARCH_NUMFOUND,"""guilt"" AND mediatype:texts",PHRASE_METADATA_SEARCH,EXACT_PHRASE,8299,24,86,COMPLETED_NONZERO,2026-08-26,https://archive.org/advancedsearch.php,Metadata text-item count; not a full-text lexical frequency. Secondary metric: NOT_RUN_OPENALEX_DAILY_BUDGET_EXHAUSTED: shared provider response retained; no count fabricated.,OPENALEX_WORK_COUNT,NOT_APPLICABLE
FT-SEED-R1B-P-2022-22,2022,22,heatwaves,INTERNET_ARCHIVE_METADATA_TEXT_ITEM_COUNT,INTERNET_ARCHIVE_ADVANCEDSEARCH_NUMFOUND,"""heatwaves"" AND mediatype:texts",PHRASE_METADATA_SEARCH,EXACT_PHRASE,115,15,26,COMPLETED_NONZERO,2026-08-26,https://archive.org/advancedsearch.php,Metadata text-item count; not a full-text lexical frequency. Secondary metric: NOT_RUN_OPENALEX_DAILY_BUDGET_EXHAUSTED: shared provider response retained; no count fabricated.,OPENALEX_WORK_COUNT,NOT_APPLICABLE
FT-SEED-R1B-P-2022-23,2022,23,heat-related mortality,INTERNET_ARCHIVE_METADATA_TEXT_ITEM_COUNT,INTERNET_ARCHIVE_ADVANCEDSEARCH_NUMFOUND,"""heat-related mortality"" AND mediatype:texts",PHRASE_METADATA_SEARCH,EXACT_PHRASE,25,1,1,COMPLETED_NONZERO,2026-08-26,https://archive.org/advancedsearch.php,Metadata text-item count; not a full-text lexical frequency. Secondary metric: NOT_RUN_OPENALEX_DAILY_BUDGET_EXHAUSTED: shared provider response retained; no count fabricated.,OPENALEX_WORK_COUNT,NOT_APPLICABLE
FT-SEED-R1B-P-2022-24,2022,24,mental health challenges,INTERNET_ARCHIVE_METADATA_TEXT_ITEM_COUNT,INTERNET_ARCHIVE_ADVANCEDSEARCH_NUMFOUND,"""mental health challenges"" AND mediatype:texts",PHRASE_METADATA_SEARCH,EXACT_PHRASE,134,4,23,COMPLETED_NONZERO,2026-08-26,https://archive.org/advancedsearch.php,Metadata text-item count; not a full-text lexical frequency. Secondary metric: NOT_RUN_OPENALEX_DAILY_BUDGET_EXHAUSTED: shared provider response retained; no count fabricated.,OPENALEX_WORK_COUNT,NOT_APPLICABLE
FT-SEED-R1B-P-2022-25,2022,25,anxiety and stress,INTERNET_ARCHIVE_METADATA_TEXT_ITEM_COUNT,INTERNET_ARCHIVE_ADVANCEDSEARCH_NUMFOUND,"""anxiety and stress"" AND mediatype:texts",PHRASE_METADATA_SEARCH,EXACT_PHRASE,256,9,34,COMPLETED_NONZERO,2026-08-26,https://archive.org/advancedsearch.php,Metadata text-item count; not a full-text lexical frequency. Secondary metric: Scholarly work discoverability count over OpenAlex search fields; not a corpus word frequency.,OPENALEX_WORK_COUNT,122176
FT-SEED-R1B-P-2022-26,2022,26,ill health,INTERNET_ARCHIVE_METADATA_TEXT_ITEM_COUNT,INTERNET_ARCHIVE_ADVANCEDSEARCH_NUMFOUND,"""ill health"" AND mediatype:texts",PHRASE_METADATA_SEARCH,EXACT_PHRASE,1084,2,12,COMPLETED_NONZERO,2026-08-26,https://archive.org/advancedsearch.php,Metadata text-item count; not a full-text lexical frequency. Secondary metric: NOT_RUN_OPENALEX_DAILY_BUDGET_EXHAUSTED: shared provider response retained; no count fabricated.,OPENALEX_WORK_COUNT,NOT_APPLICABLE
FT-SEED-R1B-P-2022-27,2022,27,premature deaths,INTERNET_ARCHIVE_METADATA_TEXT_ITEM_COUNT,INTERNET_ARCHIVE_ADVANCEDSEARCH_NUMFOUND,"""premature deaths"" AND mediatype:texts",PHRASE_METADATA_SEARCH,EXACT_PHRASE,61,5,7,COMPLETED_NONZERO,2026-08-26,https://archive.org/advancedsearch.php,Metadata text-item count; not a full-text lexical frequency. Secondary metric: NOT_RUN_OPENALEX_DAILY_BUDGET_EXHAUSTED: shared provider response retained; no count fabricated.,OPENALEX_WORK_COUNT,NOT_APPLICABLE
FT-SEED-R1B-P-2022-28,2022,28,very serious threat,INTERNET_ARCHIVE_METADATA_TEXT_ITEM_COUNT,INTERNET_ARCHIVE_ADVANCEDSEARCH_NUMFOUND,"""very serious threat"" AND mediatype:texts",PHRASE_METADATA_SEARCH,EXACT_PHRASE,19,1,1,COMPLETED_NONZERO,2026-08-26,https://archive.org/advancedsearch.php,Metadata text-item count; not a full-text lexical frequency. Secondary metric: NOT_RUN_OPENALEX_DAILY_BUDGET_EXHAUSTED: shared provider response retained; no count fabricated.,OPENALEX_WORK_COUNT,NOT_APPLICABLE
FT-SEED-R1B-P-2022-29,2022,29,harm future generations,INTERNET_ARCHIVE_METADATA_TEXT_ITEM_COUNT,INTERNET_ARCHIVE_ADVANCEDSEARCH_NUMFOUND,"""harm future generations"" AND mediatype:texts",PHRASE_METADATA_SEARCH,EXACT_PHRASE,0,0,0,COMPLETED_ZERO,2026-08-26,https://archive.org/advancedsearch.php,Metadata text-item count; not a full-text lexical frequency. Secondary metric: NOT_RUN_OPENALEX_DAILY_BUDGET_EXHAUSTED: shared provider response retained; no count fabricated.,OPENALEX_WORK_COUNT,NOT_APPLICABLE
FT-SEED-R1B-P-2022-30,2022,30,climate crisis,INTERNET_ARCHIVE_METADATA_TEXT_ITEM_COUNT,INTERNET_ARCHIVE_ADVANCEDSEARCH_NUMFOUND,"""climate crisis"" AND mediatype:texts",PHRASE_METADATA_SEARCH,EXACT_PHRASE,439,40,114,COMPLETED_NONZERO,2026-08-26,https://archive.org/advancedsearch.php,Metadata text-item count; not a full-text lexical frequency. Secondary metric: Scholarly work discoverability count over OpenAlex search fields; not a corpus word frequency.,OPENALEX_WORK_COUNT,78120
