candidate_id,anchor,voice,expression_mode,source,dictionary,ngram,search,provenance
FT-SEED-R1B-P-1842-01,1842,COMPLETE,COMPLETE,COMPLETE,COMPLETE,COMPLETE,COMPLETE,COMPLETE
FT-SEED-R1B-P-1842-02,1842,COMPLETE,COMPLETE,COMPLETE,COMPLETE,COMPLETE,COMPLETE,COMPLETE
FT-SEED-R1B-P-1842-03,1842,COMPLETE,COMPLETE,COMPLETE,COMPLETE,COMPLETE,ZERO_RESULT,COMPLETE
FT-SEED-R1B-P-1842-04,1842,COMPLETE,COMPLETE,COMPLETE,COMPLETE,COMPLETE,COMPLETE,COMPLETE
FT-SEED-R1B-P-1842-05,1842,COMPLETE,COMPLETE,COMPLETE,COMPLETE,COMPLETE,COMPLETE,COMPLETE
FT-SEED-R1B-P-1842-06,1842,COMPLETE,COMPLETE,COMPLETE,COMPLETE,ZERO_RESULT,ZERO_RESULT,COMPLETE
FT-SEED-R1B-P-1842-07,1842,COMPLETE,COMPLETE,COMPLETE,COMPLETE,COMPLETE,COMPLETE,COMPLETE
FT-SEED-R1B-P-1842-08,1842,COMPLETE,COMPLETE,COMPLETE,COMPLETE,COMPLETE,COMPLETE,COMPLETE
FT-SEED-R1B-P-1842-09,1842,COMPLETE,COMPLETE,COMPLETE,COMPLETE,COMPLETE,ZERO_RESULT,COMPLETE
FT-SEED-R1B-P-1842-10,1842,COMPLETE,COMPLETE,COMPLETE,COMPLETE,COMPLETE,COMPLETE,COMPLETE
FT-SEED-R1B-P-1842-11,1842,COMPLETE,COMPLETE,COMPLETE,COMPLETE,COMPLETE,COMPLETE,COMPLETE
FT-SEED-R1B-P-1842-12,1842,COMPLETE,COMPLETE,COMPLETE,COMPLETE,COMPLETE,COMPLETE,COMPLETE
FT-SEED-R1B-P-1842-13,1842,COMPLETE,COMPLETE,COMPLETE,COMPLETE,COMPLETE,COMPLETE,COMPLETE
FT-SEED-R1B-P-1842-14,1842,COMPLETE,COMPLETE,COMPLETE,COMPLETE,COMPLETE,COMPLETE,COMPLETE
FT-SEED-R1B-P-1842-15,1842,COMPLETE,COMPLETE,COMPLETE,COMPLETE,COMPLETE,COMPLETE,COMPLETE
FT-SEED-R1B-P-1842-16,1842,COMPLETE,COMPLETE,COMPLETE,COMPLETE,ZERO_RESULT,COMPLETE,COMPLETE
FT-SEED-R1B-P-1842-17,1842,COMPLETE,COMPLETE,COMPLETE,COMPLETE,COMPLETE,COMPLETE,COMPLETE
FT-SEED-R1B-P-1842-18,1842,COMPLETE,COMPLETE,COMPLETE,COMPLETE,COMPLETE,COMPLETE,COMPLETE
FT-SEED-R1B-P-1842-19,1842,COMPLETE,COMPLETE,COMPLETE,COMPLETE,COMPLETE,COMPLETE,COMPLETE
FT-SEED-R1B-P-1842-20,1842,COMPLETE,COMPLETE,COMPLETE,COMPLETE,COMPLETE,ZERO_RESULT,COMPLETE
FT-SEED-R1B-P-1842-21,1842,COMPLETE,COMPLETE,COMPLETE,COMPLETE,COMPLETE,ZERO_RESULT,COMPLETE
FT-SEED-R1B-P-1842-22,1842,COMPLETE,COMPLETE,COMPLETE,COMPLETE,COMPLETE,ZERO_RESULT,COMPLETE
FT-SEED-R1B-P-1842-23,1842,COMPLETE,COMPLETE,COMPLETE,COMPLETE,COMPLETE,COMPLETE,COMPLETE
FT-SEED-R1B-P-1842-24,1842,COMPLETE,COMPLETE,COMPLETE,COMPLETE,COMPLETE,COMPLETE,COMPLETE
FT-SEED-R1B-P-1842-25,1842,COMPLETE,COMPLETE,COMPLETE,COMPLETE,COMPLETE,COMPLETE,COMPLETE
FT-SEED-R1B-P-1842-26,1842,COMPLETE,COMPLETE,COMPLETE,COMPLETE,COMPLETE,ZERO_RESULT,COMPLETE
FT-SEED-R1B-P-1842-27,1842,COMPLETE,COMPLETE,COMPLETE,COMPLETE,ZERO_RESULT,ZERO_RESULT,COMPLETE
FT-SEED-R1B-P-1842-28,1842,COMPLETE,COMPLETE,COMPLETE,COMPLETE,ZERO_RESULT,ZERO_RESULT,COMPLETE
FT-SEED-R1B-P-1842-29,1842,COMPLETE,COMPLETE,COMPLETE,COMPLETE,COMPLETE,COMPLETE,COMPLETE
FT-SEED-R1B-P-1842-30,1842,COMPLETE,COMPLETE,COMPLETE,COMPLETE,COMPLETE,COMPLETE,COMPLETE
FT-SEED-R1B-P-1938-01,1938,COMPLETE,COMPLETE,COMPLETE,COMPLETE,COMPLETE,ZERO_RESULT,COMPLETE
FT-SEED-R1B-P-1938-02,1938,COMPLETE,COMPLETE,COMPLETE,COMPLETE,COMPLETE,COMPLETE,COMPLETE
FT-SEED-R1B-P-1938-03,1938,COMPLETE,COMPLETE,COMPLETE,COMPLETE,COMPLETE,COMPLETE,COMPLETE
FT-SEED-R1B-P-1938-04,1938,COMPLETE,COMPLETE,COMPLETE,COMPLETE,COMPLETE,COMPLETE,COMPLETE
FT-SEED-R1B-P-1938-05,1938,COMPLETE,COMPLETE,COMPLETE,COMPLETE,COMPLETE,COMPLETE,COMPLETE
FT-SEED-R1B-P-1938-06,1938,COMPLETE,COMPLETE,COMPLETE,COMPLETE,COMPLETE,COMPLETE,COMPLETE
FT-SEED-R1B-P-1938-07,1938,COMPLETE,COMPLETE,COMPLETE,COMPLETE,COMPLETE,COMPLETE,COMPLETE
FT-SEED-R1B-P-1938-08,1938,COMPLETE,COMPLETE,COMPLETE,COMPLETE,COMPLETE,COMPLETE,COMPLETE
FT-SEED-R1B-P-1938-09,1938,COMPLETE,COMPLETE,COMPLETE,COMPLETE,COMPLETE,COMPLETE,COMPLETE
FT-SEED-R1B-P-1938-10,1938,COMPLETE,COMPLETE,COMPLETE,COMPLETE,COMPLETE,COMPLETE,COMPLETE
FT-SEED-R1B-P-1938-11,1938,COMPLETE,COMPLETE,COMPLETE,COMPLETE,COMPLETE,COMPLETE,COMPLETE
FT-SEED-R1B-P-1938-12,1938,COMPLETE,COMPLETE,COMPLETE,COMPLETE,COMPLETE,COMPLETE,COMPLETE
FT-SEED-R1B-P-1938-13,1938,COMPLETE,COMPLETE,COMPLETE,COMPLETE,COMPLETE,COMPLETE,COMPLETE
FT-SEED-R1B-P-1938-14,1938,COMPLETE,COMPLETE,COMPLETE,COMPLETE,COMPLETE,COMPLETE,COMPLETE
FT-SEED-R1B-P-1938-15,1938,COMPLETE,COMPLETE,COMPLETE,COMPLETE,COMPLETE,COMPLETE,COMPLETE
FT-SEED-R1B-P-1938-16,1938,COMPLETE,COMPLETE,COMPLETE,COMPLETE,ZERO_RESULT,ZERO_RESULT,COMPLETE
FT-SEED-R1B-P-1938-17,1938,COMPLETE,COMPLETE,COMPLETE,COMPLETE,COMPLETE,ZERO_RESULT,COMPLETE
FT-SEED-R1B-P-1938-18,1938,COMPLETE,COMPLETE,COMPLETE,COMPLETE,COMPLETE,ZERO_RESULT,COMPLETE
FT-SEED-R1B-P-1938-19,1938,COMPLETE,COMPLETE,COMPLETE,COMPLETE,ZERO_RESULT,ZERO_RESULT,COMPLETE
FT-SEED-R1B-P-1938-20,1938,COMPLETE,COMPLETE,COMPLETE,COMPLETE,ZERO_RESULT,ZERO_RESULT,COMPLETE
FT-SEED-R1B-P-1938-21,1938,COMPLETE,COMPLETE,COMPLETE,COMPLETE,COMPLETE,COMPLETE,COMPLETE
FT-SEED-R1B-P-1938-22,1938,COMPLETE,COMPLETE,COMPLETE,COMPLETE,COMPLETE,ZERO_RESULT,COMPLETE
FT-SEED-R1B-P-1938-23,1938,COMPLETE,COMPLETE,COMPLETE,COMPLETE,ZERO_RESULT,ZERO_RESULT,COMPLETE
FT-SEED-R1B-P-1938-24,1938,COMPLETE,COMPLETE,COMPLETE,COMPLETE,COMPLETE,COMPLETE,COMPLETE
FT-SEED-R1B-P-1938-25,1938,COMPLETE,COMPLETE,COMPLETE,COMPLETE,ZERO_RESULT,ZERO_RESULT,COMPLETE
FT-SEED-R1B-P-1938-26,1938,COMPLETE,COMPLETE,COMPLETE,COMPLETE,ZERO_RESULT,ZERO_RESULT,COMPLETE
FT-SEED-R1B-P-1938-27,1938,COMPLETE,COMPLETE,COMPLETE,COMPLETE,COMPLETE,COMPLETE,COMPLETE
FT-SEED-R1B-P-1938-28,1938,COMPLETE,COMPLETE,COMPLETE,COMPLETE,COMPLETE,COMPLETE,COMPLETE
FT-SEED-R1B-P-1938-29,1938,COMPLETE,COMPLETE,COMPLETE,COMPLETE,COMPLETE,COMPLETE,COMPLETE
FT-SEED-R1B-P-1938-30,1938,COMPLETE,COMPLETE,COMPLETE,COMPLETE,COMPLETE,COMPLETE,COMPLETE
FT-SEED-R1B-P-1988-01,1988,COMPLETE,COMPLETE,COMPLETE,COMPLETE,COMPLETE,COMPLETE,COMPLETE
FT-SEED-R1B-P-1988-02,1988,COMPLETE,COMPLETE,COMPLETE,COMPLETE,COMPLETE,COMPLETE,COMPLETE
FT-SEED-R1B-P-1988-03,1988,COMPLETE,COMPLETE,COMPLETE,COMPLETE,COMPLETE,ZERO_RESULT,COMPLETE
FT-SEED-R1B-P-1988-04,1988,COMPLETE,COMPLETE,COMPLETE,COMPLETE,COMPLETE,COMPLETE,COMPLETE
FT-SEED-R1B-P-1988-05,1988,COMPLETE,COMPLETE,COMPLETE,COMPLETE,COMPLETE,COMPLETE,COMPLETE
FT-SEED-R1B-P-1988-06,1988,COMPLETE,COMPLETE,COMPLETE,COMPLETE,COMPLETE,COMPLETE,COMPLETE
FT-SEED-R1B-P-1988-07,1988,COMPLETE,COMPLETE,COMPLETE,COMPLETE,COMPLETE,ZERO_RESULT,COMPLETE
FT-SEED-R1B-P-1988-08,1988,COMPLETE,COMPLETE,COMPLETE,COMPLETE,COMPLETE,COMPLETE,COMPLETE
FT-SEED-R1B-P-1988-09,1988,COMPLETE,COMPLETE,COMPLETE,COMPLETE,COMPLETE,COMPLETE,COMPLETE
FT-SEED-R1B-P-1988-10,1988,COMPLETE,COMPLETE,COMPLETE,COMPLETE,NOT_APPLICABLE,ZERO_RESULT,COMPLETE
FT-SEED-R1B-P-1988-11,1988,COMPLETE,COMPLETE,COMPLETE,COMPLETE,COMPLETE,COMPLETE,COMPLETE
FT-SEED-R1B-P-1988-12,1988,COMPLETE,COMPLETE,COMPLETE,COMPLETE,COMPLETE,COMPLETE,COMPLETE
FT-SEED-R1B-P-1988-13,1988,COMPLETE,COMPLETE,COMPLETE,COMPLETE,COMPLETE,COMPLETE,COMPLETE
FT-SEED-R1B-P-1988-14,1988,COMPLETE,COMPLETE,COMPLETE,COMPLETE,COMPLETE,COMPLETE,COMPLETE
FT-SEED-R1B-P-1988-15,1988,COMPLETE,COMPLETE,COMPLETE,COMPLETE,COMPLETE,COMPLETE,COMPLETE
FT-SEED-R1B-P-1988-16,1988,COMPLETE,COMPLETE,COMPLETE,COMPLETE,COMPLETE,COMPLETE,COMPLETE
FT-SEED-R1B-P-1988-17,1988,COMPLETE,COMPLETE,COMPLETE,COMPLETE,COMPLETE,COMPLETE,COMPLETE
FT-SEED-R1B-P-1988-18,1988,COMPLETE,COMPLETE,COMPLETE,COMPLETE,ZERO_RESULT,ZERO_RESULT,COMPLETE
FT-SEED-R1B-P-1988-19,1988,COMPLETE,COMPLETE,COMPLETE,COMPLETE,COMPLETE,COMPLETE,COMPLETE
FT-SEED-R1B-P-1988-20,1988,COMPLETE,COMPLETE,COMPLETE,COMPLETE,COMPLETE,COMPLETE,COMPLETE
FT-SEED-R1B-P-1988-21,1988,COMPLETE,COMPLETE,COMPLETE,COMPLETE,COMPLETE,COMPLETE,COMPLETE
FT-SEED-R1B-P-1988-22,1988,COMPLETE,COMPLETE,COMPLETE,COMPLETE,COMPLETE,ZERO_RESULT,COMPLETE
FT-SEED-R1B-P-1988-23,1988,COMPLETE,COMPLETE,COMPLETE,COMPLETE,COMPLETE,COMPLETE,COMPLETE
FT-SEED-R1B-P-1988-24,1988,COMPLETE,COMPLETE,COMPLETE,COMPLETE,COMPLETE,COMPLETE,COMPLETE
FT-SEED-R1B-P-1988-25,1988,COMPLETE,COMPLETE,COMPLETE,COMPLETE,COMPLETE,ZERO_RESULT,COMPLETE
FT-SEED-R1B-P-1988-26,1988,COMPLETE,COMPLETE,COMPLETE,COMPLETE,COMPLETE,COMPLETE,COMPLETE
FT-SEED-R1B-P-1988-27,1988,COMPLETE,COMPLETE,COMPLETE,COMPLETE,COMPLETE,COMPLETE,COMPLETE
FT-SEED-R1B-P-1988-28,1988,COMPLETE,COMPLETE,COMPLETE,COMPLETE,COMPLETE,ZERO_RESULT,COMPLETE
FT-SEED-R1B-P-1988-29,1988,COMPLETE,COMPLETE,COMPLETE,COMPLETE,COMPLETE,ZERO_RESULT,COMPLETE
FT-SEED-R1B-P-1988-30,1988,COMPLETE,COMPLETE,COMPLETE,COMPLETE,ZERO_RESULT,ZERO_RESULT,COMPLETE
FT-SEED-R1B-P-0607-01,2006–2007,COMPLETE,COMPLETE,COMPLETE,COMPLETE,COMPLETE,COMPLETE,COMPLETE
FT-SEED-R1B-P-0607-02,2006–2007,COMPLETE,COMPLETE,COMPLETE,COMPLETE,COMPLETE,COMPLETE,COMPLETE
FT-SEED-R1B-P-0607-03,2006–2007,COMPLETE,COMPLETE,COMPLETE,COMPLETE,COMPLETE,ZERO_RESULT,COMPLETE
FT-SEED-R1B-P-0607-04,2006–2007,COMPLETE,COMPLETE,COMPLETE,COMPLETE,COMPLETE,COMPLETE,COMPLETE
FT-SEED-R1B-P-0607-05,2006–2007,COMPLETE,COMPLETE,COMPLETE,COMPLETE,COMPLETE,COMPLETE,COMPLETE
FT-SEED-R1B-P-0607-06,2006–2007,COMPLETE,COMPLETE,COMPLETE,COMPLETE,COMPLETE,ZERO_RESULT,COMPLETE
FT-SEED-R1B-P-0607-07,2006–2007,COMPLETE,COMPLETE,COMPLETE,COMPLETE,COMPLETE,ZERO_RESULT,COMPLETE
FT-SEED-R1B-P-0607-08,2006–2007,COMPLETE,COMPLETE,COMPLETE,COMPLETE,COMPLETE,COMPLETE,COMPLETE
FT-SEED-R1B-P-0607-09,2006–2007,COMPLETE,COMPLETE,COMPLETE,COMPLETE,COMPLETE,COMPLETE,COMPLETE
FT-SEED-R1B-P-0607-10,2006–2007,COMPLETE,COMPLETE,COMPLETE,COMPLETE,COMPLETE,COMPLETE,COMPLETE
FT-SEED-R1B-P-0607-11,2006–2007,COMPLETE,COMPLETE,COMPLETE,COMPLETE,COMPLETE,COMPLETE,COMPLETE
FT-SEED-R1B-P-0607-12,2006–2007,COMPLETE,COMPLETE,COMPLETE,COMPLETE,COMPLETE,COMPLETE,COMPLETE
FT-SEED-R1B-P-0607-13,2006–2007,COMPLETE,COMPLETE,COMPLETE,COMPLETE,COMPLETE,ZERO_RESULT,COMPLETE
FT-SEED-R1B-P-0607-14,2006–2007,COMPLETE,COMPLETE,COMPLETE,COMPLETE,COMPLETE,ZERO_RESULT,COMPLETE
FT-SEED-R1B-P-0607-15,2006–2007,COMPLETE,COMPLETE,COMPLETE,COMPLETE,COMPLETE,COMPLETE,COMPLETE
FT-SEED-R1B-P-0607-16,2006–2007,COMPLETE,COMPLETE,COMPLETE,COMPLETE,COMPLETE,COMPLETE,COMPLETE
FT-SEED-R1B-P-0607-17,2006–2007,COMPLETE,COMPLETE,COMPLETE,COMPLETE,COMPLETE,COMPLETE,COMPLETE
FT-SEED-R1B-P-0607-18,2006–2007,COMPLETE,COMPLETE,COMPLETE,COMPLETE,COMPLETE,COMPLETE,COMPLETE
FT-SEED-R1B-P-0607-19,2006–2007,COMPLETE,COMPLETE,COMPLETE,COMPLETE,COMPLETE,COMPLETE,COMPLETE
FT-SEED-R1B-P-0607-20,2006–2007,COMPLETE,COMPLETE,COMPLETE,COMPLETE,COMPLETE,COMPLETE,COMPLETE
FT-SEED-R1B-P-0607-21,2006–2007,COMPLETE,COMPLETE,COMPLETE,COMPLETE,ZERO_RESULT,ZERO_RESULT,COMPLETE
FT-SEED-R1B-P-0607-22,2006–2007,COMPLETE,COMPLETE,COMPLETE,COMPLETE,COMPLETE,ZERO_RESULT,COMPLETE
FT-SEED-R1B-P-0607-23,2006–2007,COMPLETE,COMPLETE,COMPLETE,COMPLETE,COMPLETE,COMPLETE,COMPLETE
FT-SEED-R1B-P-0607-24,2006–2007,COMPLETE,COMPLETE,COMPLETE,COMPLETE,COMPLETE,COMPLETE,COMPLETE
FT-SEED-R1B-P-0607-25,2006–2007,COMPLETE,COMPLETE,COMPLETE,COMPLETE,COMPLETE,COMPLETE,COMPLETE
FT-SEED-R1B-P-0607-26,2006–2007,COMPLETE,COMPLETE,COMPLETE,COMPLETE,COMPLETE,COMPLETE,COMPLETE
FT-SEED-R1B-P-0607-27,2006–2007,COMPLETE,COMPLETE,COMPLETE,COMPLETE,COMPLETE,COMPLETE,COMPLETE
FT-SEED-R1B-P-0607-28,2006–2007,COMPLETE,COMPLETE,COMPLETE,COMPLETE,COMPLETE,COMPLETE,COMPLETE
FT-SEED-R1B-P-0607-29,2006–2007,COMPLETE,COMPLETE,COMPLETE,COMPLETE,COMPLETE,COMPLETE,COMPLETE
FT-SEED-R1B-P-0607-30,2006–2007,COMPLETE,COMPLETE,COMPLETE,COMPLETE,ZERO_RESULT,ZERO_RESULT,COMPLETE
FT-SEED-R1B-P-2015-01,2015,COMPLETE,COMPLETE,COMPLETE,COMPLETE,COMPLETE,COMPLETE,COMPLETE
FT-SEED-R1B-P-2015-02,2015,COMPLETE,COMPLETE,COMPLETE,COMPLETE,COMPLETE,COMPLETE,COMPLETE
FT-SEED-R1B-P-2015-03,2015,COMPLETE,COMPLETE,COMPLETE,COMPLETE,COMPLETE,COMPLETE,COMPLETE
FT-SEED-R1B-P-2015-04,2015,COMPLETE,COMPLETE,COMPLETE,COMPLETE,ZERO_RESULT,COMPLETE,COMPLETE
FT-SEED-R1B-P-2015-05,2015,COMPLETE,COMPLETE,COMPLETE,COMPLETE,ZERO_RESULT,COMPLETE,COMPLETE
FT-SEED-R1B-P-2015-06,2015,COMPLETE,COMPLETE,COMPLETE,COMPLETE,COMPLETE,COMPLETE,COMPLETE
FT-SEED-R1B-P-2015-07,2015,COMPLETE,COMPLETE,COMPLETE,COMPLETE,COMPLETE,COMPLETE,COMPLETE
FT-SEED-R1B-P-2015-08,2015,COMPLETE,COMPLETE,COMPLETE,COMPLETE,COMPLETE,COMPLETE,COMPLETE
FT-SEED-R1B-P-2015-09,2015,COMPLETE,COMPLETE,COMPLETE,COMPLETE,COMPLETE,COMPLETE,COMPLETE
FT-SEED-R1B-P-2015-10,2015,COMPLETE,COMPLETE,COMPLETE,COMPLETE,COMPLETE,COMPLETE,COMPLETE
FT-SEED-R1B-P-2015-11,2015,COMPLETE,COMPLETE,COMPLETE,COMPLETE,COMPLETE,COMPLETE,COMPLETE
FT-SEED-R1B-P-2015-12,2015,COMPLETE,COMPLETE,COMPLETE,COMPLETE,COMPLETE,COMPLETE,COMPLETE
FT-SEED-R1B-P-2015-13,2015,COMPLETE,COMPLETE,COMPLETE,COMPLETE,COMPLETE,COMPLETE,COMPLETE
FT-SEED-R1B-P-2015-14,2015,COMPLETE,COMPLETE,COMPLETE,COMPLETE,COMPLETE,COMPLETE,COMPLETE
FT-SEED-R1B-P-2015-15,2015,COMPLETE,COMPLETE,COMPLETE,COMPLETE,COMPLETE,COMPLETE,COMPLETE
FT-SEED-R1B-P-2015-16,2015,COMPLETE,COMPLETE,COMPLETE,COMPLETE,COMPLETE,COMPLETE,COMPLETE
FT-SEED-R1B-P-2015-17,2015,COMPLETE,COMPLETE,COMPLETE,COMPLETE,COMPLETE,COMPLETE,COMPLETE
FT-SEED-R1B-P-2015-18,2015,COMPLETE,COMPLETE,COMPLETE,COMPLETE,COMPLETE,COMPLETE,COMPLETE
FT-SEED-R1B-P-2015-19,2015,COMPLETE,COMPLETE,COMPLETE,COMPLETE,COMPLETE,COMPLETE,COMPLETE
FT-SEED-R1B-P-2015-20,2015,COMPLETE,COMPLETE,COMPLETE,COMPLETE,COMPLETE,COMPLETE,COMPLETE
FT-SEED-R1B-P-2015-21,2015,COMPLETE,COMPLETE,COMPLETE,COMPLETE,COMPLETE,COMPLETE,COMPLETE
FT-SEED-R1B-P-2015-22,2015,COMPLETE,COMPLETE,COMPLETE,COMPLETE,COMPLETE,COMPLETE,COMPLETE
FT-SEED-R1B-P-2015-23,2015,COMPLETE,COMPLETE,COMPLETE,COMPLETE,COMPLETE,COMPLETE,COMPLETE
FT-SEED-R1B-P-2015-24,2015,COMPLETE,COMPLETE,COMPLETE,COMPLETE,COMPLETE,COMPLETE,COMPLETE
FT-SEED-R1B-P-2015-25,2015,COMPLETE,COMPLETE,COMPLETE,COMPLETE,COMPLETE,COMPLETE,COMPLETE
FT-SEED-R1B-P-2015-26,2015,COMPLETE,COMPLETE,COMPLETE,COMPLETE,COMPLETE,COMPLETE,COMPLETE
FT-SEED-R1B-P-2015-27,2015,COMPLETE,COMPLETE,COMPLETE,COMPLETE,COMPLETE,COMPLETE,COMPLETE
FT-SEED-R1B-P-2015-28,2015,COMPLETE,COMPLETE,COMPLETE,COMPLETE,COMPLETE,ZERO_RESULT,COMPLETE
FT-SEED-R1B-P-2015-29,2015,COMPLETE,COMPLETE,COMPLETE,COMPLETE,COMPLETE,COMPLETE,COMPLETE
FT-SEED-R1B-P-2015-30,2015,COMPLETE,COMPLETE,COMPLETE,COMPLETE,ZERO_RESULT,ZERO_RESULT,COMPLETE
FT-SEED-R1B-P-2022-01,2022,COMPLETE,COMPLETE,COMPLETE,COMPLETE,COMPLETE,COMPLETE,COMPLETE
FT-SEED-R1B-P-2022-02,2022,COMPLETE,COMPLETE,COMPLETE,COMPLETE,COMPLETE,COMPLETE,COMPLETE
FT-SEED-R1B-P-2022-03,2022,COMPLETE,COMPLETE,COMPLETE,COMPLETE,COMPLETE,COMPLETE,COMPLETE
FT-SEED-R1B-P-2022-04,2022,COMPLETE,COMPLETE,COMPLETE,COMPLETE,COMPLETE,COMPLETE,COMPLETE
FT-SEED-R1B-P-2022-05,2022,COMPLETE,COMPLETE,COMPLETE,COMPLETE,COMPLETE,COMPLETE,COMPLETE
FT-SEED-R1B-P-2022-06,2022,COMPLETE,COMPLETE,COMPLETE,COMPLETE,COMPLETE,COMPLETE,COMPLETE
FT-SEED-R1B-P-2022-07,2022,COMPLETE,COMPLETE,COMPLETE,COMPLETE,COMPLETE,COMPLETE,COMPLETE
FT-SEED-R1B-P-2022-08,2022,COMPLETE,COMPLETE,COMPLETE,COMPLETE,COMPLETE,COMPLETE,COMPLETE
FT-SEED-R1B-P-2022-09,2022,COMPLETE,COMPLETE,COMPLETE,COMPLETE,COMPLETE,COMPLETE,COMPLETE
FT-SEED-R1B-P-2022-10,2022,COMPLETE,COMPLETE,COMPLETE,COMPLETE,COMPLETE,COMPLETE,COMPLETE
FT-SEED-R1B-P-2022-11,2022,COMPLETE,COMPLETE,COMPLETE,COMPLETE,COMPLETE,COMPLETE,COMPLETE
FT-SEED-R1B-P-2022-12,2022,COMPLETE,COMPLETE,COMPLETE,COMPLETE,COMPLETE,COMPLETE,COMPLETE
FT-SEED-R1B-P-2022-13,2022,COMPLETE,COMPLETE,COMPLETE,COMPLETE,COMPLETE,COMPLETE,COMPLETE
FT-SEED-R1B-P-2022-14,2022,COMPLETE,COMPLETE,COMPLETE,COMPLETE,COMPLETE,COMPLETE,COMPLETE
FT-SEED-R1B-P-2022-15,2022,COMPLETE,COMPLETE,COMPLETE,COMPLETE,COMPLETE,COMPLETE,COMPLETE
FT-SEED-R1B-P-2022-16,2022,COMPLETE,COMPLETE,COMPLETE,COMPLETE,COMPLETE,COMPLETE,COMPLETE
FT-SEED-R1B-P-2022-17,2022,COMPLETE,COMPLETE,COMPLETE,COMPLETE,COMPLETE,COMPLETE,COMPLETE
FT-SEED-R1B-P-2022-18,2022,COMPLETE,COMPLETE,COMPLETE,COMPLETE,COMPLETE,COMPLETE,COMPLETE
FT-SEED-R1B-P-2022-19,2022,COMPLETE,COMPLETE,COMPLETE,COMPLETE,COMPLETE,COMPLETE,COMPLETE
FT-SEED-R1B-P-2022-20,2022,COMPLETE,COMPLETE,COMPLETE,COMPLETE,COMPLETE,COMPLETE,COMPLETE
FT-SEED-R1B-P-2022-21,2022,COMPLETE,COMPLETE,COMPLETE,COMPLETE,COMPLETE,COMPLETE,COMPLETE
FT-SEED-R1B-P-2022-22,2022,COMPLETE,COMPLETE,COMPLETE,COMPLETE,COMPLETE,COMPLETE,COMPLETE
FT-SEED-R1B-P-2022-23,2022,COMPLETE,COMPLETE,COMPLETE,COMPLETE,COMPLETE,COMPLETE,COMPLETE
FT-SEED-R1B-P-2022-24,2022,COMPLETE,COMPLETE,COMPLETE,COMPLETE,COMPLETE,COMPLETE,COMPLETE
FT-SEED-R1B-P-2022-25,2022,COMPLETE,COMPLETE,COMPLETE,COMPLETE,COMPLETE,COMPLETE,COMPLETE
FT-SEED-R1B-P-2022-26,2022,COMPLETE,COMPLETE,COMPLETE,COMPLETE,COMPLETE,COMPLETE,COMPLETE
FT-SEED-R1B-P-2022-27,2022,COMPLETE,COMPLETE,COMPLETE,COMPLETE,COMPLETE,COMPLETE,COMPLETE
FT-SEED-R1B-P-2022-28,2022,COMPLETE,COMPLETE,COMPLETE,COMPLETE,COMPLETE,COMPLETE,COMPLETE
FT-SEED-R1B-P-2022-29,2022,COMPLETE,COMPLETE,COMPLETE,COMPLETE,COMPLETE,ZERO_RESULT,COMPLETE
FT-SEED-R1B-P-2022-30,2022,COMPLETE,COMPLETE,COMPLETE,COMPLETE,COMPLETE,COMPLETE,COMPLETE
