anchor,voice,AB_Object_Passage_Count,Threat_Link_Count,Threat_Link_Rate,Rate_Status,Low_N_Flag,Data_Status,Denominator_Note
1842,V1,0,0,,UNSUPPORTED_DENOMINATOR_ZERO,True,UNSUPPORTED_NO_VALIDATED_AB_PASSAGES,"No validated A/B object passages exist in the current source-of-truth data; 0 records is a dataset state, not evidence of historical absence."
1842,V2,0,0,,UNSUPPORTED_DENOMINATOR_ZERO,True,UNSUPPORTED_NO_VALIDATED_AB_PASSAGES,"No validated A/B object passages exist in the current source-of-truth data; 0 records is a dataset state, not evidence of historical absence."
1842,V3,0,0,,UNSUPPORTED_DENOMINATOR_ZERO,True,UNSUPPORTED_NO_VALIDATED_AB_PASSAGES,"No validated A/B object passages exist in the current source-of-truth data; 0 records is a dataset state, not evidence of historical absence."
1842,V4,0,0,,UNSUPPORTED_DENOMINATOR_ZERO,True,UNSUPPORTED_NO_VALIDATED_AB_PASSAGES,"No validated A/B object passages exist in the current source-of-truth data; 0 records is a dataset state, not evidence of historical absence."
1842,V5,0,0,,UNSUPPORTED_DENOMINATOR_ZERO,True,UNSUPPORTED_NO_VALIDATED_AB_PASSAGES,"No validated A/B object passages exist in the current source-of-truth data; 0 records is a dataset state, not evidence of historical absence."
1938,V1,0,0,,UNSUPPORTED_DENOMINATOR_ZERO,True,UNSUPPORTED_NO_VALIDATED_AB_PASSAGES,"No validated A/B object passages exist in the current source-of-truth data; 0 records is a dataset state, not evidence of historical absence."
1938,V2,0,0,,UNSUPPORTED_DENOMINATOR_ZERO,True,UNSUPPORTED_NO_VALIDATED_AB_PASSAGES,"No validated A/B object passages exist in the current source-of-truth data; 0 records is a dataset state, not evidence of historical absence."
1938,V3,0,0,,UNSUPPORTED_DENOMINATOR_ZERO,True,UNSUPPORTED_NO_VALIDATED_AB_PASSAGES,"No validated A/B object passages exist in the current source-of-truth data; 0 records is a dataset state, not evidence of historical absence."
1938,V4,0,0,,UNSUPPORTED_DENOMINATOR_ZERO,True,UNSUPPORTED_NO_VALIDATED_AB_PASSAGES,"No validated A/B object passages exist in the current source-of-truth data; 0 records is a dataset state, not evidence of historical absence."
1938,V5,0,0,,UNSUPPORTED_DENOMINATOR_ZERO,True,UNSUPPORTED_NO_VALIDATED_AB_PASSAGES,"No validated A/B object passages exist in the current source-of-truth data; 0 records is a dataset state, not evidence of historical absence."
1988,V1,0,0,,UNSUPPORTED_DENOMINATOR_ZERO,True,UNSUPPORTED_NO_VALIDATED_AB_PASSAGES,"No validated A/B object passages exist in the current source-of-truth data; 0 records is a dataset state, not evidence of historical absence."
1988,V2,0,0,,UNSUPPORTED_DENOMINATOR_ZERO,True,UNSUPPORTED_NO_VALIDATED_AB_PASSAGES,"No validated A/B object passages exist in the current source-of-truth data; 0 records is a dataset state, not evidence of historical absence."
1988,V3,0,0,,UNSUPPORTED_DENOMINATOR_ZERO,True,UNSUPPORTED_NO_VALIDATED_AB_PASSAGES,"No validated A/B object passages exist in the current source-of-truth data; 0 records is a dataset state, not evidence of historical absence."
1988,V4,0,0,,UNSUPPORTED_DENOMINATOR_ZERO,True,UNSUPPORTED_NO_VALIDATED_AB_PASSAGES,"No validated A/B object passages exist in the current source-of-truth data; 0 records is a dataset state, not evidence of historical absence."
1988,V5,0,0,,UNSUPPORTED_DENOMINATOR_ZERO,True,UNSUPPORTED_NO_VALIDATED_AB_PASSAGES,"No validated A/B object passages exist in the current source-of-truth data; 0 records is a dataset state, not evidence of historical absence."
2006–2007,V1,0,0,,UNSUPPORTED_DENOMINATOR_ZERO,True,UNSUPPORTED_NO_VALIDATED_AB_PASSAGES,"No validated A/B object passages exist in the current source-of-truth data; 0 records is a dataset state, not evidence of historical absence."
2006–2007,V2,0,0,,UNSUPPORTED_DENOMINATOR_ZERO,True,UNSUPPORTED_NO_VALIDATED_AB_PASSAGES,"No validated A/B object passages exist in the current source-of-truth data; 0 records is a dataset state, not evidence of historical absence."
2006–2007,V3,0,0,,UNSUPPORTED_DENOMINATOR_ZERO,True,UNSUPPORTED_NO_VALIDATED_AB_PASSAGES,"No validated A/B object passages exist in the current source-of-truth data; 0 records is a dataset state, not evidence of historical absence."
2006–2007,V4,0,0,,UNSUPPORTED_DENOMINATOR_ZERO,True,UNSUPPORTED_NO_VALIDATED_AB_PASSAGES,"No validated A/B object passages exist in the current source-of-truth data; 0 records is a dataset state, not evidence of historical absence."
2006–2007,V5,0,0,,UNSUPPORTED_DENOMINATOR_ZERO,True,UNSUPPORTED_NO_VALIDATED_AB_PASSAGES,"No validated A/B object passages exist in the current source-of-truth data; 0 records is a dataset state, not evidence of historical absence."
2015,V1,0,0,,UNSUPPORTED_DENOMINATOR_ZERO,True,UNSUPPORTED_NO_VALIDATED_AB_PASSAGES,"No validated A/B object passages exist in the current source-of-truth data; 0 records is a dataset state, not evidence of historical absence."
2015,V2,0,0,,UNSUPPORTED_DENOMINATOR_ZERO,True,UNSUPPORTED_NO_VALIDATED_AB_PASSAGES,"No validated A/B object passages exist in the current source-of-truth data; 0 records is a dataset state, not evidence of historical absence."
2015,V3,0,0,,UNSUPPORTED_DENOMINATOR_ZERO,True,UNSUPPORTED_NO_VALIDATED_AB_PASSAGES,"No validated A/B object passages exist in the current source-of-truth data; 0 records is a dataset state, not evidence of historical absence."
2015,V4,0,0,,UNSUPPORTED_DENOMINATOR_ZERO,True,UNSUPPORTED_NO_VALIDATED_AB_PASSAGES,"No validated A/B object passages exist in the current source-of-truth data; 0 records is a dataset state, not evidence of historical absence."
2015,V5,0,0,,UNSUPPORTED_DENOMINATOR_ZERO,True,UNSUPPORTED_NO_VALIDATED_AB_PASSAGES,"No validated A/B object passages exist in the current source-of-truth data; 0 records is a dataset state, not evidence of historical absence."
2022,V1,0,0,,UNSUPPORTED_DENOMINATOR_ZERO,True,UNSUPPORTED_NO_VALIDATED_AB_PASSAGES,"No validated A/B object passages exist in the current source-of-truth data; 0 records is a dataset state, not evidence of historical absence."
2022,V2,0,0,,UNSUPPORTED_DENOMINATOR_ZERO,True,UNSUPPORTED_NO_VALIDATED_AB_PASSAGES,"No validated A/B object passages exist in the current source-of-truth data; 0 records is a dataset state, not evidence of historical absence."
2022,V3,0,0,,UNSUPPORTED_DENOMINATOR_ZERO,True,UNSUPPORTED_NO_VALIDATED_AB_PASSAGES,"No validated A/B object passages exist in the current source-of-truth data; 0 records is a dataset state, not evidence of historical absence."
2022,V4,0,0,,UNSUPPORTED_DENOMINATOR_ZERO,True,UNSUPPORTED_NO_VALIDATED_AB_PASSAGES,"No validated A/B object passages exist in the current source-of-truth data; 0 records is a dataset state, not evidence of historical absence."
2022,V5,0,0,,UNSUPPORTED_DENOMINATOR_ZERO,True,UNSUPPORTED_NO_VALIDATED_AB_PASSAGES,"No validated A/B object passages exist in the current source-of-truth data; 0 records is a dataset state, not evidence of historical absence."
