query_id,surface_form,year,raw_normalized_frequency,smoothed_radius_3_frequency,raw_scale,display_scale
FT-Q-V01-109,angry,1842,1.486580042708852e-05,1.556864973562e-05,normalized share,"normalized share × 1,000,000"
FT-Q-V01-109,angry,1843,1.562227724960508e-05,1.569298698882449e-05,normalized share,"normalized share × 1,000,000"
FT-Q-V01-109,angry,1844,1.665516068882766e-05,1.55430997465326e-05,normalized share,"normalized share × 1,000,000"
FT-Q-V01-109,angry,1845,1.513136057695874e-05,1.559333125403636e-05,normalized share,"normalized share × 1,000,000"
FT-Q-V01-109,angry,1846,1.619033600164244e-05,1.563075128479292e-05,normalized share,"normalized share × 1,000,000"
FT-Q-V01-109,angry,1847,1.479366353507316e-05,1.589889210608573e-05,normalized share,"normalized share × 1,000,000"
FT-Q-V01-109,angry,1848,1.589472029905892e-05,1.566356658828332e-05,normalized share,"normalized share × 1,000,000"
FT-Q-V01-109,angry,1849,1.512774064238442e-05,1.572756316673259e-05,normalized share,"normalized share × 1,000,000"
FT-Q-V01-109,angry,1850,1.749926299865479e-05,1.564904589075005e-05,normalized share,"normalized share × 1,000,000"
FT-Q-V01-109,angry,1851,1.500788206421078e-05,1.576150303682157e-05,normalized share,"normalized share × 1,000,000"
FT-Q-V01-109,angry,1852,1.557933662610367e-05,1.557873421046249e-05,normalized share,"normalized share × 1,000,000"
FT-Q-V01-109,angry,1853,1.564071506976461e-05,1.55053734370065e-05,normalized share,"normalized share × 1,000,000"
FT-Q-V01-109,angry,1854,1.558086355757382e-05,1.516393809427744e-05,normalized share,"normalized share × 1,000,000"
FT-Q-V01-109,angry,1855,1.461533851454533e-05,1.49813336400533e-05,normalized share,"normalized share × 1,000,000"
FT-Q-V01-109,angry,1856,1.461421522819251e-05,1.49480533495299e-05,normalized share,"normalized share × 1,000,000"
FT-Q-V01-109,angry,1857,1.510921559955136e-05,1.475372892199646e-05,normalized share,"normalized share × 1,000,000"
FT-Q-V01-109,angry,1858,1.372965088464184e-05,1.451735119825262e-05,normalized share,"normalized share × 1,000,000"
FT-Q-V01-109,angry,1859,1.534637459243982e-05,1.459263031503407e-05,normalized share,"normalized share × 1,000,000"
FT-Q-V01-109,angry,1860,1.428044407703055e-05,1.45413425945508e-05,normalized share,"normalized share × 1,000,000"
FT-Q-V01-109,angry,1861,1.392621949136696e-05,1.457994141164574e-05,normalized share,"normalized share × 1,000,000"
FT-Q-V01-109,angry,1862,1.514229233201547e-05,1.475440033260611e-05,normalized share,"normalized share × 1,000,000"
FT-Q-V01-109,angry,1863,1.425520118480961e-05,1.467355235007517e-05,normalized share,"normalized share × 1,000,000"
FT-Q-V01-109,angry,1864,1.537940731921594e-05,1.471494265890629e-05,normalized share,"normalized share × 1,000,000"
FT-Q-V01-109,angry,1865,1.495086333136442e-05,1.47983965264688e-05,normalized share,"normalized share × 1,000,000"
FT-Q-V01-109,angry,1866,1.478043871472323e-05,1.476368726116561e-05,normalized share,"normalized share × 1,000,000"
FT-Q-V01-109,angry,1867,1.457017623884838e-05,1.473371170566752e-05,normalized share,"normalized share × 1,000,000"
FT-Q-V01-109,angry,1868,1.451039656430453e-05,1.445118805192586e-05,normalized share,"normalized share × 1,000,000"
FT-Q-V01-109,angry,1869,1.48993274748932e-05,1.421875577456433e-05,normalized share,"normalized share × 1,000,000"
FT-Q-V01-109,angry,1870,1.404537229632297e-05,1.414093927934853e-05,normalized share,"normalized share × 1,000,000"
FT-Q-V01-109,angry,1871,1.340174174302433e-05,1.37997420016792e-05,normalized share,"normalized share × 1,000,000"
FT-Q-V01-109,angry,1872,1.332383738983367e-05,1.359486254351846e-05,normalized share,"normalized share × 1,000,000"
FT-Q-V01-109,angry,1873,1.423572324821265e-05,1.324230388087346e-05,normalized share,"normalized share × 1,000,000"
FT-Q-V01-109,angry,1874,1.218179529516306e-05,1.29551516111651e-05,normalized share,"normalized share × 1,000,000"
FT-Q-V01-109,angry,1875,1.307624035717936e-05,1.27399689110622e-05,normalized share,"normalized share × 1,000,000"
FT-Q-V01-109,angry,1876,1.243141683637816e-05,1.246082477773009e-05,normalized share,"normalized share × 1,000,000"
FT-Q-V01-109,angry,1877,1.203530640836448e-05,1.212053479956613e-05,normalized share,"normalized share × 1,000,000"
FT-Q-V01-109,angry,1878,1.189546284230403e-05,1.195904420571635e-05,normalized share,"normalized share × 1,000,000"
FT-Q-V01-109,angry,1879,1.136982845650891e-05,1.159876853686269e-05,normalized share,"normalized share × 1,000,000"
FT-Q-V01-109,angry,1880,1.18536934010649e-05,1.141934447395394e-05,normalized share,"normalized share × 1,000,000"
FT-Q-V01-109,angry,1881,1.105136113821459e-05,1.116104232983568e-05,normalized share,"normalized share × 1,000,000"
FT-Q-V01-109,angry,1882,1.055431067520374e-05,1.091344306633094e-05,normalized share,"normalized share × 1,000,000"
FT-Q-V01-109,angry,1883,1.117544839601692e-05,1.066228691851531e-05,normalized share,"normalized share × 1,000,000"
FT-Q-V01-109,angry,1884,1.022719139953665e-05,1.033019431671635e-05,normalized share,"normalized share × 1,000,000"
FT-Q-V01-109,angry,1885,1.016226799777087e-05,1.005913629776549e-05,normalized share,"normalized share × 1,000,000"
FT-Q-V01-109,angry,1886,9.611735421799494e-06,9.83647679169459e-06,normalized share,"normalized share × 1,000,000"
FT-Q-V01-109,angry,1887,9.529045188472196e-06,9.55673860961578e-06,normalized share,"normalized share × 1,000,000"
FT-Q-V01-109,angry,1888,9.153955005558601e-06,9.25329937042006e-06,normalized share,"normalized share × 1,000,000"
FT-Q-V01-109,angry,1889,8.995694132707399e-06,8.977844527992471e-06,normalized share,"normalized share × 1,000,000"
FT-Q-V01-109,angry,1890,9.217281121465248e-06,8.772626403086292e-06,normalized share,"normalized share × 1,000,000"
FT-Q-V01-109,angry,1891,8.103116725166615e-06,8.634777597953708e-06,normalized share,"normalized share × 1,000,000"
FT-Q-V01-109,angry,1892,8.23408410077775e-06,8.399996511191229e-06,normalized share,"normalized share × 1,000,000"
FT-Q-V01-109,angry,1893,8.175208547456236e-06,8.165888988744183e-06,normalized share,"normalized share × 1,000,000"
FT-Q-V01-109,angry,1894,8.564103552544111e-06,7.840149284581749e-06,normalized share,"normalized share × 1,000,000"
FT-Q-V01-109,angry,1895,7.510487398221244e-06,7.665365464402743e-06,normalized share,"normalized share × 1,000,000"
FT-Q-V01-109,angry,1896,7.356941475578083e-06,7.773389906619497e-06,normalized share,"normalized share × 1,000,000"
FT-Q-V01-109,angry,1897,6.937103192328209e-06,7.793601054168725e-06,normalized share,"normalized share × 1,000,000"
FT-Q-V01-109,angry,1898,6.87962998391356e-06,7.711392348801788e-06,normalized share,"normalized share × 1,000,000"
FT-Q-V01-109,angry,1899,8.990255196295038e-06,7.513648238699489e-06,normalized share,"normalized share × 1,000,000"
FT-Q-V01-109,angry,1900,8.316686580300825e-06,7.363358029977007e-06,normalized share,"normalized share × 1,000,000"
FT-Q-V01-109,angry,1901,7.988642614975561e-06,7.333138556830932e-06,normalized share,"normalized share × 1,000,000"
FT-Q-V01-109,angry,1902,6.126278627505144e-06,7.215584802163935e-06,normalized share,"normalized share × 1,000,000"
FT-Q-V01-109,angry,1903,6.304910014520715e-06,6.759811544933468e-06,normalized share,"normalized share × 1,000,000"
FT-Q-V01-109,angry,1904,6.725566880305678e-06,6.250491026474744e-06,normalized share,"normalized share × 1,000,000"
FT-Q-V01-109,angry,1905,6.056753701244588e-06,5.775671686438143e-06,normalized share,"normalized share × 1,000,000"
FT-Q-V01-109,angry,1906,5.799842395681765e-06,5.587775520510263e-06,normalized share,"normalized share × 1,000,000"
FT-Q-V01-109,angry,1907,4.751442951089757e-06,5.34628142645488e-06,normalized share,"normalized share × 1,000,000"
FT-Q-V01-109,angry,1908,4.664907234719351e-06,5.017799489438955e-06,normalized share,"normalized share × 1,000,000"
FT-Q-V01-109,angry,1909,4.811005466009988e-06,4.803421969893204e-06,normalized share,"normalized share × 1,000,000"
FT-Q-V01-109,angry,1910,4.614451356133031e-06,4.547619892087644e-06,normalized share,"normalized share × 1,000,000"
FT-Q-V01-109,angry,1911,4.426193321194205e-06,4.438856070773259e-06,normalized share,"normalized share × 1,000,000"
FT-Q-V01-109,angry,1912,4.556111064424329e-06,4.296932670376309e-06,normalized share,"normalized share × 1,000,000"
FT-Q-V01-109,angry,1913,4.009227851042851e-06,4.110342539347707e-06,normalized share,"normalized share × 1,000,000"
FT-Q-V01-109,angry,1914,3.99009620188906e-06,3.95914451864091e-06,normalized share,"normalized share × 1,000,000"
FT-Q-V01-109,angry,1915,3.671443431940702e-06,3.803590743066211e-06,normalized share,"normalized share × 1,000,000"
FT-Q-V01-109,angry,1916,3.504874548809767e-06,3.639286366993336e-06,normalized share,"normalized share × 1,000,000"
FT-Q-V01-109,angry,1917,3.556065211185455e-06,3.57333129041848e-06,normalized share,"normalized share × 1,000,000"
FT-Q-V01-109,angry,1918,3.337316892171316e-06,3.48132187598184e-06,normalized share,"normalized share × 1,000,000"
FT-Q-V01-109,angry,1919,3.405980431914202e-06,3.479351943827932e-06,normalized share,"normalized share × 1,000,000"
FT-Q-V01-109,angry,1920,3.547542315018859e-06,3.577477591879382e-06,normalized share,"normalized share × 1,000,000"
FT-Q-V01-109,angry,1921,3.346030300832581e-06,3.717436602736411e-06,normalized share,"normalized share × 1,000,000"
FT-Q-V01-109,angry,1922,3.657653906863345e-06,3.884754198831989e-06,normalized share,"normalized share × 1,000,000"
FT-Q-V01-109,angry,1923,4.191754085169919e-06,3.999836447197781e-06,normalized share,"normalized share × 1,000,000"
FT-Q-V01-109,angry,1924,4.535778287184655e-06,4.141369302601561e-06,normalized share,"normalized share × 1,000,000"
FT-Q-V01-109,angry,1925,4.508540064840361e-06,4.288026905235094e-06,normalized share,"normalized share × 1,000,000"
FT-Q-V01-109,angry,1926,4.211556170474751e-06,4.39171274851142e-06,normalized share,"normalized share × 1,000,000"
FT-Q-V01-109,angry,1927,4.538272302845314e-06,4.408722109034662e-06,normalized share,"normalized share × 1,000,000"
FT-Q-V01-109,angry,1928,4.37263351926731e-06,4.366307032250509e-06,normalized share,"normalized share × 1,000,000"
FT-Q-V01-109,angry,1929,4.383454809797627e-06,4.323636931274117e-06,normalized share,"normalized share × 1,000,000"
FT-Q-V01-109,angry,1930,4.310819608832617e-06,4.342726192747242e-06,normalized share,"normalized share × 1,000,000"
FT-Q-V01-109,angry,1931,4.238872749695588e-06,4.335951923094074e-06,normalized share,"normalized share × 1,000,000"
FT-Q-V01-109,angry,1932,4.209849358005613e-06,4.354202746803537e-06,normalized share,"normalized share × 1,000,000"
FT-Q-V01-109,angry,1933,4.345181000786624e-06,4.291491310125041e-06,normalized share,"normalized share × 1,000,000"
FT-Q-V01-109,angry,1934,4.490852415273139e-06,4.303233339442158e-06,normalized share,"normalized share × 1,000,000"
FT-Q-V01-109,angry,1935,4.500389285233553e-06,4.349100182971759e-06,normalized share,"normalized share × 1,000,000"
FT-Q-V01-109,angry,1936,3.944474753048155e-06,4.319341843940704e-06,normalized share,"normalized share × 1,000,000"
FT-Q-V01-109,angry,1937,4.393013814052438e-06,4.256984136371703e-06,normalized share,"normalized share × 1,000,000"
FT-Q-V01-109,angry,1938,4.559940654402794e-06,4.167561373082305e-06,normalized share,"normalized share × 1,000,000"
FT-Q-V01-109,angry,1939,4.001540984788221e-06,4.105548810505257e-06,normalized share,"normalized share × 1,000,000"
FT-Q-V01-109,angry,1940,3.908677047803621e-06,4.110757497701099e-06,normalized share,"normalized share × 1,000,000"
FT-Q-V01-109,angry,1941,3.864893072247355e-06,4.053269896989572e-06,normalized share,"normalized share × 1,000,000"
FT-Q-V01-109,angry,1942,4.066301347194212e-06,3.993655164537456e-06,normalized share,"normalized share × 1,000,000"
FT-Q-V01-109,angry,1943,3.980935563419052e-06,4.039777173860314e-06,normalized share,"normalized share × 1,000,000"
FT-Q-V01-109,angry,1944,3.990600609071748e-06,4.126181093561903e-06,normalized share,"normalized share × 1,000,000"
FT-Q-V01-109,angry,1945,4.14263752723798e-06,4.170080035440346e-06,normalized share,"normalized share × 1,000,000"
FT-Q-V01-109,angry,1946,4.324395050048224e-06,4.160141600603343e-06,normalized share,"normalized share × 1,000,000"
FT-Q-V01-109,angry,1947,4.513504485714748e-06,4.204867568294698e-06,normalized share,"normalized share × 1,000,000"
FT-Q-V01-109,angry,1948,4.172185665396455e-06,4.236274280700059e-06,normalized share,"normalized share × 1,000,000"
FT-Q-V01-109,angry,1949,3.996732303335193e-06,4.310980417849513e-06,normalized share,"normalized share × 1,000,000"
FT-Q-V01-109,angry,1950,4.294017337258538e-06,4.305324770724285e-06,normalized share,"normalized share × 1,000,000"
FT-Q-V01-109,angry,1951,4.210447595909272e-06,4.282488009924432e-06,normalized share,"normalized share × 1,000,000"
FT-Q-V01-109,angry,1952,4.66558048728416e-06,4.340876396875208e-06,normalized share,"normalized share × 1,000,000"
FT-Q-V01-109,angry,1953,4.284805520171631e-06,4.41725245029342e-06,normalized share,"normalized share × 1,000,000"
FT-Q-V01-109,angry,1954,4.35364716011577e-06,4.487031119992935e-06,normalized share,"normalized share × 1,000,000"
FT-Q-V01-109,angry,1955,4.580904374051897e-06,4.597232798886353e-06,normalized share,"normalized share × 1,000,000"
FT-Q-V01-109,angry,1956,4.531364677262673e-06,4.625859956165966e-06,normalized share,"normalized share × 1,000,000"
FT-Q-V01-109,angry,1957,4.78246802515514e-06,4.714264841863626e-06,normalized share,"normalized share × 1,000,000"
FT-Q-V01-109,angry,1958,4.981859348163198e-06,4.799442987035718e-06,normalized share,"normalized share × 1,000,000"
FT-Q-V01-109,angry,1959,4.865970588241453e-06,4.838912383421855e-06,normalized share,"normalized share × 1,000,000"
FT-Q-V01-109,angry,1960,4.903639720055253e-06,4.905213833085652e-06,normalized share,"normalized share × 1,000,000"
FT-Q-V01-109,angry,1961,4.949894176320413e-06,4.915778126652575e-06,normalized share,"normalized share × 1,000,000"
FT-Q-V01-109,angry,1962,4.857190148754853e-06,4.92965839628466e-06,normalized share,"normalized share × 1,000,000"
FT-Q-V01-109,angry,1963,4.995474824909252e-06,4.97058866955058e-06,normalized share,"normalized share × 1,000,000"
FT-Q-V01-109,angry,1964,4.856418080123603e-06,4.999331103761051e-06,normalized share,"normalized share × 1,000,000"
FT-Q-V01-109,angry,1965,5.079021235587788e-06,5.078951761764269e-06,normalized share,"normalized share × 1,000,000"
FT-Q-V01-109,angry,1966,5.152482501102895e-06,5.222089847783147e-06,normalized share,"normalized share × 1,000,000"
FT-Q-V01-109,angry,1967,5.104836759528553e-06,5.365065708774962e-06,normalized share,"normalized share × 1,000,000"
FT-Q-V01-109,angry,1968,5.507238782342938e-06,5.488424211616153e-06,normalized share,"normalized share × 1,000,000"
FT-Q-V01-109,angry,1969,5.859156750886996e-06,5.552829994672136e-06,normalized share,"normalized share × 1,000,000"
FT-Q-V01-109,angry,1970,5.996305851851957e-06,5.581872652474626e-06,normalized share,"normalized share × 1,000,000"
FT-Q-V01-109,angry,1971,5.719927600011943e-06,5.631642541256302e-06,normalized share,"normalized share × 1,000,000"
FT-Q-V01-109,angry,1972,5.529861716979667e-06,5.60823878613194e-06,normalized share,"normalized share × 1,000,000"
FT-Q-V01-109,angry,1973,5.355781105720325e-06,5.522663958146268e-06,normalized share,"normalized share × 1,000,000"
FT-Q-V01-109,angry,1974,5.453225981000287e-06,5.444498437867651e-06,normalized share,"normalized share × 1,000,000"
FT-Q-V01-109,angry,1975,5.343412496472411e-06,5.418617754112834e-06,normalized share,"normalized share × 1,000,000"
FT-Q-V01-109,angry,1976,5.260132954987284e-06,5.39526519866789e-06,normalized share,"normalized share × 1,000,000"
FT-Q-V01-109,angry,1977,5.449147209901639e-06,5.469597864658583e-06,normalized share,"normalized share × 1,000,000"
FT-Q-V01-109,angry,1978,5.538762813728226e-06,5.548911678841607e-06,normalized share,"normalized share × 1,000,000"
FT-Q-V01-109,angry,1979,5.366393828865057e-06,5.691804110950573e-06,normalized share,"normalized share × 1,000,000"
FT-Q-V01-109,angry,1980,5.87610976765518e-06,5.858510042295555e-06,normalized share,"normalized share × 1,000,000"
FT-Q-V01-109,angry,1981,6.008422680281456e-06,6.02465989122233e-06,normalized share,"normalized share × 1,000,000"
FT-Q-V01-109,angry,1982,6.343659521235168e-06,6.205644540711676e-06,normalized share,"normalized share × 1,000,000"
FT-Q-V01-109,angry,1983,6.427074474402161e-06,6.429371670232545e-06,normalized share,"normalized share × 1,000,000"
FT-Q-V01-109,angry,1984,6.61219615238906e-06,6.627106583120426e-06,normalized share,"normalized share × 1,000,000"
FT-Q-V01-109,angry,1985,6.805655360153651e-06,6.842729528143211e-06,normalized share,"normalized share × 1,000,000"
FT-Q-V01-109,angry,1986,6.932483735511141e-06,7.070148683396837e-06,normalized share,"normalized share × 1,000,000"
FT-Q-V01-109,angry,1987,7.260254157870349e-06,7.285518693476791e-06,normalized share,"normalized share × 1,000,000"
FT-Q-V01-109,angry,1988,7.51778329544095e-06,7.535209727547811e-06,normalized share,"normalized share × 1,000,000"
FT-Q-V01-109,angry,1989,7.935593608010549e-06,7.784475101857424e-06,normalized share,"normalized share × 1,000,000"
FT-Q-V01-109,angry,1990,7.934664544961834e-06,8.041547487331563e-06,normalized share,"normalized share × 1,000,000"
FT-Q-V01-109,angry,1991,8.360033390886201e-06,8.280521331219656e-06,normalized share,"normalized share × 1,000,000"
FT-Q-V01-109,angry,1992,8.550512980320946e-06,8.493465490541244e-06,normalized share,"normalized share × 1,000,000"
FT-Q-V01-109,angry,1993,8.731990433830106e-06,8.690125238583083e-06,normalized share,"normalized share × 1,000,000"
FT-Q-V01-109,angry,1994,8.933071065087006e-06,8.927171071450499e-06,normalized share,"normalized share × 1,000,000"
FT-Q-V01-109,angry,1995,9.008392410692068e-06,9.146042446315863e-06,normalized share,"normalized share × 1,000,000"
FT-Q-V01-109,angry,1996,9.31221184430342e-06,9.46746682168558e-06,normalized share,"normalized share × 1,000,000"
FT-Q-V01-109,angry,1997,9.593985375033753e-06,9.966936515987917e-06,normalized share,"normalized share × 1,000,000"
FT-Q-V01-109,angry,1998,9.892133014943738e-06,1.04503441674199e-05,normalized share,"normalized share × 1,000,000"
FT-Q-V01-109,angry,1999,1.080048360790897e-05,1.098479857018577e-05,normalized share,"normalized share × 1,000,000"
FT-Q-V01-109,angry,2000,1.222827829394646e-05,1.151987022548643e-05,normalized share,"normalized share × 1,000,000"
FT-Q-V01-109,angry,2001,1.231692462511091e-05,1.217822054907661e-05,normalized share,"normalized share × 1,000,000"
FT-Q-V01-109,angry,2002,1.27495732300531e-05,1.29194488889896e-05,normalized share,"normalized share × 1,000,000"
FT-Q-V01-109,angry,2003,1.305771343140805e-05,1.357409699563407e-05,normalized share,"normalized share × 1,000,000"
FT-Q-V01-109,angry,2004,1.420243764016504e-05,1.418090131214253e-05,normalized share,"normalized share × 1,000,000"
FT-Q-V01-109,angry,2005,1.508073139433463e-05,1.500565898636199e-05,normalized share,"normalized share × 1,000,000"
FT-Q-V01-109,angry,2006,1.53830203544203e-05,1.633178929592662e-05,normalized share,"normalized share × 1,000,000"
FT-Q-V01-109,angry,2007,1.647590850950564e-05,1.811029528551801e-05,normalized share,"normalized share × 1,000,000"
FT-Q-V01-109,angry,2008,1.809022834464713e-05,2.029443281210368e-05,normalized share,"normalized share × 1,000,000"
FT-Q-V01-109,angry,2009,2.203248539700553e-05,2.181259546115858e-05,normalized share,"normalized share × 1,000,000"
FT-Q-V01-109,angry,2010,2.550725535854781e-05,2.328860054490178e-05,normalized share,"normalized share × 1,000,000"
FT-Q-V01-109,angry,2011,2.949140032626474e-05,2.555263445458422e-05,normalized share,"normalized share × 1,000,000"
FT-Q-V01-109,angry,2012,2.57078699377189e-05,2.754890601153193e-05,normalized share,"normalized share × 1,000,000"
FT-Q-V01-109,angry,2013,2.571505594062273e-05,2.852208417688676e-05,normalized share,"normalized share × 1,000,000"
FT-Q-V01-109,angry,2014,3.232414587728272e-05,2.946694761517067e-05,normalized share,"normalized share × 1,000,000"
FT-Q-V01-109,angry,2015,3.206412924328106e-05,2.959795754772391e-05,normalized share,"normalized share × 1,000,000"
FT-Q-V01-109,angry,2016,2.884473255448938e-05,3.126820291957496e-05,normalized share,"normalized share × 1,000,000"
FT-Q-V01-109,angry,2017,3.212129942653519e-05,3.542945583896133e-05,normalized share,"normalized share × 1,000,000"
FT-Q-V01-109,angry,2018,3.040846985413737e-05,3.515982594746804e-05,normalized share,"normalized share × 1,000,000"
FT-Q-V01-109,angry,2019,3.739958754067629e-05,3.505758517162251e-05,normalized share,"normalized share × 1,000,000"
FT-Q-V01-109,angry,2020,5.484382637632734e-05,3.609306060781137e-05,normalized share,"normalized share × 1,000,000"
FT-Q-V01-109,angry,2021,3.043673663682966e-05,3.688741284406661e-05,normalized share,"normalized share × 1,000,000"
FT-Q-V01-109,angry,2022,3.134844381236235e-05,3.850714859154891e-05,normalized share,"normalized share × 1,000,000"
FT-Q-V01-119,distress,1842,4.52841779292612e-05,3.767014474931329e-05,normalized share,"normalized share × 1,000,000"
FT-Q-V01-119,distress,1843,3.833059975022479e-05,3.732292031486395e-05,normalized share,"normalized share × 1,000,000"
FT-Q-V01-119,distress,1844,3.427648428555585e-05,3.684866876104328e-05,normalized share,"normalized share × 1,000,000"
FT-Q-V01-119,distress,1845,3.278931703221133e-05,3.708640642636445e-05,normalized share,"normalized share × 1,000,000"
FT-Q-V01-119,distress,1846,3.593402257706657e-05,3.56229790148583e-05,normalized share,"normalized share × 1,000,000"
FT-Q-V01-119,distress,1847,3.447741099193991e-05,3.439654928781367e-05,normalized share,"normalized share × 1,000,000"
FT-Q-V01-119,distress,1848,3.851283241829151e-05,3.375020877781155e-05,normalized share,"normalized share × 1,000,000"
FT-Q-V01-119,distress,1849,3.504018604871817e-05,3.246830240552104e-05,normalized share,"normalized share × 1,000,000"
FT-Q-V01-119,distress,1850,2.97455916609124e-05,3.103515762299074e-05,normalized share,"normalized share × 1,000,000"
FT-Q-V01-119,distress,1851,2.975210071554102e-05,2.944601731209267e-05,normalized share,"normalized share × 1,000,000"
FT-Q-V01-119,distress,1852,2.381597242617772e-05,2.705436232426044e-05,normalized share,"normalized share × 1,000,000"
FT-Q-V01-119,distress,1853,2.590200909935447e-05,2.523622579531093e-05,normalized share,"normalized share × 1,000,000"
FT-Q-V01-119,distress,1854,2.335342881565339e-05,2.411520229981891e-05,normalized share,"normalized share × 1,000,000"
FT-Q-V01-119,distress,1855,2.177124750346593e-05,2.300207028887208e-05,normalized share,"normalized share × 1,000,000"
FT-Q-V01-119,distress,1856,2.231323034607158e-05,2.261664568793874e-05,normalized share,"normalized share × 1,000,000"
FT-Q-V01-119,distress,1857,2.189842719246826e-05,2.19288944610493e-05,normalized share,"normalized share × 1,000,000"
FT-Q-V01-119,distress,1858,2.196017663891325e-05,2.146050036141592e-05,normalized share,"normalized share × 1,000,000"
FT-Q-V01-119,distress,1859,2.111800021964427e-05,2.209962997515699e-05,normalized share,"normalized share × 1,000,000"
FT-Q-V01-119,distress,1860,2.108775051112843e-05,2.223136858958696e-05,normalized share,"normalized share × 1,000,000"
FT-Q-V01-119,distress,1861,2.007467011821973e-05,2.180503978723079e-05,normalized share,"normalized share × 1,000,000"
FT-Q-V01-119,distress,1862,2.624515479965339e-05,2.199558665795718e-05,normalized share,"normalized share × 1,000,000"
FT-Q-V01-119,distress,1863,2.323540064708141e-05,2.137175944483261e-05,normalized share,"normalized share × 1,000,000"
FT-Q-V01-119,distress,1864,1.891412557597505e-05,2.097605602508728e-05,normalized share,"normalized share × 1,000,000"
FT-Q-V01-119,distress,1865,2.329400473399801e-05,2.063878601989342e-05,normalized share,"normalized share × 1,000,000"
FT-Q-V01-119,distress,1866,1.675120972777222e-05,1.951806543689015e-05,normalized share,"normalized share × 1,000,000"
FT-Q-V01-119,distress,1867,1.831782657291114e-05,1.859851201199295e-05,normalized share,"normalized share × 1,000,000"
FT-Q-V01-119,distress,1868,1.771378008186275e-05,1.823370185759034e-05,normalized share,"normalized share × 1,000,000"
FT-Q-V01-119,distress,1869,1.840011071863046e-05,1.703700785274772e-05,normalized share,"normalized share × 1,000,000"
FT-Q-V01-119,distress,1870,1.679852667280102e-05,1.690617441697993e-05,normalized share,"normalized share × 1,000,000"
FT-Q-V01-119,distress,1871,1.636045449515677e-05,1.634757569896855e-05,normalized share,"normalized share × 1,000,000"
FT-Q-V01-119,distress,1872,1.491714670009969e-05,1.591196290665461e-05,normalized share,"normalized share × 1,000,000"
FT-Q-V01-119,distress,1873,1.583537567739768e-05,1.548668337493707e-05,normalized share,"normalized share × 1,000,000"
FT-Q-V01-119,distress,1874,1.440763554683144e-05,1.519868119917841e-05,normalized share,"normalized share × 1,000,000"
FT-Q-V01-119,distress,1875,1.466449053566521e-05,1.499373594323775e-05,normalized share,"normalized share × 1,000,000"
FT-Q-V01-119,distress,1876,1.542315399660765e-05,1.54897070347358e-05,normalized share,"normalized share × 1,000,000"
FT-Q-V01-119,distress,1877,1.478251144249043e-05,1.66882869742884e-05,normalized share,"normalized share × 1,000,000"
FT-Q-V01-119,distress,1878,1.492583770357214e-05,1.706238925537816e-05,normalized share,"normalized share × 1,000,000"
FT-Q-V01-119,distress,1879,1.838894434058602e-05,1.718964164305297e-05,normalized share,"normalized share × 1,000,000"
FT-Q-V01-119,distress,1880,2.42254352542659e-05,1.732213454528976e-05,normalized share,"normalized share × 1,000,000"
FT-Q-V01-119,distress,1881,1.702635151445975e-05,1.734416354232898e-05,normalized share,"normalized share × 1,000,000"
FT-Q-V01-119,distress,1882,1.555525724938889e-05,1.704588222699905e-05,normalized share,"normalized share × 1,000,000"
FT-Q-V01-119,distress,1883,1.63506043122652e-05,1.640564181164856e-05,normalized share,"normalized share × 1,000,000"
FT-Q-V01-119,distress,1884,1.493671442176492e-05,1.47565764499242e-05,normalized share,"normalized share × 1,000,000"
FT-Q-V01-119,distress,1885,1.283786849626267e-05,1.418882100015903e-05,normalized share,"normalized share × 1,000,000"
FT-Q-V01-119,distress,1886,1.390726143313259e-05,1.377474029189736e-05,normalized share,"normalized share × 1,000,000"
FT-Q-V01-119,distress,1887,1.268197772219537e-05,1.314640480286146e-05,normalized share,"normalized share × 1,000,000"
FT-Q-V01-119,distress,1888,1.305206336610354e-05,1.276464341921318e-05,normalized share,"normalized share × 1,000,000"
FT-Q-V01-119,distress,1889,1.265669229155719e-05,1.259781483448868e-05,normalized share,"normalized share × 1,000,000"
FT-Q-V01-119,distress,1890,1.195225588901394e-05,1.229754883321935e-05,normalized share,"normalized share × 1,000,000"
FT-Q-V01-119,distress,1891,1.226438473622693e-05,1.222116690818049e-05,normalized share,"normalized share × 1,000,000"
FT-Q-V01-119,distress,1892,1.167006840319118e-05,1.229150810542836e-05,normalized share,"normalized share × 1,000,000"
FT-Q-V01-119,distress,1893,1.18053994242473e-05,1.211559199378241e-05,normalized share,"normalized share × 1,000,000"
FT-Q-V01-119,distress,1894,1.214730424692334e-05,1.197519616726238e-05,normalized share,"normalized share × 1,000,000"
FT-Q-V01-119,distress,1895,1.35444517468386e-05,1.198922943907681e-05,normalized share,"normalized share × 1,000,000"
FT-Q-V01-119,distress,1896,1.142527951003558e-05,1.186286106807139e-05,normalized share,"normalized share × 1,000,000"
FT-Q-V01-119,distress,1897,1.09694851033737e-05,1.157570149449124e-05,normalized share,"normalized share × 1,000,000"
FT-Q-V01-119,distress,1898,1.236261763892799e-05,1.113493607363125e-05,normalized share,"normalized share × 1,000,000"
FT-Q-V01-119,distress,1899,1.078548980615324e-05,1.048001591945941e-05,normalized share,"normalized share × 1,000,000"
FT-Q-V01-119,distress,1900,9.795282409186257e-06,1.006221330714295e-05,normalized share,"normalized share × 1,000,000"
FT-Q-V01-119,distress,1901,9.061946300903401e-06,9.785395149159675e-06,normalized share,"normalized share × 1,000,000"
FT-Q-V01-119,distress,1902,8.960010667635743e-06,9.352954700757112e-06,normalized share,"normalized share × 1,000,000"
FT-Q-V01-119,distress,1903,8.500661223820316e-06,9.136155718181271e-06,normalized share,"normalized share × 1,000,000"
FT-Q-V01-119,distress,1904,9.031757997490786e-06,9.004652727842963e-06,normalized share,"normalized share × 1,000,000"
FT-Q-V01-119,distress,1905,9.335534500110043e-06,9.041814882339492e-06,normalized share,"normalized share × 1,000,000"
FT-Q-V01-119,distress,1906,9.267896928122354e-06,9.397629103854602e-06,normalized share,"normalized share × 1,000,000"
FT-Q-V01-119,distress,1907,8.874761476818094e-06,9.598301795270864e-06,normalized share,"normalized share × 1,000,000"
FT-Q-V01-119,distress,1908,9.32208138237911e-06,9.498178245946423e-06,normalized share,"normalized share × 1,000,000"
FT-Q-V01-119,distress,1909,1.145071021824151e-05,9.265892135853651e-06,normalized share,"normalized share × 1,000,000"
FT-Q-V01-119,distress,1910,9.905370063734154e-06,8.9641081452945e-06,normalized share,"normalized share × 1,000,000"
FT-Q-V01-119,distress,1911,8.330893152219687e-06,8.925477786192459e-06,normalized share,"normalized share × 1,000,000"
FT-Q-V01-119,distress,1912,7.70953172946065e-06,8.719243467680826e-06,normalized share,"normalized share × 1,000,000"
FT-Q-V01-119,distress,1913,7.155408994208301e-06,8.041472455033727e-06,normalized share,"normalized share × 1,000,000"
FT-Q-V01-119,distress,1914,8.604348963103803e-06,7.557015105622408e-06,normalized share,"normalized share × 1,000,000"
FT-Q-V01-119,distress,1915,7.878441152797677e-06,7.184129855326253e-06,normalized share,"normalized share × 1,000,000"
FT-Q-V01-119,distress,1916,6.706313129711816e-06,6.988029730743099e-06,normalized share,"normalized share × 1,000,000"
FT-Q-V01-119,distress,1917,6.514168617854921e-06,6.913369134053937e-06,normalized share,"normalized share × 1,000,000"
FT-Q-V01-119,distress,1918,5.720696400146608e-06,6.769256673676084e-06,normalized share,"normalized share × 1,000,000"
FT-Q-V01-119,distress,1919,6.336830857378573e-06,6.690146479724847e-06,normalized share,"normalized share × 1,000,000"
FT-Q-V01-119,distress,1920,6.632784817384163e-06,6.710929789781923e-06,normalized share,"normalized share × 1,000,000"
FT-Q-V01-119,distress,1921,7.595561740458834e-06,6.881510955736303e-06,normalized share,"normalized share × 1,000,000"
FT-Q-V01-119,distress,1922,7.324669795139016e-06,7.00611606215976e-06,normalized share,"normalized share × 1,000,000"
FT-Q-V01-119,distress,1923,6.851796300111346e-06,7.052168019835595e-06,normalized share,"normalized share × 1,000,000"
FT-Q-V01-119,distress,1924,7.708236779535582e-06,7.043720293000076e-06,normalized share,"normalized share × 1,000,000"
FT-Q-V01-119,distress,1925,6.592932145110808e-06,6.895678353657786e-06,normalized share,"normalized share × 1,000,000"
FT-Q-V01-119,distress,1926,6.659194561109416e-06,6.88229446512066e-06,normalized share,"normalized share × 1,000,000"
FT-Q-V01-119,distress,1927,6.57365072953553e-06,6.939059161936711e-06,normalized share,"normalized share × 1,000,000"
FT-Q-V01-119,distress,1928,6.559268165062804e-06,7.117619513711101e-06,normalized share,"normalized share × 1,000,000"
FT-Q-V01-119,distress,1929,7.23098257537913e-06,7.664198192409394e-06,normalized share,"normalized share × 1,000,000"
FT-Q-V01-119,distress,1930,7.24914917782371e-06,8.091992733787784e-06,normalized share,"normalized share × 1,000,000"
FT-Q-V01-119,distress,1931,8.958159241956309e-06,8.46081848696453e-06,normalized share,"normalized share × 1,000,000"
FT-Q-V01-119,distress,1932,1.041898289599885e-05,8.69804089680721e-06,normalized share,"normalized share × 1,000,000"
FT-Q-V01-119,distress,1933,9.653756350758158e-06,8.78876982060969e-06,normalized share,"normalized share × 1,000,000"
FT-Q-V01-119,distress,1934,9.15543100177274e-06,8.787573479805491e-06,normalized share,"normalized share × 1,000,000"
FT-Q-V01-119,distress,1935,8.21982503396157e-06,8.55635949952622e-06,normalized share,"normalized share × 1,000,000"
FT-Q-V01-119,distress,1936,7.866085041996485e-06,8.06792433292815e-06,normalized share,"normalized share × 1,000,000"
FT-Q-V01-119,distress,1937,7.240774792194316e-06,7.589883676725354e-06,normalized share,"normalized share × 1,000,000"
FT-Q-V01-119,distress,1938,7.339661380001417e-06,7.096285064075605e-06,normalized share,"normalized share × 1,000,000"
FT-Q-V01-119,distress,1939,6.999936729812362e-06,6.722622038474972e-06,normalized share,"normalized share × 1,000,000"
FT-Q-V01-119,distress,1940,6.30747175733859e-06,6.404163087836423e-06,normalized share,"normalized share × 1,000,000"
FT-Q-V01-119,distress,1941,5.700240713224503e-06,6.1299541199235e-06,normalized share,"normalized share × 1,000,000"
FT-Q-V01-119,distress,1942,5.604183854757139e-06,5.782327659988239e-06,normalized share,"normalized share × 1,000,000"
FT-Q-V01-119,distress,1943,5.636872387526637e-06,5.522744126145491e-06,normalized share,"normalized share × 1,000,000"
FT-Q-V01-119,distress,1944,5.321312016803859e-06,5.379703544861059e-06,normalized share,"normalized share × 1,000,000"
FT-Q-V01-119,distress,1945,4.906276160454581e-06,5.3363188803652e-06,normalized share,"normalized share × 1,000,000"
FT-Q-V01-119,distress,1946,5.182851992913129e-06,5.300958623674237e-06,normalized share,"normalized share × 1,000,000"
FT-Q-V01-119,distress,1947,5.306187688347563e-06,5.251487834811996e-06,normalized share,"normalized share × 1,000,000"
FT-Q-V01-119,distress,1948,5.396548061753492e-06,5.182979399316017e-06,normalized share,"normalized share × 1,000,000"
FT-Q-V01-119,distress,1949,5.356662057920403e-06,5.254641142268415e-06,normalized share,"normalized share × 1,000,000"
FT-Q-V01-119,distress,1950,5.290576865490948e-06,5.244699646514814e-06,normalized share,"normalized share × 1,000,000"
FT-Q-V01-119,distress,1951,4.841752968332003e-06,5.20194671642977e-06,normalized share,"normalized share × 1,000,000"
FT-Q-V01-119,distress,1952,5.407908361121372e-06,5.171791092907695e-06,normalized share,"normalized share × 1,000,000"
FT-Q-V01-119,distress,1953,5.113261522637913e-06,5.101537060982407e-06,normalized share,"normalized share × 1,000,000"
FT-Q-V01-119,distress,1954,5.006917177752257e-06,5.063578513946661e-06,normalized share,"normalized share × 1,000,000"
FT-Q-V01-119,distress,1955,5.185458697098966e-06,5.079414766636806e-06,normalized share,"normalized share × 1,000,000"
FT-Q-V01-119,distress,1956,4.86488383444339e-06,5.018260275895565e-06,normalized share,"normalized share × 1,000,000"
FT-Q-V01-119,distress,1957,5.024867036240721e-06,4.950227410712874e-06,normalized share,"normalized share × 1,000,000"
FT-Q-V01-119,distress,1958,4.952606737163023e-06,4.894674982023974e-06,normalized share,"normalized share × 1,000,000"
FT-Q-V01-119,distress,1959,4.979826925932684e-06,4.885072341055872e-06,normalized share,"normalized share × 1,000,000"
FT-Q-V01-119,distress,1960,4.637031466359076e-06,4.940578794584585e-06,normalized share,"normalized share × 1,000,000"
FT-Q-V01-119,distress,1961,4.618050176929955e-06,4.991340739073686e-06,normalized share,"normalized share × 1,000,000"
FT-Q-V01-119,distress,1962,5.118240210322256e-06,5.165882166733939e-06,normalized share,"normalized share × 1,000,000"
FT-Q-V01-119,distress,1963,5.253429009144384e-06,5.251835354158629e-06,normalized share,"normalized share × 1,000,000"
FT-Q-V01-119,distress,1964,5.380200647664424e-06,5.291012443413885e-06,normalized share,"normalized share × 1,000,000"
FT-Q-V01-119,distress,1965,6.174396730784792e-06,5.658602585104486e-06,normalized share,"normalized share × 1,000,000"
FT-Q-V01-119,distress,1966,5.581499237905518e-06,5.853370063440317e-06,normalized share,"normalized share × 1,000,000"
FT-Q-V01-119,distress,1967,4.911271091145863e-06,5.91912553561867e-06,normalized share,"normalized share × 1,000,000"
FT-Q-V01-119,distress,1968,7.19118116876416e-06,6.25435199351289e-06,normalized share,"normalized share × 1,000,000"
FT-Q-V01-119,distress,1969,6.481612558673078e-06,6.196529931961388e-06,normalized share,"normalized share × 1,000,000"
FT-Q-V01-119,distress,1970,5.713717314392852e-06,6.163340850256256e-06,normalized share,"normalized share × 1,000,000"
FT-Q-V01-119,distress,1971,7.726785852923967e-06,6.315469048802567e-06,normalized share,"normalized share × 1,000,000"
FT-Q-V01-119,distress,1972,5.769642299924271e-06,6.082854436531956e-06,normalized share,"normalized share × 1,000,000"
FT-Q-V01-119,distress,1973,5.349175665969597e-06,5.962759800581807e-06,normalized share,"normalized share × 1,000,000"
FT-Q-V01-119,distress,1974,5.976168480970045e-06,5.986080231374606e-06,normalized share,"normalized share × 1,000,000"
FT-Q-V01-119,distress,1975,5.562878882869882e-06,5.752324948308082e-06,normalized share,"normalized share × 1,000,000"
FT-Q-V01-119,distress,1976,5.640950107022036e-06,5.792635586690917e-06,normalized share,"normalized share × 1,000,000"
FT-Q-V01-119,distress,1977,5.876960329942449e-06,5.915608450582763e-06,normalized share,"normalized share × 1,000,000"
FT-Q-V01-119,distress,1978,6.090498871458294e-06,5.991040306899517e-06,normalized share,"normalized share × 1,000,000"
FT-Q-V01-119,distress,1979,6.051816768604112e-06,6.211032905006115e-06,normalized share,"normalized share × 1,000,000"
FT-Q-V01-119,distress,1980,6.209985713212518e-06,6.420424475501412e-06,normalized share,"normalized share × 1,000,000"
FT-Q-V01-119,distress,1981,6.504191475187326e-06,6.596389383162204e-06,normalized share,"normalized share × 1,000,000"
FT-Q-V01-119,distress,1982,7.102827069616069e-06,6.846699635941279e-06,normalized share,"normalized share × 1,000,000"
FT-Q-V01-119,distress,1983,7.106691100489115e-06,7.073208623507656e-06,normalized share,"normalized share × 1,000,000"
FT-Q-V01-119,distress,1984,7.108714683567996e-06,7.384629181420418e-06,normalized share,"normalized share × 1,000,000"
FT-Q-V01-119,distress,1985,7.84267064091182e-06,7.620624864606336e-06,normalized share,"normalized share × 1,000,000"
FT-Q-V01-119,distress,1986,7.637379681568746e-06,7.891683728595516e-06,normalized share,"normalized share × 1,000,000"
FT-Q-V01-119,distress,1987,8.389929618601855e-06,8.078059575414695e-06,normalized share,"normalized share × 1,000,000"
FT-Q-V01-119,distress,1988,8.156161257488748e-06,8.295201431402737e-06,normalized share,"normalized share × 1,000,000"
FT-Q-V01-119,distress,1989,9.000239117540332e-06,8.37988623711031e-06,normalized share,"normalized share × 1,000,000"
FT-Q-V01-119,distress,1990,8.411322028223367e-06,8.512070453191103e-06,normalized share,"normalized share × 1,000,000"
FT-Q-V01-119,distress,1991,8.628707675484293e-06,8.556752894557057e-06,normalized share,"normalized share × 1,000,000"
FT-Q-V01-119,distress,1992,8.435464280864835e-06,8.629469328574097e-06,normalized share,"normalized share × 1,000,000"
FT-Q-V01-119,distress,1993,8.562669194134287e-06,8.628095317573883e-06,normalized share,"normalized share × 1,000,000"
FT-Q-V01-119,distress,1994,8.702706708163532e-06,8.762574917601082e-06,normalized share,"normalized share × 1,000,000"
FT-Q-V01-119,distress,1995,8.665176295608035e-06,8.89191983840679e-06,normalized share,"normalized share × 1,000,000"
FT-Q-V01-119,distress,1996,8.990621040538826e-06,9.064894289930894e-06,normalized share,"normalized share × 1,000,000"
FT-Q-V01-119,distress,1997,9.352679228413763e-06,9.250108939389584e-06,normalized share,"normalized share × 1,000,000"
FT-Q-V01-119,distress,1998,9.534122121124256e-06,9.400603622517728e-06,normalized share,"normalized share × 1,000,000"
FT-Q-V01-119,distress,1999,9.646285441533564e-06,9.605377343291366e-06,normalized share,"normalized share × 1,000,000"
FT-Q-V01-119,distress,2000,9.859171740345118e-06,9.732933364148266e-06,normalized share,"normalized share × 1,000,000"
FT-Q-V01-119,distress,2001,9.756169490060529e-06,9.902667297215625e-06,normalized share,"normalized share × 1,000,000"
FT-Q-V01-119,distress,2002,1.00985923410235e-05,1.001398076182016e-05,normalized share,"normalized share × 1,000,000"
FT-Q-V01-119,distress,2003,9.88351318653713e-06,1.016144996920535e-05,normalized share,"normalized share × 1,000,000"
FT-Q-V01-119,distress,2004,1.054081675988527e-05,1.032141940372964e-05,normalized share,"normalized share × 1,000,000"
FT-Q-V01-119,distress,2005,1.031331637335597e-05,1.059077031279847e-05,normalized share,"normalized share × 1,000,000"
FT-Q-V01-119,distress,2006,1.067856989322991e-05,1.084171568014166e-05,normalized share,"normalized share × 1,000,000"
FT-Q-V01-119,distress,2007,1.097895778201519e-05,1.11809830635983e-05,normalized share,"normalized share × 1,000,000"
FT-Q-V01-119,distress,2008,1.164162585354234e-05,1.14763765454638e-05,normalized share,"normalized share × 1,000,000"
FT-Q-V01-119,distress,2009,1.185520991242583e-05,1.166754802081219e-05,normalized share,"normalized share × 1,000,000"
FT-Q-V01-119,distress,2010,1.225838487073361e-05,1.197431080462203e-05,normalized share,"normalized share × 1,000,000"
FT-Q-V01-119,distress,2011,1.260857113294378e-05,1.224357086166654e-05,normalized share,"normalized share × 1,000,000"
FT-Q-V01-119,distress,2012,1.165151670079467e-05,1.253380729236499e-05,normalized share,"normalized share × 1,000,000"
FT-Q-V01-119,distress,2013,1.28259093798988e-05,1.267129927790782e-05,normalized share,"normalized share × 1,000,000"
FT-Q-V01-119,distress,2014,1.286377818132678e-05,1.290169169720912e-05,normalized share,"normalized share × 1,000,000"
FT-Q-V01-119,distress,2015,1.367328086843145e-05,1.309855015360232e-05,normalized share,"normalized share × 1,000,000"
FT-Q-V01-119,distress,2016,1.281765381122568e-05,1.328130503505268e-05,normalized share,"normalized share × 1,000,000"
FT-Q-V01-119,distress,2017,1.387113180584265e-05,1.320840481306667e-05,normalized share,"normalized share × 1,000,000"
FT-Q-V01-119,distress,2018,1.398658032769617e-05,1.339354016392593e-05,normalized share,"normalized share × 1,000,000"
FT-Q-V01-119,distress,2019,1.293080087094722e-05,1.36267416317131e-05,normalized share,"normalized share × 1,000,000"
FT-Q-V01-119,distress,2020,1.231560782599672e-05,1.376158960179434e-05,normalized share,"normalized share × 1,000,000"
FT-Q-V01-119,distress,2021,1.415972563734158e-05,1.373968116098467e-05,normalized share,"normalized share × 1,000,000"
FT-Q-V01-119,distress,2022,1.530569114294167e-05,1.36779563693068e-05,normalized share,"normalized share × 1,000,000"
FT-Q-V01-108,sad,1842,2.810681350240429e-05,2.937996476386207e-05,normalized share,"normalized share × 1,000,000"
FT-Q-V01-108,sad,1843,2.775245898245515e-05,2.956905993206638e-05,normalized share,"normalized share × 1,000,000"
FT-Q-V01-108,sad,1844,3.116317340229324e-05,2.951985579036087e-05,normalized share,"normalized share × 1,000,000"
FT-Q-V01-108,sad,1845,3.049741316829557e-05,2.961903143451826e-05,normalized share,"normalized share × 1,000,000"
FT-Q-V01-108,sad,1846,3.032544060488362e-05,2.992105324982143e-05,normalized share,"normalized share × 1,000,000"
FT-Q-V01-108,sad,1847,2.927383508183334e-05,3.09697257668987e-05,normalized share,"normalized share × 1,000,000"
FT-Q-V01-108,sad,1848,3.021408529946257e-05,3.070948523465582e-05,normalized share,"normalized share × 1,000,000"
FT-Q-V01-108,sad,1849,3.022096620952652e-05,3.069225160259473e-05,normalized share,"normalized share × 1,000,000"
FT-Q-V01-108,sad,1850,3.509316660199602e-05,3.073406825762229e-05,normalized share,"normalized share × 1,000,000"
FT-Q-V01-108,sad,1851,2.934148967659311e-05,3.093926764639677e-05,normalized share,"normalized share × 1,000,000"
FT-Q-V01-108,sad,1852,3.037677774386793e-05,3.091076686840515e-05,normalized share,"normalized share × 1,000,000"
FT-Q-V01-108,sad,1853,3.061815719007654e-05,3.072933970191657e-05,normalized share,"normalized share × 1,000,000"
FT-Q-V01-108,sad,1854,3.071023080325475e-05,2.986725672751315e-05,normalized share,"normalized share × 1,000,000"
FT-Q-V01-108,sad,1855,3.001457985352118e-05,2.964484245175449e-05,normalized share,"normalized share × 1,000,000"
FT-Q-V01-108,sad,1856,2.895097604410646e-05,2.947937831412498e-05,normalized share,"normalized share × 1,000,000"
FT-Q-V01-108,sad,1857,2.905858578117204e-05,2.92036612991875e-05,normalized share,"normalized share × 1,000,000"
FT-Q-V01-108,sad,1858,2.778458974628251e-05,2.872535137204583e-05,normalized share,"normalized share × 1,000,000"
FT-Q-V01-108,sad,1859,2.921852878046138e-05,2.857678919067551e-05,normalized share,"normalized share × 1,000,000"
FT-Q-V01-108,sad,1860,2.868813808551418e-05,2.83377456710857e-05,normalized share,"normalized share × 1,000,000"
FT-Q-V01-108,sad,1861,2.736206131326302e-05,2.831433215613347e-05,normalized share,"normalized share × 1,000,000"
FT-Q-V01-108,sad,1862,2.897464458392895e-05,2.845581185685025e-05,normalized share,"normalized share × 1,000,000"
FT-Q-V01-108,sad,1863,2.727767140697779e-05,2.83452596092875e-05,normalized share,"normalized share × 1,000,000"
FT-Q-V01-108,sad,1864,2.889469117650645e-05,2.825743172902137e-05,normalized share,"normalized share × 1,000,000"
FT-Q-V01-108,sad,1865,2.877494765129995e-05,2.819478105065792e-05,normalized share,"normalized share × 1,000,000"
FT-Q-V01-108,sad,1866,2.844466304752213e-05,2.804847071653595e-05,normalized share,"normalized share × 1,000,000"
FT-Q-V01-108,sad,1867,2.807334292365127e-05,2.805520765034042e-05,normalized share,"normalized share × 1,000,000"
FT-Q-V01-108,sad,1868,2.692350656471887e-05,2.772111053133844e-05,normalized share,"normalized share × 1,000,000"
FT-Q-V01-108,sad,1869,2.795047224507519e-05,2.713489061758374e-05,normalized share,"normalized share × 1,000,000"
FT-Q-V01-108,sad,1870,2.732482994360907e-05,2.685423034143716e-05,normalized share,"normalized share × 1,000,000"
FT-Q-V01-108,sad,1871,2.655601134349261e-05,2.625515938925857e-05,normalized share,"normalized share × 1,000,000"
FT-Q-V01-108,sad,1872,2.467140825501701e-05,2.609642185248078e-05,normalized share,"normalized share × 1,000,000"
FT-Q-V01-108,sad,1873,2.648004111449609e-05,2.566636444063202e-05,normalized share,"normalized share × 1,000,000"
FT-Q-V01-108,sad,1874,2.387984625840112e-05,2.504926338136355e-05,normalized share,"normalized share × 1,000,000"
FT-Q-V01-108,sad,1875,2.581234380727437e-05,2.465686168542131e-05,normalized share,"normalized share × 1,000,000"
FT-Q-V01-108,sad,1876,2.494007036213386e-05,2.444313621432254e-05,normalized share,"normalized share × 1,000,000"
FT-Q-V01-108,sad,1877,2.300512252872977e-05,2.396870001811411e-05,normalized share,"normalized share × 1,000,000"
FT-Q-V01-108,sad,1878,2.380919947189697e-05,2.374272520434024e-05,normalized share,"normalized share × 1,000,000"
FT-Q-V01-108,sad,1879,2.317532995732563e-05,2.318478392919091e-05,normalized share,"normalized share × 1,000,000"
FT-Q-V01-108,sad,1880,2.315898774103708e-05,2.266170305535521e-05,normalized share,"normalized share × 1,000,000"
FT-Q-V01-108,sad,1881,2.229802256198399e-05,2.227951513571588e-05,normalized share,"normalized share × 1,000,000"
FT-Q-V01-108,sad,1882,2.190675488122906e-05,2.170163856434521e-05,normalized share,"normalized share × 1,000,000"
FT-Q-V01-108,sad,1883,2.127850424528399e-05,2.110760558070103e-05,normalized share,"normalized share × 1,000,000"
FT-Q-V01-108,sad,1884,2.032980709125443e-05,2.044022213991414e-05,normalized share,"normalized share × 1,000,000"
FT-Q-V01-108,sad,1885,1.976406347230231e-05,1.972070994038312e-05,normalized share,"normalized share × 1,000,000"
FT-Q-V01-108,sad,1886,1.901709907181637e-05,1.911284654295647e-05,normalized share,"normalized share × 1,000,000"
FT-Q-V01-108,sad,1887,1.848730365552886e-05,1.865465992647745e-05,normalized share,"normalized share × 1,000,000"
FT-Q-V01-108,sad,1888,1.726143716526685e-05,1.811149619631937e-05,normalized share,"normalized share × 1,000,000"
FT-Q-V01-108,sad,1889,1.765171109924246e-05,1.779611869689605e-05,normalized share,"normalized share × 1,000,000"
FT-Q-V01-108,sad,1890,1.807119792993084e-05,1.739305849136698e-05,normalized share,"normalized share × 1,000,000"
FT-Q-V01-108,sad,1891,1.652766098014791e-05,1.710666691337063e-05,normalized share,"normalized share × 1,000,000"
FT-Q-V01-108,sad,1892,1.755642097633903e-05,1.691555677784435e-05,normalized share,"normalized share × 1,000,000"
FT-Q-V01-108,sad,1893,1.619567763311291e-05,1.65456474364207e-05,normalized share,"normalized share × 1,000,000"
FT-Q-V01-108,sad,1894,1.648256260955439e-05,1.602755104958474e-05,normalized share,"normalized share × 1,000,000"
FT-Q-V01-108,sad,1895,1.592366621658292e-05,1.565318202198518e-05,normalized share,"normalized share × 1,000,000"
FT-Q-V01-108,sad,1896,1.506234570927689e-05,1.554135887819885e-05,normalized share,"normalized share × 1,000,000"
FT-Q-V01-108,sad,1897,1.444452322207912e-05,1.538136231786106e-05,normalized share,"normalized share × 1,000,000"
FT-Q-V01-108,sad,1898,1.390707778695099e-05,1.502914038965004e-05,normalized share,"normalized share × 1,000,000"
FT-Q-V01-108,sad,1899,1.677365896983474e-05,1.456303282388169e-05,normalized share,"normalized share × 1,000,000"
FT-Q-V01-108,sad,1900,1.507570171074835e-05,1.414715455944468e-05,normalized share,"normalized share × 1,000,000"
FT-Q-V01-108,sad,1901,1.401700911207726e-05,1.396417990455677e-05,normalized share,"normalized share × 1,000,000"
FT-Q-V01-108,sad,1902,1.266091325620444e-05,1.361679849601338e-05,normalized share,"normalized share × 1,000,000"
FT-Q-V01-108,sad,1903,1.215119785821783e-05,1.279998655018266e-05,normalized share,"normalized share × 1,000,000"
FT-Q-V01-108,sad,1904,1.316370063786376e-05,1.203036619898004e-05,normalized share,"normalized share × 1,000,000"
FT-Q-V01-108,sad,1905,1.14754079271473e-05,1.138802003815078e-05,normalized share,"normalized share × 1,000,000"
FT-Q-V01-108,sad,1906,1.10559753490197e-05,1.097376883722745e-05,normalized share,"normalized share × 1,000,000"
FT-Q-V01-108,sad,1907,9.688359252330025e-06,1.056357053295534e-05,normalized share,"normalized share × 1,000,000"
FT-Q-V01-108,sad,1908,9.520585986272367e-06,9.88333300501465e-06,normalized share,"normalized share × 1,000,000"
FT-Q-V01-108,sad,1909,9.76115484974116e-06,9.47884943096928e-06,normalized share,"normalized share × 1,000,000"
FT-Q-V01-108,sad,1910,9.279809728313104e-06,9.051582152427454e-06,normalized share,"normalized share × 1,000,000"
FT-Q-V01-108,sad,1911,8.402037942278895e-06,8.794271355668554e-06,normalized share,"normalized share × 1,000,000"
FT-Q-V01-108,sad,1912,8.644022908829707e-06,8.558904762903266e-06,normalized share,"normalized share × 1,000,000"
FT-Q-V01-108,sad,1913,8.065104399226919e-06,8.255455763816239e-06,normalized share,"normalized share × 1,000,000"
FT-Q-V01-108,sad,1914,7.887183675017728e-06,7.973373798022701e-06,normalized share,"normalized share × 1,000,000"
FT-Q-V01-108,sad,1915,7.873019836915351e-06,7.792341568944277e-06,normalized share,"normalized share × 1,000,000"
FT-Q-V01-108,sad,1916,7.63701185613197e-06,7.564165482861128e-06,normalized share,"normalized share × 1,000,000"
FT-Q-V01-108,sad,1917,7.305235967758339e-06,7.400007852130321e-06,normalized share,"normalized share × 1,000,000"
FT-Q-V01-108,sad,1918,7.134812338729923e-06,7.199062434792847e-06,normalized share,"normalized share × 1,000,000"
FT-Q-V01-108,sad,1919,7.046790306247663e-06,7.06627200640452e-06,normalized share,"normalized share × 1,000,000"
FT-Q-V01-108,sad,1920,6.91600098411127e-06,7.085678112792038e-06,normalized share,"normalized share × 1,000,000"
FT-Q-V01-108,sad,1921,6.48056575365541e-06,7.185601334322445e-06,normalized share,"normalized share × 1,000,000"
FT-Q-V01-108,sad,1922,6.943486838197066e-06,7.301606448394711e-06,normalized share,"normalized share × 1,000,000"
FT-Q-V01-108,sad,1923,7.772854600844592e-06,7.385921165210212e-06,normalized share,"normalized share × 1,000,000"
FT-Q-V01-108,sad,1924,8.004698518471187e-06,7.520309995692753e-06,normalized share,"normalized share × 1,000,000"
FT-Q-V01-108,sad,1925,7.946848137235785e-06,7.663959088715208e-06,normalized share,"normalized share × 1,000,000"
FT-Q-V01-108,sad,1926,7.636993323956176e-06,7.75133430226671e-06,normalized share,"normalized share × 1,000,000"
FT-Q-V01-108,sad,1927,7.856722797489057e-06,7.713268418943289e-06,normalized share,"normalized share × 1,000,000"
FT-Q-V01-108,sad,1928,7.486109404812591e-06,7.586140067697422e-06,normalized share,"normalized share × 1,000,000"
FT-Q-V01-108,sad,1929,7.555113333057584e-06,7.503256796114109e-06,normalized share,"normalized share × 1,000,000"
FT-Q-V01-108,sad,1930,7.506393417580637e-06,7.44748851302736e-06,normalized share,"normalized share × 1,000,000"
FT-Q-V01-108,sad,1931,7.114800059750126e-06,7.380588358036186e-06,normalized share,"normalized share × 1,000,000"
FT-Q-V01-108,sad,1932,7.366665236152592e-06,7.316110209787992e-06,normalized share,"normalized share × 1,000,000"
FT-Q-V01-108,sad,1933,7.246615342348939e-06,7.170112399669724e-06,normalized share,"normalized share × 1,000,000"
FT-Q-V01-108,sad,1934,7.38842171255083e-06,7.069621455046574e-06,normalized share,"normalized share × 1,000,000"
FT-Q-V01-108,sad,1935,7.034762367075231e-06,7.069890914984072e-06,normalized share,"normalized share × 1,000,000"
FT-Q-V01-108,sad,1936,6.533128662229715e-06,6.924512384321893e-06,normalized share,"normalized share × 1,000,000"
FT-Q-V01-108,sad,1937,6.802956805218585e-06,6.80145391253031e-06,normalized share,"normalized share × 1,000,000"
FT-Q-V01-108,sad,1938,7.116686279312612e-06,6.593993194086671e-06,normalized share,"normalized share × 1,000,000"
FT-Q-V01-108,sad,1939,6.349015521517343e-06,6.539444707218321e-06,normalized share,"normalized share × 1,000,000"
FT-Q-V01-108,sad,1940,6.385206039807856e-06,6.563026668014131e-06,normalized share,"normalized share × 1,000,000"
FT-Q-V01-108,sad,1941,5.936196683445361e-06,6.493867759144575e-06,normalized share,"normalized share × 1,000,000"
FT-Q-V01-108,sad,1942,6.652922958996776e-06,6.478645374149201e-06,normalized share,"normalized share × 1,000,000"
FT-Q-V01-108,sad,1943,6.698202387800389e-06,6.526253424680796e-06,normalized share,"normalized share × 1,000,000"
FT-Q-V01-108,sad,1944,6.318844443131688e-06,6.601016715144078e-06,normalized share,"normalized share × 1,000,000"
FT-Q-V01-108,sad,1945,7.010129584344993e-06,6.659397201085644e-06,normalized share,"normalized share × 1,000,000"
FT-Q-V01-108,sad,1946,6.68227187523851e-06,6.598051533553735e-06,normalized share,"normalized share × 1,000,000"
FT-Q-V01-108,sad,1947,6.908549073050829e-06,6.581015341350757e-06,normalized share,"normalized share × 1,000,000"
FT-Q-V01-108,sad,1948,6.344860085036319e-06,6.570142625031218e-06,normalized share,"normalized share × 1,000,000"
FT-Q-V01-108,sad,1949,6.223503286273413e-06,6.533305398999775e-06,normalized share,"normalized share × 1,000,000"
FT-Q-V01-108,sad,1950,6.578949042379545e-06,6.495450999310529e-06,normalized share,"normalized share × 1,000,000"
FT-Q-V01-108,sad,1951,6.242735428894919e-06,6.43297272192351e-06,normalized share,"normalized share × 1,000,000"
FT-Q-V01-108,sad,1952,6.752269002124889e-06,6.46327267258511e-06,normalized share,"normalized share × 1,000,000"
FT-Q-V01-108,sad,1953,6.417291077413789e-06,6.539096743345328e-06,normalized share,"normalized share × 1,000,000"
FT-Q-V01-108,sad,1954,6.471201131341697e-06,6.576079559008392e-06,normalized share,"normalized share × 1,000,000"
FT-Q-V01-108,sad,1955,6.556959739667523e-06,6.670874041879834e-06,normalized share,"normalized share × 1,000,000"
FT-Q-V01-108,sad,1956,6.754271781594934e-06,6.64809603018675e-06,normalized share,"normalized share × 1,000,000"
FT-Q-V01-108,sad,1957,6.837828752020991e-06,6.642260350826371e-06,normalized share,"normalized share × 1,000,000"
FT-Q-V01-108,sad,1958,6.906296808995016e-06,6.636845859977639e-06,normalized share,"normalized share × 1,000,000"
FT-Q-V01-108,sad,1959,6.5928229202733e-06,6.648711041777016e-06,normalized share,"normalized share × 1,000,000"
FT-Q-V01-108,sad,1960,6.376441321891135e-06,6.704189772411313e-06,normalized share,"normalized share × 1,000,000"
FT-Q-V01-108,sad,1961,6.433299695400574e-06,6.649279169715559e-06,normalized share,"normalized share × 1,000,000"
FT-Q-V01-108,sad,1962,6.640016012263161e-06,6.757118274329907e-06,normalized share,"normalized share × 1,000,000"
FT-Q-V01-108,sad,1963,7.142622896035011e-06,6.824070325770522e-06,normalized share,"normalized share × 1,000,000"
FT-Q-V01-108,sad,1964,6.453454533150715e-06,6.955599437578897e-06,normalized share,"normalized share × 1,000,000"
FT-Q-V01-108,sad,1965,7.661170541295448e-06,7.153484631548999e-06,normalized share,"normalized share × 1,000,000"
FT-Q-V01-108,sad,1966,7.061487280357603e-06,7.366589926011532e-06,normalized share,"normalized share × 1,000,000"
FT-Q-V01-108,sad,1967,7.297145104549763e-06,7.459451782547223e-06,normalized share,"normalized share × 1,000,000"
FT-Q-V01-108,sad,1968,7.818496053191293e-06,7.532793058302138e-06,normalized share,"normalized share × 1,000,000"
FT-Q-V01-108,sad,1969,8.131753073500891e-06,7.406504891054044e-06,normalized share,"normalized share × 1,000,000"
FT-Q-V01-108,sad,1970,7.79265589178485e-06,7.322977263614856e-06,normalized share,"normalized share × 1,000,000"
FT-Q-V01-108,sad,1971,6.966843463435124e-06,7.21907424443726e-06,normalized share,"normalized share × 1,000,000"
FT-Q-V01-108,sad,1972,6.777153370558786e-06,7.011895270677752e-06,normalized share,"normalized share × 1,000,000"
FT-Q-V01-108,sad,1973,6.476793888283289e-06,6.761865971504295e-06,normalized share,"normalized share × 1,000,000"
FT-Q-V01-108,sad,1974,6.569823970306587e-06,6.508877671929984e-06,normalized share,"normalized share × 1,000,000"
FT-Q-V01-108,sad,1975,6.368243236874738e-06,6.408194351358825e-06,normalized share,"normalized share × 1,000,000"
FT-Q-V01-108,sad,1976,6.381547979286695e-06,6.315723209431619e-06,normalized share,"normalized share × 1,000,000"
FT-Q-V01-108,sad,1977,6.02173779476467e-06,6.257145531863434e-06,normalized share,"normalized share × 1,000,000"
FT-Q-V01-108,sad,1978,6.26206021943701e-06,6.200454624999705e-06,normalized share,"normalized share × 1,000,000"
FT-Q-V01-108,sad,1979,6.129855377068338e-06,6.181424465853283e-06,normalized share,"normalized share × 1,000,000"
FT-Q-V01-108,sad,1980,6.066750145305999e-06,6.182904733146945e-06,normalized share,"normalized share × 1,000,000"
FT-Q-V01-108,sad,1981,6.172987622260484e-06,6.254496830216533e-06,normalized share,"normalized share × 1,000,000"
FT-Q-V01-108,sad,1982,6.235032122849787e-06,6.319901884554803e-06,normalized share,"normalized share × 1,000,000"
FT-Q-V01-108,sad,1983,6.391909850342326e-06,6.390173394106084e-06,normalized share,"normalized share × 1,000,000"
FT-Q-V01-108,sad,1984,6.522882474251784e-06,6.509849171584517e-06,normalized share,"normalized share × 1,000,000"
FT-Q-V01-108,sad,1985,6.719895599804904e-06,6.639772583256546e-06,normalized share,"normalized share × 1,000,000"
FT-Q-V01-108,sad,1986,6.621755943927304e-06,6.84066924678549e-06,normalized share,"normalized share × 1,000,000"
FT-Q-V01-108,sad,1987,6.904480587655026e-06,6.959570512850585e-06,normalized share,"normalized share × 1,000,000"
FT-Q-V01-108,sad,1988,7.082451503964693e-06,7.069890980911494e-06,normalized share,"normalized share × 1,000,000"
FT-Q-V01-108,sad,1989,7.641308767552396e-06,7.162398633463086e-06,normalized share,"normalized share × 1,000,000"
FT-Q-V01-108,sad,1990,7.224218712797992e-06,7.318845107929279e-06,normalized share,"normalized share × 1,000,000"
FT-Q-V01-108,sad,1991,7.295125750678144e-06,7.381750909285897e-06,normalized share,"normalized share × 1,000,000"
FT-Q-V01-108,sad,1992,7.367449167666046e-06,7.484534420298751e-06,normalized share,"normalized share × 1,000,000"
FT-Q-V01-108,sad,1993,7.716881265190656e-06,7.517515879871599e-06,normalized share,"normalized share × 1,000,000"
FT-Q-V01-108,sad,1994,7.344821197151352e-06,7.662353438681146e-06,normalized share,"normalized share × 1,000,000"
FT-Q-V01-108,sad,1995,7.801936081054672e-06,7.812503308668947e-06,normalized share,"normalized share × 1,000,000"
FT-Q-V01-108,sad,1996,7.872178984562328e-06,8.072983423299976e-06,normalized share,"normalized share × 1,000,000"
FT-Q-V01-108,sad,1997,8.238081624464821e-06,8.417839865385221e-06,normalized share,"normalized share × 1,000,000"
FT-Q-V01-108,sad,1998,8.346174840592746e-06,8.82740579859804e-06,normalized share,"normalized share × 1,000,000"
FT-Q-V01-108,sad,1999,9.190809970083258e-06,9.209602107913728e-06,normalized share,"normalized share × 1,000,000"
FT-Q-V01-108,sad,2000,1.013087635978738e-05,9.644417371824227e-06,normalized share,"normalized share × 1,000,000"
FT-Q-V01-108,sad,2001,1.021178272964107e-05,1.01246406273302e-05,normalized share,"normalized share × 1,000,000"
FT-Q-V01-108,sad,2002,1.04773102462645e-05,1.069958224394544e-05,normalized share,"normalized share × 1,000,000"
FT-Q-V01-108,sad,2003,1.091588583193581e-05,1.120122718080975e-05,normalized share,"normalized share × 1,000,000"
FT-Q-V01-108,sad,2004,1.159964441300662e-05,1.169381569383452e-05,normalized share,"normalized share × 1,000,000"
FT-Q-V01-108,sad,2005,1.237076615689947e-05,1.235365399717256e-05,normalized share,"normalized share × 1,000,000"
FT-Q-V01-108,sad,2006,1.270232452813339e-05,1.328981374409013e-05,normalized share,"normalized share × 1,000,000"
FT-Q-V01-108,sad,2007,1.357899595096079e-05,1.440324632487383e-05,normalized share,"normalized share × 1,000,000"
FT-Q-V01-108,sad,2008,1.48306508530073e-05,1.571045774160962e-05,normalized share,"normalized share × 1,000,000"
FT-Q-V01-108,sad,2009,1.70304284746875e-05,1.646106849182169e-05,normalized share,"normalized share × 1,000,000"
FT-Q-V01-108,sad,2010,1.870991389742171e-05,1.727701100665647e-05,normalized share,"normalized share × 1,000,000"
FT-Q-V01-108,sad,2011,2.075012433015722e-05,1.853537581726082e-05,normalized share,"normalized share × 1,000,000"
FT-Q-V01-108,sad,2012,1.762504140838395e-05,1.962287455107332e-05,normalized share,"normalized share × 1,000,000"
FT-Q-V01-108,sad,2013,1.841392213197679e-05,2.011667529734838e-05,normalized share,"normalized share × 1,000,000"
FT-Q-V01-108,sad,2014,2.238754962519129e-05,2.054597492931217e-05,normalized share,"normalized share × 1,000,000"
FT-Q-V01-108,sad,2015,2.244314198969477e-05,2.067834106998839e-05,normalized share,"normalized share × 1,000,000"
FT-Q-V01-108,sad,2016,2.048703369861293e-05,2.14170129835971e-05,normalized share,"normalized share × 1,000,000"
FT-Q-V01-108,sad,2017,2.171501132116824e-05,2.266487016151389e-05,normalized share,"normalized share × 1,000,000"
FT-Q-V01-108,sad,2018,2.167668731489075e-05,2.278069759559391e-05,normalized share,"normalized share × 1,000,000"
FT-Q-V01-108,sad,2019,2.279574480364491e-05,2.320435366833954e-05,normalized share,"normalized share × 1,000,000"
FT-Q-V01-108,sad,2020,2.714892237739436e-05,2.365724032996064e-05,normalized share,"normalized share × 1,000,000"
FT-Q-V01-108,sad,2021,2.319834166375143e-05,2.404568613171912e-05,normalized share,"normalized share × 1,000,000"
FT-Q-V01-108,sad,2022,2.540873449891415e-05,2.463793583592621e-05,normalized share,"normalized share × 1,000,000"
FT-Q-V01-143,guilt,1842,1.865798427758136e-05,1.948481809854741e-05,normalized share,"normalized share × 1,000,000"
FT-Q-V01-143,guilt,1843,1.962121253740179e-05,1.9190367706301e-05,normalized share,"normalized share × 1,000,000"
FT-Q-V01-143,guilt,1844,2.078726473087045e-05,1.882750019355228e-05,normalized share,"normalized share × 1,000,000"
FT-Q-V01-143,guilt,1845,1.887281084833603e-05,1.875436441929018e-05,normalized share,"normalized share × 1,000,000"
FT-Q-V01-143,guilt,1846,1.801256613731539e-05,1.872859900688338e-05,normalized share,"normalized share × 1,000,000"
FT-Q-V01-143,guilt,1847,1.701316262980868e-05,1.869968156802721e-05,normalized share,"normalized share × 1,000,000"
FT-Q-V01-143,guilt,1848,1.831554977371752e-05,1.805788899389427e-05,normalized share,"normalized share × 1,000,000"
FT-Q-V01-143,guilt,1849,1.84776263907338e-05,1.798261093404514e-05,normalized share,"normalized share × 1,000,000"
FT-Q-V01-143,guilt,1850,1.941879046540862e-05,1.775712995361849e-05,normalized share,"normalized share × 1,000,000"
FT-Q-V01-143,guilt,1851,1.629471671193983e-05,1.761462219006051e-05,normalized share,"normalized share × 1,000,000"
FT-Q-V01-143,guilt,1852,1.834586442939212e-05,1.720012572852576e-05,normalized share,"normalized share × 1,000,000"
FT-Q-V01-143,guilt,1853,1.643419927432888e-05,1.676222008382768e-05,normalized share,"normalized share × 1,000,000"
FT-Q-V01-143,guilt,1854,1.601560828490278e-05,1.613753707628364e-05,normalized share,"normalized share × 1,000,000"
FT-Q-V01-143,guilt,1855,1.541407454297428e-05,1.569327329623401e-05,normalized share,"normalized share × 1,000,000"
FT-Q-V01-143,guilt,1856,1.541228687784724e-05,1.530806329341772e-05,normalized share,"normalized share × 1,000,000"
FT-Q-V01-143,guilt,1857,1.504600941260037e-05,1.491066273219742e-05,normalized share,"normalized share × 1,000,000"
FT-Q-V01-143,guilt,1858,1.318487025159243e-05,1.449948576289931e-05,normalized share,"normalized share × 1,000,000"
FT-Q-V01-143,guilt,1859,1.564939440967805e-05,1.423705321913969e-05,normalized share,"normalized share × 1,000,000"
FT-Q-V01-143,guilt,1860,1.365239534578677e-05,1.378245879735118e-05,normalized share,"normalized share × 1,000,000"
FT-Q-V01-143,guilt,1861,1.313736949981603e-05,1.332015643232662e-05,normalized share,"normalized share × 1,000,000"
FT-Q-V01-143,guilt,1862,1.357704673665694e-05,1.316987900322277e-05,normalized share,"normalized share × 1,000,000"
FT-Q-V01-143,guilt,1863,1.223012592532768e-05,1.262989611002955e-05,normalized share,"normalized share × 1,000,000"
FT-Q-V01-143,guilt,1864,1.180989285742839e-05,1.226989193900011e-05,normalized share,"normalized share × 1,000,000"
FT-Q-V01-143,guilt,1865,1.213292824786549e-05,1.201998768323482e-05,normalized share,"normalized share × 1,000,000"
FT-Q-V01-143,guilt,1866,1.186951415732551e-05,1.157488500191928e-05,normalized share,"normalized share × 1,000,000"
FT-Q-V01-143,guilt,1867,1.113236614858071e-05,1.12679624875949e-05,normalized share,"normalized share × 1,000,000"
FT-Q-V01-143,guilt,1868,1.138803970945901e-05,1.093919130588729e-05,normalized share,"normalized share × 1,000,000"
FT-Q-V01-143,guilt,1869,1.046132796744814e-05,1.052681424868711e-05,normalized share,"normalized share × 1,000,000"
FT-Q-V01-143,guilt,1870,1.008166832505708e-05,1.018305201350156e-05,normalized share,"normalized share × 1,000,000"
FT-Q-V01-143,guilt,1871,9.508494585475091e-06,9.788397945139796e-06,normalized share,"normalized share × 1,000,000"
FT-Q-V01-143,guilt,1872,9.246288847464257e-06,9.385435068612732e-06,normalized share,"normalized share × 1,000,000"
FT-Q-V01-143,guilt,1873,9.463178511026626e-06,9.085087311281167e-06,normalized share,"normalized share × 1,000,000"
FT-Q-V01-143,guilt,1874,8.369787670048368e-06,8.754046296743923e-06,normalized share,"normalized share × 1,000,000"
FT-Q-V01-143,guilt,1875,8.56729957376956e-06,8.429833903176944e-06,normalized share,"normalized share × 1,000,000"
FT-Q-V01-143,guilt,1876,8.358893666127187e-06,8.136146641238692e-06,normalized share,"normalized share × 1,000,000"
FT-Q-V01-143,guilt,1877,7.764381223296368e-06,7.88447794291309e-06,normalized share,"normalized share × 1,000,000"
FT-Q-V01-143,guilt,1878,7.239007830506239e-06,7.707518387586479e-06,normalized share,"normalized share × 1,000,000"
FT-Q-V01-143,guilt,1879,7.190478013896495e-06,7.504116743614223e-06,normalized share,"normalized share × 1,000,000"
FT-Q-V01-143,guilt,1880,7.701497622747411e-06,7.323895442874166e-06,normalized share,"normalized share × 1,000,000"
FT-Q-V01-143,guilt,1881,7.131070782762094e-06,7.236230813286884e-06,normalized share,"normalized share × 1,000,000"
FT-Q-V01-143,guilt,1882,7.143488065963766e-06,7.164130139411132e-06,normalized share,"normalized share × 1,000,000"
FT-Q-V01-143,guilt,1883,7.097344560946794e-06,7.142610918973803e-06,normalized share,"normalized share × 1,000,000"
FT-Q-V01-143,guilt,1884,7.150728816185392e-06,7.05152775256782e-06,normalized share,"normalized share × 1,000,000"
FT-Q-V01-143,guilt,1885,6.734303113375972e-06,6.945850722266707e-06,normalized share,"normalized share × 1,000,000"
FT-Q-V01-143,guilt,1886,7.039843470835194e-06,6.816910447428524e-06,normalized share,"normalized share × 1,000,000"
FT-Q-V01-143,guilt,1887,7.063915457905523e-06,6.704307458907774e-06,normalized share,"normalized share × 1,000,000"
FT-Q-V01-143,guilt,1888,6.391331570654302e-06,6.497223480244381e-06,normalized share,"normalized share × 1,000,000"
FT-Q-V01-143,guilt,1889,6.240906142096492e-06,6.44810588796523e-06,normalized share,"normalized share × 1,000,000"
FT-Q-V01-143,guilt,1890,6.309123641301539e-06,6.181096243348552e-06,normalized share,"normalized share × 1,000,000"
FT-Q-V01-143,guilt,1891,5.70114096554164e-06,5.999711641533979e-06,normalized share,"normalized share × 1,000,000"
FT-Q-V01-143,guilt,1892,6.390479967421925e-06,5.873174870631358e-06,normalized share,"normalized share × 1,000,000"
FT-Q-V01-143,guilt,1893,5.170775958518448e-06,5.843786575405423e-06,normalized share,"normalized share × 1,000,000"
FT-Q-V01-143,guilt,1894,5.794223245203511e-06,5.696249796167356e-06,normalized share,"normalized share × 1,000,000"
FT-Q-V01-143,guilt,1895,5.505574174335948e-06,5.646146090601942e-06,normalized share,"normalized share × 1,000,000"
FT-Q-V01-143,guilt,1896,6.035188075514952e-06,5.678763099632127e-06,normalized share,"normalized share × 1,000,000"
FT-Q-V01-143,guilt,1897,5.276366186635073e-06,5.711555748482462e-06,normalized share,"normalized share × 1,000,000"
FT-Q-V01-143,guilt,1898,5.350415026583732e-06,5.615019300060047e-06,normalized share,"normalized share × 1,000,000"
FT-Q-V01-143,guilt,1899,6.618799030633227e-06,5.500200647696423e-06,normalized share,"normalized share × 1,000,000"
FT-Q-V01-143,guilt,1900,5.400324500470788e-06,5.265028418323579e-06,normalized share,"normalized share × 1,000,000"
FT-Q-V01-143,guilt,1901,5.11846810624661e-06,5.175284134953781e-06,normalized share,"normalized share × 1,000,000"
FT-Q-V01-143,guilt,1902,4.701843607790579e-06,5.090475232703641e-06,normalized share,"normalized share × 1,000,000"
FT-Q-V01-143,guilt,1903,4.388982469905045e-06,4.815412323872741e-06,normalized share,"normalized share × 1,000,000"
FT-Q-V01-143,guilt,1904,4.648156203046483e-06,4.693696171033577e-06,normalized share,"normalized share × 1,000,000"
FT-Q-V01-143,guilt,1905,4.756752710832757e-06,4.663451469306372e-06,normalized share,"normalized share × 1,000,000"
FT-Q-V01-143,guilt,1906,4.693358668816927e-06,4.606887856338306e-06,normalized share,"normalized share × 1,000,000"
FT-Q-V01-143,guilt,1907,4.548311430596641e-06,4.6081530487336e-06,normalized share,"normalized share × 1,000,000"
FT-Q-V01-143,guilt,1908,4.906755194156176e-06,4.605325124933708e-06,normalized share,"normalized share × 1,000,000"
FT-Q-V01-143,guilt,1909,4.305898317014112e-06,4.558926142245971e-06,normalized share,"normalized share × 1,000,000"
FT-Q-V01-143,guilt,1910,4.397838816672106e-06,4.441529591099018e-06,normalized share,"normalized share × 1,000,000"
FT-Q-V01-143,guilt,1911,4.628360736447235e-06,4.404568147415537e-06,normalized share,"normalized share × 1,000,000"
FT-Q-V01-143,guilt,1912,4.431959832018606e-06,4.295218464329358e-06,normalized share,"normalized share × 1,000,000"
FT-Q-V01-143,guilt,1913,3.871582810788254e-06,4.232360087793755e-06,normalized share,"normalized share × 1,000,000"
FT-Q-V01-143,guilt,1914,4.289581324812275e-06,4.104399441270548e-06,normalized share,"normalized share × 1,000,000"
FT-Q-V01-143,guilt,1915,4.141307412552919e-06,3.977169633882584e-06,normalized share,"normalized share × 1,000,000"
FT-Q-V01-143,guilt,1916,3.865889681264889e-06,3.896131865133157e-06,normalized share,"normalized share × 1,000,000"
FT-Q-V01-143,guilt,1917,3.502114291009661e-06,3.842495390823533e-06,normalized share,"normalized share × 1,000,000"
FT-Q-V01-143,guilt,1918,3.737752084731483e-06,3.764157233021592e-06,normalized share,"normalized share × 1,000,000"
FT-Q-V01-143,guilt,1919,3.864695450772615e-06,3.748205661783085e-06,normalized share,"normalized share × 1,000,000"
FT-Q-V01-143,guilt,1920,3.496127490620893e-06,3.729222926653262e-06,normalized share,"normalized share × 1,000,000"
FT-Q-V01-143,guilt,1921,3.741214220198685e-06,3.785559484928821e-06,normalized share,"normalized share × 1,000,000"
FT-Q-V01-143,guilt,1922,4.02964641388337e-06,3.787262347795409e-06,normalized share,"normalized share × 1,000,000"
FT-Q-V01-143,guilt,1923,3.733010535356129e-06,3.744351513722861e-06,normalized share,"normalized share × 1,000,000"
FT-Q-V01-143,guilt,1924,3.896470198938573e-06,3.798234792767863e-06,normalized share,"normalized share × 1,000,000"
FT-Q-V01-143,guilt,1925,3.749672124797598e-06,3.873626593506715e-06,normalized share,"normalized share × 1,000,000"
FT-Q-V01-143,guilt,1926,3.564319612264777e-06,3.833173810795827e-06,normalized share,"normalized share × 1,000,000"
FT-Q-V01-143,guilt,1927,3.873310443935907e-06,3.774310883057432e-06,normalized share,"normalized share × 1,000,000"
FT-Q-V01-143,guilt,1928,4.268956825370651e-06,3.717320074033058e-06,normalized share,"normalized share × 1,000,000"
FT-Q-V01-143,guilt,1929,3.74647693490715e-06,3.788015116995558e-06,normalized share,"normalized share × 1,000,000"
FT-Q-V01-143,guilt,1930,3.320970041187365e-06,3.803220317653645e-06,normalized share,"normalized share × 1,000,000"
FT-Q-V01-143,guilt,1931,3.497534535767954e-06,3.786735120700094e-06,normalized share,"normalized share × 1,000,000"
FT-Q-V01-143,guilt,1932,4.2445374255351e-06,3.677971647551649e-06,normalized share,"normalized share × 1,000,000"
FT-Q-V01-143,guilt,1933,3.67075601687139e-06,4.028518448789027e-06,normalized share,"normalized share × 1,000,000"
FT-Q-V01-143,guilt,1934,3.757914065261048e-06,4.059513956251275e-06,normalized share,"normalized share × 1,000,000"
FT-Q-V01-143,guilt,1935,3.507612513331537e-06,4.059324283898055e-06,normalized share,"normalized share × 1,000,000"
FT-Q-V01-143,guilt,1936,6.200304543568791e-06,3.990628728495205e-06,normalized share,"normalized share × 1,000,000"
FT-Q-V01-143,guilt,1937,3.537938593423107e-06,4.026343604702458e-06,normalized share,"normalized share × 1,000,000"
FT-Q-V01-143,guilt,1938,3.496206829295412e-06,3.989819099631253e-06,normalized share,"normalized share × 1,000,000"
FT-Q-V01-143,guilt,1939,3.763668537715148e-06,4.044300507714617e-06,normalized share,"normalized share × 1,000,000"
FT-Q-V01-143,guilt,1940,3.920760150322167e-06,3.843230983001973e-06,normalized share,"normalized share × 1,000,000"
FT-Q-V01-143,guilt,1941,3.502242529762611e-06,3.914135361656111e-06,normalized share,"normalized share × 1,000,000"
FT-Q-V01-143,guilt,1942,3.888982369915084e-06,4.005835942574468e-06,normalized share,"normalized share × 1,000,000"
FT-Q-V01-143,guilt,1943,4.792817870580279e-06,4.131446193917603e-06,normalized share,"normalized share × 1,000,000"
FT-Q-V01-143,guilt,1944,4.034269244002076e-06,4.256252524521236e-06,normalized share,"normalized share × 1,000,000"
FT-Q-V01-143,guilt,1945,4.138110895723912e-06,4.506644119133382e-06,normalized share,"normalized share × 1,000,000"
FT-Q-V01-143,guilt,1946,4.642940297117093e-06,4.756407972161615e-06,normalized share,"normalized share × 1,000,000"
FT-Q-V01-143,guilt,1947,4.794404464547597e-06,4.772023466075423e-06,normalized share,"normalized share × 1,000,000"
FT-Q-V01-143,guilt,1948,5.254983692047632e-06,5.039255442559303e-06,normalized share,"normalized share × 1,000,000"
FT-Q-V01-143,guilt,1949,5.637329341112718e-06,5.185469812639002e-06,normalized share,"normalized share × 1,000,000"
FT-Q-V01-143,guilt,1950,4.90212632797693e-06,5.29027260003982e-06,normalized share,"normalized share × 1,000,000"
FT-Q-V01-143,guilt,1951,5.90489307938924e-06,5.384809830401294e-06,normalized share,"normalized share × 1,000,000"
FT-Q-V01-143,guilt,1952,5.161611486281803e-06,5.393645026171726e-06,normalized share,"normalized share × 1,000,000"
FT-Q-V01-143,guilt,1953,5.376559808922821e-06,5.349561112509362e-06,normalized share,"normalized share × 1,000,000"
FT-Q-V01-143,guilt,1954,5.456165077077912e-06,5.422137309751829e-06,normalized share,"normalized share × 1,000,000"
FT-Q-V01-143,guilt,1955,5.316830062440658e-06,5.298836899980675e-06,normalized share,"normalized share × 1,000,000"
FT-Q-V01-143,guilt,1956,5.328741945476168e-06,5.296655668071296e-06,normalized share,"normalized share × 1,000,000"
FT-Q-V01-143,guilt,1957,5.4101597086742e-06,5.299198215830929e-06,normalized share,"normalized share × 1,000,000"
FT-Q-V01-143,guilt,1958,5.041790210991159e-06,5.297838686706731e-06,normalized share,"normalized share × 1,000,000"
FT-Q-V01-143,guilt,1959,5.146342862916153e-06,5.355872154515813e-06,normalized share,"normalized share × 1,000,000"
FT-Q-V01-143,guilt,1960,5.394357643240255e-06,5.419649442728325e-06,normalized share,"normalized share × 1,000,000"
FT-Q-V01-143,guilt,1961,5.446648373208518e-06,5.522521339887795e-06,normalized share,"normalized share × 1,000,000"
FT-Q-V01-143,guilt,1962,5.723064337104233e-06,5.767109439948943e-06,normalized share,"normalized share × 1,000,000"
FT-Q-V01-143,guilt,1963,5.775182962963754e-06,6.113887021842933e-06,normalized share,"normalized share × 1,000,000"
FT-Q-V01-143,guilt,1964,6.130262988790491e-06,6.310723643257862e-06,normalized share,"normalized share × 1,000,000"
FT-Q-V01-143,guilt,1965,6.753906911419194e-06,6.523079769592068e-06,normalized share,"normalized share × 1,000,000"
FT-Q-V01-143,guilt,1966,7.573785936174082e-06,6.797336083505126e-06,normalized share,"normalized share × 1,000,000"
FT-Q-V01-143,guilt,1967,6.77221399314476e-06,7.043551820112649e-06,normalized share,"normalized share × 1,000,000"
FT-Q-V01-143,guilt,1968,6.933141257547959e-06,7.293934500542902e-06,normalized share,"normalized share × 1,000,000"
FT-Q-V01-143,guilt,1969,7.642858534495645e-06,7.440645527547017e-06,normalized share,"normalized share × 1,000,000"
FT-Q-V01-143,guilt,1970,7.498693119216415e-06,7.388798186623976e-06,normalized share,"normalized share × 1,000,000"
FT-Q-V01-143,guilt,1971,7.882941751802264e-06,7.512720554863985e-06,normalized share,"normalized share × 1,000,000"
FT-Q-V01-143,guilt,1972,7.780884100447999e-06,7.535843470994916e-06,normalized share,"normalized share × 1,000,000"
FT-Q-V01-143,guilt,1973,7.210854549712792e-06,7.433598744710204e-06,normalized share,"normalized share × 1,000,000"
FT-Q-V01-143,guilt,1974,7.639670570824819e-06,7.372068586425263e-06,normalized share,"normalized share × 1,000,000"
FT-Q-V01-143,guilt,1975,7.095001670464479e-06,7.288687796153005e-06,normalized share,"normalized share × 1,000,000"
FT-Q-V01-143,guilt,1976,6.927145450502659e-06,7.224823897875639e-06,normalized share,"normalized share × 1,000,000"
FT-Q-V01-143,guilt,1977,7.067982011221829e-06,7.220493977101033e-06,normalized share,"normalized share × 1,000,000"
FT-Q-V01-143,guilt,1978,7.299276219896456e-06,7.256343490173436e-06,normalized share,"normalized share × 1,000,000"
FT-Q-V01-143,guilt,1979,7.333836812506433e-06,7.382293118065755e-06,normalized share,"normalized share × 1,000,000"
FT-Q-V01-143,guilt,1980,7.180545104290559e-06,7.469584522214388e-06,normalized share,"normalized share × 1,000,000"
FT-Q-V01-143,guilt,1981,7.890617162331637e-06,7.63199543537699e-06,normalized share,"normalized share × 1,000,000"
FT-Q-V01-143,guilt,1982,7.976649065710717e-06,7.727003471862709e-06,normalized share,"normalized share × 1,000,000"
FT-Q-V01-143,guilt,1983,7.538185279543086e-06,7.788059419462051e-06,normalized share,"normalized share × 1,000,000"
FT-Q-V01-143,guilt,1984,8.204858403360049e-06,7.924534713765752e-06,normalized share,"normalized share × 1,000,000"
FT-Q-V01-143,guilt,1985,7.964332475296487e-06,7.961769079705456e-06,normalized share,"normalized share × 1,000,000"
FT-Q-V01-143,guilt,1986,7.761228445701818e-06,8.074720609972763e-06,normalized share,"normalized share × 1,000,000"
FT-Q-V01-143,guilt,1987,8.135872164416469e-06,8.19182068183415e-06,normalized share,"normalized share × 1,000,000"
FT-Q-V01-143,guilt,1988,8.151257723909566e-06,8.214537081155779e-06,normalized share,"normalized share × 1,000,000"
FT-Q-V01-143,guilt,1989,8.767309777581861e-06,8.283667881507342e-06,normalized share,"normalized share × 1,000,000"
FT-Q-V01-143,guilt,1990,8.357885782572794e-06,8.348598742397711e-06,normalized share,"normalized share × 1,000,000"
FT-Q-V01-143,guilt,1991,8.363873198611455e-06,8.369356467593178e-06,normalized share,"normalized share × 1,000,000"
FT-Q-V01-143,guilt,1992,8.448248077757431e-06,8.371615029184895e-06,normalized share,"normalized share × 1,000,000"
FT-Q-V01-143,guilt,1993,8.215744471934405e-06,8.317993666497048e-06,normalized share,"normalized share × 1,000,000"
FT-Q-V01-143,guilt,1994,8.281176240784727e-06,8.332152031874473e-06,normalized share,"normalized share × 1,000,000"
FT-Q-V01-143,guilt,1995,8.167067655051596e-06,8.441566651201065e-06,normalized share,"normalized share × 1,000,000"
FT-Q-V01-143,guilt,1996,8.391960238766927e-06,8.563121799884288e-06,normalized share,"normalized share × 1,000,000"
FT-Q-V01-143,guilt,1997,8.456994340214768e-06,8.764342576467088e-06,normalized share,"normalized share × 1,000,000"
FT-Q-V01-143,guilt,1998,9.129775533897599e-06,8.948227462227815e-06,normalized share,"normalized share × 1,000,000"
FT-Q-V01-143,guilt,1999,9.299134118539998e-06,9.15481833920474e-06,normalized share,"normalized share × 1,000,000"
FT-Q-V01-143,guilt,2000,9.624289908014005e-06,9.30804048918446e-06,normalized share,"normalized share × 1,000,000"
FT-Q-V01-143,guilt,2001,9.568370441109808e-06,9.564463477701259e-06,normalized share,"normalized share × 1,000,000"
FT-Q-V01-143,guilt,2002,9.613203793890079e-06,9.750447105249488e-06,normalized share,"normalized share × 1,000,000"
FT-Q-V01-143,guilt,2003,9.464515288624964e-06,9.941856316298045e-06,normalized share,"normalized share × 1,000,000"
FT-Q-V01-143,guilt,2004,1.025195525983236e-05,1.018122346130499e-05,normalized share,"normalized share × 1,000,000"
FT-Q-V01-143,guilt,2005,1.04316609267352e-05,1.048103041082136e-05,normalized share,"normalized share × 1,000,000"
FT-Q-V01-143,guilt,2006,1.063899859587991e-05,1.110870456227137e-05,normalized share,"normalized share × 1,000,000"
FT-Q-V01-143,guilt,2007,1.129985992306265e-05,1.187717830343691e-05,normalized share,"normalized share × 1,000,000"
FT-Q-V01-143,guilt,2008,1.166701908772438e-05,1.265943075900999e-05,normalized share,"normalized share × 1,000,000"
FT-Q-V01-143,guilt,2009,1.400692285404015e-05,1.313003170465982e-05,normalized share,"normalized share × 1,000,000"
FT-Q-V01-143,guilt,2010,1.484383147678375e-05,1.370822882151151e-05,normalized share,"normalized share × 1,000,000"
FT-Q-V01-143,guilt,2011,1.572772244884391e-05,1.456693163009012e-05,normalized share,"normalized share × 1,000,000"
FT-Q-V01-143,guilt,2012,1.372586754628397e-05,1.53918033951416e-05,normalized share,"normalized share × 1,000,000"
FT-Q-V01-143,guilt,2013,1.468637841384179e-05,1.573888314641043e-05,normalized share,"normalized share × 1,000,000"
FT-Q-V01-143,guilt,2014,1.731077958311289e-05,1.603969659282948e-05,normalized share,"normalized share × 1,000,000"
FT-Q-V01-143,guilt,2015,1.744112144308474e-05,1.632372714936417e-05,normalized share,"normalized share × 1,000,000"
FT-Q-V01-143,guilt,2016,1.643648111292195e-05,1.681087228912193e-05,normalized share,"normalized share × 1,000,000"
FT-Q-V01-143,guilt,2017,1.694952560171714e-05,1.718150427766382e-05,normalized share,"normalized share × 1,000,000"
FT-Q-V01-143,guilt,2018,1.771593634458668e-05,1.71810423589066e-05,normalized share,"normalized share × 1,000,000"
FT-Q-V01-143,guilt,2019,1.713588352458828e-05,1.709125367092983e-05,normalized share,"normalized share × 1,000,000"
FT-Q-V01-143,guilt,2020,1.728080233363502e-05,1.720038243059781e-05,normalized share,"normalized share × 1,000,000"
FT-Q-V01-143,guilt,2021,1.73075461518124e-05,1.725055379637394e-05,normalized share,"normalized share × 1,000,000"
FT-Q-V01-143,guilt,2022,1.681260062724732e-05,1.713420815932076e-05,normalized share,"normalized share × 1,000,000"
