query_id,surface_form,year,raw_normalized_frequency,smoothed_radius_3_frequency,raw_scale,display_scale
FT-Q-V01-001,temperature,1842,3.817854639009965e-05,3.556259241623005e-05,normalized share,"normalized share × 1,000,000"
FT-Q-V01-001,temperature,1843,3.241586397306762e-05,3.41765307869335e-05,normalized share,"normalized share × 1,000,000"
FT-Q-V01-001,temperature,1844,3.196553362144749e-05,3.351411144130364e-05,normalized share,"normalized share × 1,000,000"
FT-Q-V01-001,temperature,1845,3.969042568030545e-05,3.369094201870006e-05,normalized share,"normalized share × 1,000,000"
FT-Q-V01-001,temperature,1846,2.863228426974729e-05,3.277095280779241e-05,normalized share,"normalized share × 1,000,000"
FT-Q-V01-001,temperature,1847,3.020201471315431e-05,3.282379118305486e-05,normalized share,"normalized share × 1,000,000"
FT-Q-V01-001,temperature,1848,3.475192548307859e-05,3.279500216787515e-05,normalized share,"normalized share × 1,000,000"
FT-Q-V01-001,temperature,1849,3.17386219137461e-05,3.173487865031276e-05,normalized share,"normalized share × 1,000,000"
FT-Q-V01-001,temperature,1850,3.27857325999048e-05,3.269532271755431e-05,normalized share,"normalized share × 1,000,000"
FT-Q-V01-001,temperature,1851,3.176401051518951e-05,3.319389680158023e-05,normalized share,"normalized share × 1,000,000"
FT-Q-V01-001,temperature,1852,3.226956105736867e-05,3.367372388457524e-05,normalized share,"normalized share × 1,000,000"
FT-Q-V01-001,temperature,1853,3.53553927404382e-05,3.397066973077305e-05,normalized share,"normalized share × 1,000,000"
FT-Q-V01-001,temperature,1854,3.369203330133574e-05,3.46659579424448e-05,normalized share,"normalized share × 1,000,000"
FT-Q-V01-001,temperature,1855,3.811071506404362e-05,3.581679868781234e-05,normalized share,"normalized share × 1,000,000"
FT-Q-V01-001,temperature,1856,3.381724283713083e-05,3.648677651286022e-05,normalized share,"normalized share × 1,000,000"
FT-Q-V01-001,temperature,1857,3.765275008160707e-05,3.752630618906024e-05,normalized share,"normalized share × 1,000,000"
FT-Q-V01-001,temperature,1858,3.981989573276223e-05,3.890662688143294e-05,normalized share,"normalized share × 1,000,000"
FT-Q-V01-001,temperature,1859,3.695940583270385e-05,3.900791002884953e-05,normalized share,"normalized share × 1,000,000"
FT-Q-V01-001,temperature,1860,4.263210047383836e-05,4.00005776637981e-05,normalized share,"normalized share × 1,000,000"
FT-Q-V01-001,temperature,1861,4.335427814794457e-05,4.050374388141011e-05,normalized share,"normalized share × 1,000,000"
FT-Q-V01-001,temperature,1862,3.881969709595978e-05,4.025564795386215e-05,normalized share,"normalized share × 1,000,000"
FT-Q-V01-001,temperature,1863,4.076591628177084e-05,4.05784244037477e-05,normalized share,"normalized share × 1,000,000"
FT-Q-V01-001,temperature,1864,4.117491360489112e-05,4.032040768363133e-05,normalized share,"normalized share × 1,000,000"
FT-Q-V01-001,temperature,1865,3.808322423992649e-05,3.973475460026878e-05,normalized share,"normalized share × 1,000,000"
FT-Q-V01-001,temperature,1866,3.921884098190276e-05,4.06172171990095e-05,normalized share,"normalized share × 1,000,000"
FT-Q-V01-001,temperature,1867,4.082598343302379e-05,4.100104619061169e-05,normalized share,"normalized share × 1,000,000"
FT-Q-V01-001,temperature,1868,3.925470656440666e-05,4.281576253455298e-05,normalized share,"normalized share × 1,000,000"
FT-Q-V01-001,temperature,1869,4.499693528714488e-05,4.514401276107091e-05,normalized share,"normalized share × 1,000,000"
FT-Q-V01-001,temperature,1870,4.34527192229861e-05,4.71600864429584e-05,normalized share,"normalized share × 1,000,000"
FT-Q-V01-001,temperature,1871,5.387792801248015e-05,4.942048569308339e-05,normalized share,"normalized share × 1,000,000"
FT-Q-V01-001,temperature,1872,5.438097582555201e-05,5.264957246730754e-05,normalized share,"normalized share × 1,000,000"
FT-Q-V01-001,temperature,1873,5.333135675511524e-05,5.565316308797245e-05,normalized share,"normalized share × 1,000,000"
FT-Q-V01-001,temperature,1874,5.664877818389868e-05,5.905557293577652e-05,normalized share,"normalized share × 1,000,000"
FT-Q-V01-001,temperature,1875,6.185831398397568e-05,6.052330356232094e-05,normalized share,"normalized share × 1,000,000"
FT-Q-V01-001,temperature,1876,6.602206963179924e-05,6.223839185262989e-05,normalized share,"normalized share × 1,000,000"
FT-Q-V01-001,temperature,1877,6.726958815761463e-05,6.379350730867372e-05,normalized share,"normalized share × 1,000,000"
FT-Q-V01-001,temperature,1878,6.415204239829109e-05,6.472014749508188e-05,normalized share,"normalized share × 1,000,000"
FT-Q-V01-001,temperature,1879,6.638659385771462e-05,6.448691657631336e-05,normalized share,"normalized share × 1,000,000"
FT-Q-V01-001,temperature,1880,6.421716494742213e-05,6.444013975777374e-05,normalized share,"normalized share × 1,000,000"
FT-Q-V01-001,temperature,1881,6.313525948875576e-05,6.430611340374481e-05,normalized share,"normalized share × 1,000,000"
FT-Q-V01-001,temperature,1882,6.02256975525961e-05,6.491420822015068e-05,normalized share,"normalized share × 1,000,000"
FT-Q-V01-001,temperature,1883,6.569463190202185e-05,6.479786325801405e-05,normalized share,"normalized share × 1,000,000"
FT-Q-V01-001,temperature,1884,6.633140367941215e-05,6.481646472884199e-05,normalized share,"normalized share × 1,000,000"
FT-Q-V01-001,temperature,1885,6.840870611313221e-05,6.550456366789406e-05,normalized share,"normalized share × 1,000,000"
FT-Q-V01-001,temperature,1886,6.557217912275815e-05,6.74149244266917e-05,normalized share,"normalized share × 1,000,000"
FT-Q-V01-001,temperature,1887,6.434737524321776e-05,6.828255883124603e-05,normalized share,"normalized share × 1,000,000"
FT-Q-V01-001,temperature,1888,6.795195206212024e-05,6.880551191650835e-05,normalized share,"normalized share × 1,000,000"
FT-Q-V01-001,temperature,1889,7.359822286417961e-05,6.922226909714708e-05,normalized share,"normalized share × 1,000,000"
FT-Q-V01-001,temperature,1890,7.176807273390207e-05,6.982940953198315e-05,normalized share,"normalized share × 1,000,000"
FT-Q-V01-001,temperature,1891,6.99920752762484e-05,7.118537536033349e-05,normalized share,"normalized share × 1,000,000"
FT-Q-V01-001,temperature,1892,7.132600637760333e-05,7.192007716147673e-05,normalized share,"normalized share × 1,000,000"
FT-Q-V01-001,temperature,1893,6.982216216661064e-05,7.072013791970968e-05,normalized share,"normalized share × 1,000,000"
FT-Q-V01-001,temperature,1894,7.383913604167014e-05,7.017562369687163e-05,normalized share,"normalized share × 1,000,000"
FT-Q-V01-001,temperature,1895,7.309486467012294e-05,7.011038276815667e-05,normalized share,"normalized share × 1,000,000"
FT-Q-V01-001,temperature,1896,6.519864817181031e-05,6.931474785827023e-05,normalized share,"normalized share × 1,000,000"
FT-Q-V01-001,temperature,1897,6.795647317403564e-05,6.858084611641566e-05,normalized share,"normalized share × 1,000,000"
FT-Q-V01-001,temperature,1898,6.953538877524368e-05,6.667394022396736e-05,normalized share,"normalized share × 1,000,000"
FT-Q-V01-001,temperature,1899,6.57565620083983e-05,6.632199859329748e-05,normalized share,"normalized share × 1,000,000"
FT-Q-V01-001,temperature,1900,6.468484997362856e-05,6.64258119374646e-05,normalized share,"normalized share × 1,000,000"
FT-Q-V01-001,temperature,1901,6.049079479453212e-05,6.674112186376424e-05,normalized share,"normalized share × 1,000,000"
FT-Q-V01-001,temperature,1902,7.063127325543372e-05,6.683777411269968e-05,normalized share,"normalized share × 1,000,000"
FT-Q-V01-001,temperature,1903,6.592534158098018e-05,6.768160895029098e-05,normalized share,"normalized share × 1,000,000"
FT-Q-V01-001,temperature,1904,7.016364265813313e-05,6.878184671166894e-05,normalized share,"normalized share × 1,000,000"
FT-Q-V01-001,temperature,1905,7.021195451779177e-05,7.068937366234786e-05,normalized share,"normalized share × 1,000,000"
FT-Q-V01-001,temperature,1906,7.166340587153736e-05,7.066242852705027e-05,normalized share,"normalized share × 1,000,000"
FT-Q-V01-001,temperature,1907,7.238651430327425e-05,7.250523438742959e-05,normalized share,"normalized share × 1,000,000"
FT-Q-V01-001,temperature,1908,7.38434834492846e-05,7.372047801233045e-05,normalized share,"normalized share × 1,000,000"
FT-Q-V01-001,temperature,1909,7.044265730835053e-05,7.519078758771011e-05,normalized share,"normalized share × 1,000,000"
FT-Q-V01-001,temperature,1910,7.882498260363552e-05,7.633819089721985e-05,normalized share,"normalized share × 1,000,000"
FT-Q-V01-001,temperature,1911,7.867034803243911e-05,7.666709595595103e-05,normalized share,"normalized share × 1,000,000"
FT-Q-V01-001,temperature,1912,8.050412154544939e-05,7.660348937053366e-05,normalized share,"normalized share × 1,000,000"
FT-Q-V01-001,temperature,1913,7.969522903810561e-05,7.742572075114232e-05,normalized share,"normalized share × 1,000,000"
FT-Q-V01-001,temperature,1914,7.468884971439244e-05,7.660073835182024e-05,normalized share,"normalized share × 1,000,000"
FT-Q-V01-001,temperature,1915,7.339823735136308e-05,7.619702850814135e-05,normalized share,"normalized share × 1,000,000"
FT-Q-V01-001,temperature,1916,7.619827697261106e-05,7.641610194083551e-05,normalized share,"normalized share × 1,000,000"
FT-Q-V01-001,temperature,1917,7.305010580838101e-05,7.679643758806301e-05,normalized share,"normalized share × 1,000,000"
FT-Q-V01-001,temperature,1918,7.58443791266869e-05,7.899921543920441e-05,normalized share,"normalized share × 1,000,000"
FT-Q-V01-001,temperature,1919,8.203763557430854e-05,8.172746669952593e-05,normalized share,"normalized share × 1,000,000"
FT-Q-V01-001,temperature,1920,8.235757856869808e-05,8.552727280180587e-05,normalized share,"normalized share × 1,000,000"
FT-Q-V01-001,temperature,1921,9.010829467238218e-05,8.85041183991696e-05,normalized share,"normalized share × 1,000,000"
FT-Q-V01-001,temperature,1922,9.249599617361381e-05,9.131319932770474e-05,normalized share,"normalized share × 1,000,000"
FT-Q-V01-001,temperature,1923,0.0001027969196885706,9.3463850569583e-05,normalized share,"normalized share × 1,000,000"
FT-Q-V01-001,temperature,1924,9.38880249899271e-05,9.572149896444417e-05,normalized share,"normalized share × 1,000,000"
FT-Q-V01-001,temperature,1925,9.550794562643294e-05,9.741706411816459e-05,normalized share,"normalized share × 1,000,000"
FT-Q-V01-001,temperature,1926,9.70921942674563e-05,9.83201281008295e-05,normalized share,"normalized share × 1,000,000"
FT-Q-V01-001,temperature,1927,9.816111733272626e-05,9.789926315605201e-05,normalized share,"normalized share × 1,000,000"
FT-Q-V01-001,temperature,1928,0.0001019772507484251,9.902604092458324e-05,normalized share,"normalized share × 1,000,000"
FT-Q-V01-001,temperature,1929,9.881744405226822e-05,0.0001004600835388828,normalized share,"normalized share × 1,000,000"
FT-Q-V01-001,temperature,1930,9.985086507512814e-05,0.000101066194609502,normalized share,"normalized share × 1,000,000"
FT-Q-V01-001,temperature,1931,0.0001017754693696457,0.0001010922821817532,normalized share,"normalized share × 1,000,000"
FT-Q-V01-001,temperature,1932,0.0001055462439265298,0.0001002431019455986,normalized share,"normalized share × 1,000,000"
FT-Q-V01-001,temperature,1933,0.0001013349717617906,9.808763625201306e-05,normalized share,"normalized share × 1,000,000"
FT-Q-V01-001,temperature,1934,9.834373033848487e-05,9.773038162971617e-05,normalized share,"normalized share × 1,000,000"
FT-Q-V01-001,temperature,1935,9.603298909534319e-05,9.856227530345013e-05,normalized share,"normalized share × 1,000,000"
FT-Q-V01-001,temperature,1936,8.372918419716907e-05,9.71827842353158e-05,normalized share,"normalized share × 1,000,000"
FT-Q-V01-001,temperature,1937,9.735008271904988e-05,9.729757828326567e-05,normalized share,"normalized share × 1,000,000"
FT-Q-V01-001,temperature,1938,0.0001075987250857835,9.723093237808419e-05,normalized share,"normalized share × 1,000,000"
FT-Q-V01-001,temperature,1939,9.588980644958944e-05,9.766210256096503e-05,normalized share,"normalized share × 1,000,000"
FT-Q-V01-001,temperature,1940,0.0001021385300974398,0.0001000697243819277,normalized share,"normalized share × 1,000,000"
FT-Q-V01-001,temperature,1941,9.787720900221453e-05,0.000102288737586819,normalized share,"normalized share × 1,000,000"
FT-Q-V01-001,temperature,1942,9.905118037550897e-05,0.0001021209895071897,normalized share,"normalized share × 1,000,000"
FT-Q-V01-001,temperature,1943,0.0001005825369439078,0.0001043440390078032,normalized share,"normalized share × 1,000,000"
FT-Q-V01-001,temperature,1944,0.0001128831751532888,0.0001060515860628053,normalized share,"normalized share × 1,000,000"
FT-Q-V01-001,temperature,1945,0.0001064244885283783,0.0001086780355300055,normalized share,"normalized share × 1,000,000"
FT-Q-V01-001,temperature,1946,0.0001114511529538842,0.0001124152297525133,normalized share,"normalized share × 1,000,000"
FT-Q-V01-001,temperature,1947,0.0001140913594824544,0.0001163344509900416,normalized share,"normalized share × 1,000,000"
FT-Q-V01-001,temperature,1948,0.0001162623552726158,0.0001178179975738918,normalized share,"normalized share × 1,000,000"
FT-Q-V01-001,temperature,1949,0.0001252115399330636,0.0001204333340332001,normalized share,"normalized share × 1,000,000"
FT-Q-V01-001,temperature,1950,0.0001280170856066062,0.0001222801416220934,normalized share,"normalized share × 1,000,000"
FT-Q-V01-001,temperature,1951,0.0001232680012402398,0.0001265054267766864,normalized share,"normalized share × 1,000,000"
FT-Q-V01-001,temperature,1952,0.0001247318437435363,0.0001295734165314194,normalized share,"normalized share × 1,000,000"
FT-Q-V01-001,temperature,1953,0.0001243788060761378,0.000131051082124237,normalized share,"normalized share × 1,000,000"
FT-Q-V01-001,temperature,1954,0.0001436683555646051,0.0001341435048000869,normalized share,"normalized share × 1,000,000"
FT-Q-V01-001,temperature,1955,0.0001377382835557467,0.0001398734342570685,normalized share,"normalized share × 1,000,000"
FT-Q-V01-001,temperature,1956,0.0001355551990827875,0.0001453780601271459,normalized share,"normalized share × 1,000,000"
FT-Q-V01-001,temperature,1957,0.0001496640443375552,0.0001509648552137901,normalized share,"normalized share × 1,000,000"
FT-Q-V01-001,temperature,1958,0.0001633775074391108,0.0001552596248804092,normalized share,"normalized share × 1,000,000"
FT-Q-V01-001,temperature,1959,0.0001632642248340782,0.0001616939031183514,normalized share,"normalized share × 1,000,000"
FT-Q-V01-001,temperature,1960,0.0001634863716826473,0.0001672146557340319,normalized share,"normalized share × 1,000,000"
FT-Q-V01-001,temperature,1961,0.0001737317432309385,0.0001711391896351015,normalized share,"normalized share × 1,000,000"
FT-Q-V01-001,temperature,1962,0.0001827782312213422,0.0001731206973546426,normalized share,"normalized share × 1,000,000"
FT-Q-V01-001,temperature,1963,0.0001742004673925511,0.0001738964878315988,normalized share,"normalized share × 1,000,000"
FT-Q-V01-001,temperature,1964,0.0001771357816450422,0.0001728907120774024,normalized share,"normalized share × 1,000,000"
FT-Q-V01-001,temperature,1965,0.0001772480614758987,0.0001692671247765227,normalized share,"normalized share × 1,000,000"
FT-Q-V01-001,temperature,1966,0.0001686947581727716,0.0001648985698020965,normalized share,"normalized share × 1,000,000"
FT-Q-V01-001,temperature,1967,0.0001564459414032729,0.0001617876515747114,normalized share,"normalized share × 1,000,000"
FT-Q-V01-001,temperature,1968,0.0001483666321247801,0.0001581086459160499,normalized share,"normalized share × 1,000,000"
FT-Q-V01-001,temperature,1969,0.000152198346400359,0.0001541057516990256,normalized share,"normalized share × 1,000,000"
FT-Q-V01-001,temperature,1970,0.0001524240398008553,0.000151244210938798,normalized share,"normalized share × 1,000,000"
FT-Q-V01-001,temperature,1971,0.0001513827420344116,0.0001502279356944027,normalized share,"normalized share × 1,000,000"
FT-Q-V01-001,temperature,1972,0.0001492278019567285,0.0001491413337624651,normalized share,"normalized share × 1,000,000"
FT-Q-V01-001,temperature,1973,0.0001486639728511784,0.0001483606107836991,normalized share,"normalized share × 1,000,000"
FT-Q-V01-001,temperature,1974,0.0001493320146925062,0.00014758039727085,normalized share,"normalized share × 1,000,000"
FT-Q-V01-001,temperature,1975,0.0001407604186012164,0.0001470349595266261,normalized share,"normalized share × 1,000,000"
FT-Q-V01-001,temperature,1976,0.0001467332855489972,0.0001450929425808893,normalized share,"normalized share × 1,000,000"
FT-Q-V01-001,temperature,1977,0.0001469625452109116,0.0001456188337115305,normalized share,"normalized share × 1,000,000"
FT-Q-V01-001,temperature,1978,0.0001475646778248442,0.0001453723779339835,normalized share,"normalized share × 1,000,000"
FT-Q-V01-001,temperature,1979,0.0001356336833365709,0.0001460706543117815,normalized share,"normalized share × 1,000,000"
FT-Q-V01-001,temperature,1980,0.000152345210765667,0.0001464149700088921,normalized share,"normalized share × 1,000,000"
FT-Q-V01-001,temperature,1981,0.000147606824249677,0.0001461689590778515,normalized share,"normalized share × 1,000,000"
FT-Q-V01-001,temperature,1982,0.0001456483532458024,0.0001461201296378487,normalized share,"normalized share × 1,000,000"
FT-Q-V01-001,temperature,1983,0.0001491434954287718,0.0001474394554018345,normalized share,"normalized share × 1,000,000"
FT-Q-V01-001,temperature,1984,0.0001452404686936269,0.0001463215955744577,normalized share,"normalized share × 1,000,000"
FT-Q-V01-001,temperature,1985,0.0001472228717448246,0.0001449646511357092,normalized share,"normalized share × 1,000,000"
FT-Q-V01-001,temperature,1986,0.0001448689636844719,0.0001440571040066362,normalized share,"normalized share × 1,000,000"
FT-Q-V01-001,temperature,1987,0.0001445201919740291,0.0001429843026729713,normalized share,"normalized share × 1,000,000"
FT-Q-V01-001,temperature,1988,0.0001381082131784381,0.0001416422973363315,normalized share,"normalized share × 1,000,000"
FT-Q-V01-001,temperature,1989,0.0001392955233422907,0.0001393590615639867,normalized share,"normalized share × 1,000,000"
FT-Q-V01-001,temperature,1990,0.0001416338860931177,0.0001359795793001747,normalized share,"normalized share × 1,000,000"
FT-Q-V01-001,temperature,1991,0.0001358464313371485,0.0001326497192712949,normalized share,"normalized share × 1,000,000"
FT-Q-V01-001,temperature,1992,0.0001312402213384106,0.0001301268605143019,normalized share,"normalized share × 1,000,000"
FT-Q-V01-001,temperature,1993,0.0001212125878377879,0.0001272427236362359,normalized share,"normalized share × 1,000,000"
FT-Q-V01-001,temperature,1994,0.0001212111717718706,0.0001225378139457376,normalized share,"normalized share × 1,000,000"
FT-Q-V01-001,temperature,1995,0.0001204482018794875,0.0001180516347134945,normalized share,"normalized share × 1,000,000"
FT-Q-V01-001,temperature,1996,0.0001191065651958284,0.0001132419141067412,normalized share,"normalized share × 1,000,000"
FT-Q-V01-001,temperature,1997,0.00010869951825963,0.0001102878435112902,normalized share,"normalized share × 1,000,000"
FT-Q-V01-001,temperature,1998,0.0001044431767114468,0.0001068570188531302,normalized share,"normalized share × 1,000,000"
FT-Q-V01-001,temperature,1999,9.757217709113752e-05,0.0001036237314490165,normalized share,"normalized share × 1,000,000"
FT-Q-V01-001,temperature,2000,0.0001005340936696304,0.0001009772480886955,normalized share,"normalized share × 1,000,000"
FT-Q-V01-001,temperature,2001,9.719539916475117e-05,9.951136216597434e-05,normalized share,"normalized share × 1,000,000"
FT-Q-V01-001,temperature,2002,9.781519005069156e-05,9.816782515913367e-05,normalized share,"normalized share × 1,000,000"
FT-Q-V01-001,temperature,2003,0.0001005811816735813,9.758603224946075e-05,normalized share,"normalized share × 1,000,000"
FT-Q-V01-001,temperature,2004,9.84383168005816e-05,9.689476695254972e-05,normalized share,"normalized share × 1,000,000"
FT-Q-V01-001,temperature,2005,9.503841766356214e-05,9.568346442253087e-05,normalized share,"normalized share × 1,000,000"
FT-Q-V01-001,temperature,2006,9.349962672342699e-05,9.364915430443601e-05,normalized share,"normalized share × 1,000,000"
FT-Q-V01-001,temperature,2007,9.569523659125334e-05,9.043387083381416e-05,normalized share,"normalized share × 1,000,000"
FT-Q-V01-001,temperature,2008,8.871628145461913e-05,8.920142371785303e-05,normalized share,"normalized share × 1,000,000"
FT-Q-V01-001,temperature,2009,8.357501922402755e-05,9.424865885695079e-05,normalized share,"normalized share × 1,000,000"
FT-Q-V01-001,temperature,2010,7.807419737922844e-05,9.83181558999512e-05,normalized share,"normalized share × 1,000,000"
FT-Q-V01-001,temperature,2011,8.981118698885363e-05,9.613708779849229e-05,normalized share,"normalized share × 1,000,000"
FT-Q-V01-001,temperature,2012,0.0001303690636372465,9.431137736102754e-05,normalized share,"normalized share × 1,000,000"
FT-Q-V01-001,temperature,2013,0.0001219861060244298,9.454210889486886e-05,normalized share,"normalized share × 1,000,000"
FT-Q-V01-001,temperature,2014,8.042775988104101e-05,9.494066566887737e-05,normalized share,"normalized share × 1,000,000"
FT-Q-V01-001,temperature,2015,7.593630839236587e-05,9.513744930111923e-05,normalized share,"normalized share × 1,000,000"
FT-Q-V01-001,temperature,2016,8.519013996091673e-05,8.854177539521779e-05,normalized share,"normalized share × 1,000,000"
FT-Q-V01-001,temperature,2017,8.086409479728801e-05,8.290394403109065e-05,normalized share,"normalized share × 1,000,000"
FT-Q-V01-001,temperature,2018,9.118867241454665e-05,8.405570433706639e-05,normalized share,"normalized share × 1,000,000"
FT-Q-V01-001,temperature,2019,8.419934629593645e-05,8.606935721031552e-05,normalized share,"normalized share × 1,000,000"
FT-Q-V01-001,temperature,2020,8.25212864755398e-05,8.621589341854866e-05,normalized share,"normalized share × 1,000,000"
FT-Q-V01-001,temperature,2021,8.849008202287123e-05,8.728625314280078e-05,normalized share,"normalized share × 1,000,000"
FT-Q-V01-001,temperature,2022,9.003187850510977e-05,8.631064832486431e-05,normalized share,"normalized share × 1,000,000"
FT-Q-V01-035,average rate,1842,1.024886465750274e-06,9.112134986138942e-07,normalized share,"normalized share × 1,000,000"
FT-Q-V01-035,average rate,1843,7.516024682630018e-07,1.00852184761191e-06,normalized share,"normalized share × 1,000,000"
FT-Q-V01-035,average rate,1844,9.84884393151475e-07,1.065617394084099e-06,normalized share,"normalized share × 1,000,000"
FT-Q-V01-035,average rate,1845,8.834806672908257e-07,1.116040184442494e-06,normalized share,"normalized share × 1,000,000"
FT-Q-V01-035,average rate,1846,1.397755243603971e-06,1.148678955794783e-06,normalized share,"normalized share × 1,000,000"
FT-Q-V01-035,average rate,1847,1.351095126445045e-06,1.26702910274723e-06,normalized share,"normalized share × 1,000,000"
FT-Q-V01-035,average rate,1848,1.418576926592863e-06,1.396610625088922e-06,normalized share,"normalized share × 1,000,000"
FT-Q-V01-035,average rate,1849,1.253357865216298e-06,1.514591810925741e-06,normalized share,"normalized share × 1,000,000"
FT-Q-V01-035,average rate,1850,1.580053496930134e-06,1.554596466712172e-06,normalized share,"normalized share × 1,000,000"
FT-Q-V01-035,average rate,1851,1.891955049543315e-06,1.56677291833694e-06,normalized share,"normalized share × 1,000,000"
FT-Q-V01-035,average rate,1852,1.709348968148561e-06,1.601477194710218e-06,normalized share,"normalized share × 1,000,000"
FT-Q-V01-035,average rate,1853,1.67778783410899e-06,1.697042994245969e-06,normalized share,"normalized share × 1,000,000"
FT-Q-V01-035,average rate,1854,1.436330287818421e-06,1.679473925728489e-06,normalized share,"normalized share × 1,000,000"
FT-Q-V01-035,average rate,1855,1.661506861205808e-06,1.689919774672255e-06,normalized share,"normalized share × 1,000,000"
FT-Q-V01-035,average rate,1856,1.922318461966555e-06,1.704616161636783e-06,normalized share,"normalized share × 1,000,000"
FT-Q-V01-035,average rate,1857,1.457070017307771e-06,1.702095212203452e-06,normalized share,"normalized share × 1,000,000"
FT-Q-V01-035,average rate,1858,1.965075992149679e-06,1.787951345993172e-06,normalized share,"normalized share × 1,000,000"
FT-Q-V01-035,average rate,1859,1.81222367690026e-06,1.833768674178568e-06,normalized share,"normalized share × 1,000,000"
FT-Q-V01-035,average rate,1860,1.66014118807567e-06,1.860350096924027e-06,normalized share,"normalized share × 1,000,000"
FT-Q-V01-035,average rate,1861,2.037323224346466e-06,1.954227034417499e-06,normalized share,"normalized share × 1,000,000"
FT-Q-V01-035,average rate,1862,1.982228158503574e-06,2.037702641479098e-06,normalized share,"normalized share × 1,000,000"
FT-Q-V01-035,average rate,1863,2.10838842118477e-06,2.126807399745388e-06,normalized share,"normalized share × 1,000,000"
FT-Q-V01-035,average rate,1864,2.114208579762078e-06,2.206614639022846e-06,normalized share,"normalized share × 1,000,000"
FT-Q-V01-035,average rate,1865,2.549405241580871e-06,2.285853858177304e-06,normalized share,"normalized share × 1,000,000"
FT-Q-V01-035,average rate,1866,2.435956984764287e-06,2.378811916697865e-06,normalized share,"normalized share × 1,000,000"
FT-Q-V01-035,average rate,1867,2.218791863017877e-06,2.479338008152889e-06,normalized share,"normalized share × 1,000,000"
FT-Q-V01-035,average rate,1868,2.591997758427667e-06,2.592457333107566e-06,normalized share,"normalized share × 1,000,000"
FT-Q-V01-035,average rate,1869,2.632934568147505e-06,2.662777112614835e-06,normalized share,"normalized share × 1,000,000"
FT-Q-V01-035,average rate,1870,2.812071061369936e-06,2.790128139961474e-06,normalized share,"normalized share × 1,000,000"
FT-Q-V01-035,average rate,1871,2.906043854444817e-06,3.047289137125026e-06,normalized share,"normalized share × 1,000,000"
FT-Q-V01-035,average rate,1872,3.041643698131757e-06,3.216942717071403e-06,normalized share,"normalized share × 1,000,000"
FT-Q-V01-035,average rate,1873,3.327414176190757e-06,3.460938137939129e-06,normalized share,"normalized share × 1,000,000"
FT-Q-V01-035,average rate,1874,4.018918843162744e-06,3.70458542142682e-06,normalized share,"normalized share × 1,000,000"
FT-Q-V01-035,average rate,1875,3.779572818052301e-06,3.857816704454033e-06,normalized share,"normalized share × 1,000,000"
FT-Q-V01-035,average rate,1876,4.34090251422159e-06,4.117055573793493e-06,normalized share,"normalized share × 1,000,000"
FT-Q-V01-035,average rate,1877,4.517602045783775e-06,4.286974150780054e-06,normalized share,"normalized share × 1,000,000"
FT-Q-V01-035,average rate,1878,3.978662835635305e-06,4.338485053045904e-06,normalized share,"normalized share × 1,000,000"
FT-Q-V01-035,average rate,1879,4.856315783507981e-06,4.38104421735768e-06,normalized share,"normalized share × 1,000,000"
FT-Q-V01-035,average rate,1880,4.516844215096683e-06,4.290059705813754e-06,normalized share,"normalized share × 1,000,000"
FT-Q-V01-035,average rate,1881,4.379495159023694e-06,4.311694221193327e-06,normalized share,"normalized share × 1,000,000"
FT-Q-V01-035,average rate,1882,4.077486968234734e-06,4.448808521979676e-06,normalized share,"normalized share × 1,000,000"
FT-Q-V01-035,average rate,1883,3.704010933414104e-06,4.381805260770493e-06,normalized share,"normalized share × 1,000,000"
FT-Q-V01-035,average rate,1884,4.669043653440785e-06,4.328480682430239e-06,normalized share,"normalized share × 1,000,000"
FT-Q-V01-035,average rate,1885,4.938462941139754e-06,4.301492965099503e-06,normalized share,"normalized share × 1,000,000"
FT-Q-V01-035,average rate,1886,4.387292955043698e-06,4.213442130466102e-06,normalized share,"normalized share × 1,000,000"
FT-Q-V01-035,average rate,1887,4.143572166714904e-06,4.031201660429996e-06,normalized share,"normalized share × 1,000,000"
FT-Q-V01-035,average rate,1888,4.190581137708538e-06,3.772563298359447e-06,normalized share,"normalized share × 1,000,000"
FT-Q-V01-035,average rate,1889,3.461131125800931e-06,3.454153552575374e-06,normalized share,"normalized share × 1,000,000"
FT-Q-V01-035,average rate,1890,2.428327643161365e-06,3.199326877322194e-06,normalized share,"normalized share × 1,000,000"
FT-Q-V01-035,average rate,1891,2.858575118946938e-06,2.996433191743538e-06,normalized share,"normalized share × 1,000,000"
FT-Q-V01-035,average rate,1892,2.709594720651243e-06,2.727675731655142e-06,normalized share,"normalized share × 1,000,000"
FT-Q-V01-035,average rate,1893,2.603506228271435e-06,2.618452079007032e-06,normalized share,"normalized share × 1,000,000"
FT-Q-V01-035,average rate,1894,2.723316367664319e-06,2.628504918442925e-06,normalized share,"normalized share × 1,000,000"
FT-Q-V01-035,average rate,1895,2.309278917089763e-06,2.62732120545815e-06,normalized share,"normalized share × 1,000,000"
FT-Q-V01-035,average rate,1896,2.696565557264163e-06,2.62700682373115e-06,normalized share,"normalized share × 1,000,000"
FT-Q-V01-035,average rate,1897,2.498697519212612e-06,2.605180226455553e-06,normalized share,"normalized share × 1,000,000"
FT-Q-V01-035,average rate,1898,2.850289128053518e-06,2.573270373707311e-06,normalized share,"normalized share × 1,000,000"
FT-Q-V01-035,average rate,1899,2.707394048562239e-06,2.636324111799212e-06,normalized share,"normalized share × 1,000,000"
FT-Q-V01-035,average rate,1900,2.450720047342259e-06,2.587452516239089e-06,normalized share,"normalized share × 1,000,000"
FT-Q-V01-035,average rate,1901,2.499947398426627e-06,2.561112760967361e-06,normalized share,"normalized share × 1,000,000"
FT-Q-V01-035,average rate,1902,2.750655083733067e-06,2.533921135301963e-06,normalized share,"normalized share × 1,000,000"
FT-Q-V01-035,average rate,1903,2.354464388343303e-06,2.560256563247495e-06,normalized share,"normalized share × 1,000,000"
FT-Q-V01-035,average rate,1904,2.314319232310513e-06,2.617763393878266e-06,normalized share,"normalized share × 1,000,000"
FT-Q-V01-035,average rate,1905,2.65994774839573e-06,2.623101285244289e-06,normalized share,"normalized share × 1,000,000"
FT-Q-V01-035,average rate,1906,2.891742044180967e-06,2.644878654584665e-06,normalized share,"normalized share × 1,000,000"
FT-Q-V01-035,average rate,1907,2.853267861757658e-06,2.809188679622963e-06,normalized share,"normalized share × 1,000,000"
FT-Q-V01-035,average rate,1908,2.537312637988787e-06,2.951447017708608e-06,normalized share,"normalized share × 1,000,000"
FT-Q-V01-035,average rate,1909,2.903096669115701e-06,3.091633735090899e-06,normalized share,"normalized share × 1,000,000"
FT-Q-V01-035,average rate,1910,3.504634563611386e-06,3.149325437303999e-06,normalized share,"normalized share × 1,000,000"
FT-Q-V01-035,average rate,1911,3.310127598910029e-06,3.249821144032542e-06,normalized share,"normalized share × 1,000,000"
FT-Q-V01-035,average rate,1912,3.641254770071767e-06,3.408302047077213e-06,normalized share,"normalized share × 1,000,000"
FT-Q-V01-035,average rate,1913,3.295583959672665e-06,3.469544463357328e-06,normalized share,"normalized share × 1,000,000"
FT-Q-V01-035,average rate,1914,3.556737808857457e-06,3.357877160726457e-06,normalized share,"normalized share × 1,000,000"
FT-Q-V01-035,average rate,1915,3.646678959301486e-06,3.311473679466571e-06,normalized share,"normalized share × 1,000,000"
FT-Q-V01-035,average rate,1916,3.331793583076503e-06,3.230841619107638e-06,normalized share,"normalized share × 1,000,000"
FT-Q-V01-035,average rate,1917,2.722963445195292e-06,3.289017147490343e-06,normalized share,"normalized share × 1,000,000"
FT-Q-V01-035,average rate,1918,2.98530323009083e-06,3.295965027186519e-06,normalized share,"normalized share × 1,000,000"
FT-Q-V01-035,average rate,1919,3.076830347559234e-06,3.243968050232233e-06,normalized share,"normalized share × 1,000,000"
FT-Q-V01-035,average rate,1920,3.702812658351595e-06,3.172414242659714e-06,normalized share,"normalized share × 1,000,000"
FT-Q-V01-035,average rate,1921,3.605372966730691e-06,3.249021185944675e-06,normalized share,"normalized share × 1,000,000"
FT-Q-V01-035,average rate,1922,3.282700120621485e-06,3.244521350402794e-06,normalized share,"normalized share × 1,000,000"
FT-Q-V01-035,average rate,1923,2.830916930068872e-06,3.205357253913133e-06,normalized share,"normalized share × 1,000,000"
FT-Q-V01-035,average rate,1924,3.259212048190019e-06,3.06937229578982e-06,normalized share,"normalized share × 1,000,000"
FT-Q-V01-035,average rate,1925,2.953804381297664e-06,2.993099917216112e-06,normalized share,"normalized share × 1,000,000"
FT-Q-V01-035,average rate,1926,2.802681672131602e-06,2.917057564121227e-06,normalized share,"normalized share × 1,000,000"
FT-Q-V01-035,average rate,1927,2.750917951488407e-06,2.924717632082114e-06,normalized share,"normalized share × 1,000,000"
FT-Q-V01-035,average rate,1928,3.071466316714733e-06,2.860229464344714e-06,normalized share,"normalized share × 1,000,000"
FT-Q-V01-035,average rate,1929,2.750403648957289e-06,2.853668419201023e-06,normalized share,"normalized share × 1,000,000"
FT-Q-V01-035,average rate,1930,2.884537405795085e-06,2.909654072116257e-06,normalized share,"normalized share × 1,000,000"
FT-Q-V01-035,average rate,1931,2.807794874028213e-06,2.958450904016831e-06,normalized share,"normalized share × 1,000,000"
FT-Q-V01-035,average rate,1932,2.907877065291831e-06,2.935764467939885e-06,normalized share,"normalized share × 1,000,000"
FT-Q-V01-035,average rate,1933,3.194581242538241e-06,2.92449432194685e-06,normalized share,"normalized share × 1,000,000"
FT-Q-V01-035,average rate,1934,3.092495774792425e-06,2.925462453359189e-06,normalized share,"normalized share × 1,000,000"
FT-Q-V01-035,average rate,1935,2.912661264176108e-06,2.906959293798107e-06,normalized share,"normalized share × 1,000,000"
FT-Q-V01-035,average rate,1936,2.671512627006045e-06,2.884496057984988e-06,normalized share,"normalized share × 1,000,000"
FT-Q-V01-035,average rate,1937,2.89131432568146e-06,2.823117466680244e-06,normalized share,"normalized share × 1,000,000"
FT-Q-V01-035,average rate,1938,2.678272757100641e-06,2.73247120997613e-06,normalized share,"normalized share × 1,000,000"
FT-Q-V01-035,average rate,1939,2.750634414599995e-06,2.65653597851622e-06,normalized share,"normalized share × 1,000,000"
FT-Q-V01-035,average rate,1940,2.764931103405033e-06,2.61319527249611e-06,normalized share,"normalized share × 1,000,000"
FT-Q-V01-035,average rate,1941,2.457971977863627e-06,2.527580509728765e-06,normalized share,"normalized share × 1,000,000"
FT-Q-V01-035,average rate,1942,2.381114643956739e-06,2.470596899283425e-06,normalized share,"normalized share × 1,000,000"
FT-Q-V01-035,average rate,1943,2.368127684865273e-06,2.385641556594146e-06,normalized share,"normalized share × 1,000,000"
FT-Q-V01-035,average rate,1944,2.292010986310045e-06,2.31310995613826e-06,normalized share,"normalized share × 1,000,000"
FT-Q-V01-035,average rate,1945,2.279387483983264e-06,2.279829173475784e-06,normalized share,"normalized share × 1,000,000"
FT-Q-V01-035,average rate,1946,2.155947015775039e-06,2.237202297219822e-06,normalized share,"normalized share × 1,000,000"
FT-Q-V01-035,average rate,1947,2.25720990021383e-06,2.189534539683013e-06,normalized share,"normalized share × 1,000,000"
FT-Q-V01-035,average rate,1948,2.225006499226301e-06,2.150378054787246e-06,normalized share,"normalized share × 1,000,000"
FT-Q-V01-035,average rate,1949,2.082726510165001e-06,2.109144944710143e-06,normalized share,"normalized share × 1,000,000"
FT-Q-V01-035,average rate,1950,2.034453382107615e-06,2.078336159971487e-06,normalized share,"normalized share × 1,000,000"
FT-Q-V01-035,average rate,1951,2.017915592039676e-06,2.042986186852137e-06,normalized share,"normalized share × 1,000,000"
FT-Q-V01-035,average rate,1952,1.990755713443537e-06,2.021604157377764e-06,normalized share,"normalized share × 1,000,000"
FT-Q-V01-035,average rate,1953,1.940285522604446e-06,2.005041709349628e-06,normalized share,"normalized share × 1,000,000"
FT-Q-V01-035,average rate,1954,2.009760088378387e-06,1.996753469492296e-06,normalized share,"normalized share × 1,000,000"
FT-Q-V01-035,average rate,1955,2.075332292905685e-06,2.01075200520385e-06,normalized share,"normalized share × 1,000,000"
FT-Q-V01-035,average rate,1956,1.966789373968048e-06,2.03802571227243e-06,normalized share,"normalized share × 1,000,000"
FT-Q-V01-035,average rate,1957,1.976435703106294e-06,2.067957401247013e-06,normalized share,"normalized share × 1,000,000"
FT-Q-V01-035,average rate,1958,2.115905342020552e-06,2.080520028322525e-06,normalized share,"normalized share × 1,000,000"
FT-Q-V01-035,average rate,1959,2.181671662923601e-06,2.086215930191736e-06,normalized share,"normalized share × 1,000,000"
FT-Q-V01-035,average rate,1960,2.149807345426524e-06,2.108987960933966e-06,normalized share,"normalized share × 1,000,000"
FT-Q-V01-035,average rate,1961,2.097698477906973e-06,2.132368564860106e-06,normalized share,"normalized share × 1,000,000"
FT-Q-V01-035,average rate,1962,2.115203605990157e-06,2.127249195614126e-06,normalized share,"normalized share × 1,000,000"
FT-Q-V01-035,average rate,1963,2.126193589163661e-06,2.116809639816919e-06,normalized share,"normalized share × 1,000,000"
FT-Q-V01-035,average rate,1964,2.140099930589279e-06,2.084231748193467e-06,normalized share,"normalized share × 1,000,000"
FT-Q-V01-035,average rate,1965,2.080069757298686e-06,2.059666716936311e-06,normalized share,"normalized share × 1,000,000"
FT-Q-V01-035,average rate,1966,2.108594772343153e-06,2.04341241853304e-06,normalized share,"normalized share × 1,000,000"
FT-Q-V01-035,average rate,1967,1.921762104062363e-06,2.005896667348866e-06,normalized share,"normalized share × 1,000,000"
FT-Q-V01-035,average rate,1968,1.925743259106882e-06,1.978620987199856e-06,normalized share,"normalized share × 1,000,000"
FT-Q-V01-035,average rate,1969,2.001423517167256e-06,1.948728495816875e-06,normalized share,"normalized share × 1,000,000"
FT-Q-V01-035,average rate,1970,1.863583330874441e-06,1.936747659765449e-06,normalized share,"normalized share × 1,000,000"
FT-Q-V01-035,average rate,1971,1.94917016954621e-06,1.953284870905609e-06,normalized share,"normalized share × 1,000,000"
FT-Q-V01-035,average rate,1972,1.870822317617815e-06,1.953418095309836e-06,normalized share,"normalized share × 1,000,000"
FT-Q-V01-035,average rate,1973,2.024728919983176e-06,1.951300294256263e-06,normalized share,"normalized share × 1,000,000"
FT-Q-V01-035,average rate,1974,2.037522582043483e-06,1.94936184316416e-06,normalized share,"normalized share × 1,000,000"
FT-Q-V01-035,average rate,1975,1.926675829936469e-06,1.93350935759786e-06,normalized share,"normalized share × 1,000,000"
FT-Q-V01-035,average rate,1976,1.986598909792248e-06,1.921383936970476e-06,normalized share,"normalized share × 1,000,000"
FT-Q-V01-035,average rate,1977,1.850014173229719e-06,1.883319814424094e-06,normalized share,"normalized share × 1,000,000"
FT-Q-V01-035,average rate,1978,1.838202770582109e-06,1.84862572733773e-06,normalized share,"normalized share × 1,000,000"
FT-Q-V01-035,average rate,1979,1.785944373226128e-06,1.81649521148315e-06,normalized share,"normalized share × 1,000,000"
FT-Q-V01-035,average rate,1980,1.758280062158502e-06,1.792000329248497e-06,normalized share,"normalized share × 1,000,000"
FT-Q-V01-035,average rate,1981,1.794663972438937e-06,1.756105523101744e-06,normalized share,"normalized share × 1,000,000"
FT-Q-V01-035,average rate,1982,1.701762218954406e-06,1.720479322952059e-06,normalized share,"normalized share × 1,000,000"
FT-Q-V01-035,average rate,1983,1.815134734149682e-06,1.687651565305398e-06,normalized share,"normalized share × 1,000,000"
FT-Q-V01-035,average rate,1984,1.598750530202447e-06,1.639606565394346e-06,normalized share,"normalized share × 1,000,000"
FT-Q-V01-035,average rate,1985,1.588819369534311e-06,1.594262424632719e-06,normalized share,"normalized share × 1,000,000"
FT-Q-V01-035,average rate,1986,1.556150069699502e-06,1.549337422827769e-06,normalized share,"normalized share × 1,000,000"
FT-Q-V01-035,average rate,1987,1.421965062781139e-06,1.490966633666288e-06,normalized share,"normalized share × 1,000,000"
FT-Q-V01-035,average rate,1988,1.477254987107546e-06,1.479499102856924e-06,normalized share,"normalized share × 1,000,000"
FT-Q-V01-035,average rate,1989,1.387287206319754e-06,1.445009967347104e-06,normalized share,"normalized share × 1,000,000"
FT-Q-V01-035,average rate,1990,1.40653921001932e-06,1.410214412166893e-06,normalized share,"normalized share × 1,000,000"
FT-Q-V01-035,average rate,1991,1.5184778145369e-06,1.394917582730827e-06,normalized share,"normalized share × 1,000,000"
FT-Q-V01-035,average rate,1992,1.347395420965569e-06,1.376158614507794e-06,normalized share,"normalized share × 1,000,000"
FT-Q-V01-035,average rate,1993,1.312581183438022e-06,1.362250835621906e-06,normalized share,"normalized share × 1,000,000"
FT-Q-V01-035,average rate,1994,1.314887256728681e-06,1.394439844674867e-06,normalized share,"normalized share × 1,000,000"
FT-Q-V01-035,average rate,1995,1.345942209546314e-06,1.357213538993973e-06,normalized share,"normalized share × 1,000,000"
FT-Q-V01-035,average rate,1996,1.289932754118539e-06,1.335186550722912e-06,normalized share,"normalized share × 1,000,000"
FT-Q-V01-035,average rate,1997,1.631862273390045e-06,1.309827192121776e-06,normalized share,"normalized share × 1,000,000"
FT-Q-V01-035,average rate,1998,1.257893674770638e-06,1.283948094545569e-06,normalized share,"normalized share × 1,000,000"
FT-Q-V01-035,average rate,1999,1.193206503068145e-06,1.246180867757165e-06,normalized share,"normalized share × 1,000,000"
FT-Q-V01-035,average rate,2000,1.135065673230073e-06,1.216508341173535e-06,normalized share,"normalized share × 1,000,000"
FT-Q-V01-035,average rate,2001,1.133733573695228e-06,1.133012101212281e-06,normalized share,"normalized share × 1,000,000"
FT-Q-V01-035,average rate,2002,1.081571622027488e-06,1.103675887827171e-06,normalized share,"normalized share × 1,000,000"
FT-Q-V01-035,average rate,2003,1.082225068033127e-06,1.08864022816144e-06,normalized share,"normalized share × 1,000,000"
FT-Q-V01-035,average rate,2004,1.047388593661269e-06,1.084987835471563e-06,normalized share,"normalized share × 1,000,000"
FT-Q-V01-035,average rate,2005,1.052540181074868e-06,1.082098130351035e-06,normalized share,"normalized share × 1,000,000"
FT-Q-V01-035,average rate,2006,1.087956885408026e-06,1.056503898079783e-06,normalized share,"normalized share × 1,000,000"
FT-Q-V01-035,average rate,2007,1.109498924400931e-06,1.03140370548972e-06,normalized share,"normalized share × 1,000,000"
FT-Q-V01-035,average rate,2008,1.113505637851536e-06,1.020224368082535e-06,normalized share,"normalized share × 1,000,000"
FT-Q-V01-035,average rate,2009,9.024119961287269e-07,9.958971782445575e-07,normalized share,"normalized share × 1,000,000"
FT-Q-V01-035,average rate,2010,9.065237199026854e-07,9.890391081694309e-07,normalized share,"normalized share × 1,000,000"
FT-Q-V01-035,average rate,2011,9.691332318109702e-07,9.293138167609793e-07,normalized share,"normalized share × 1,000,000"
FT-Q-V01-035,average rate,2012,8.822498522090272e-07,8.814531171090092e-07,normalized share,"normalized share × 1,000,000"
FT-Q-V01-035,average rate,2013,1.039950394882139e-06,8.732995025239174e-07,normalized share,"normalized share × 1,000,000"
FT-Q-V01-035,average rate,2014,6.914218845417708e-07,8.491506229359378e-07,normalized share,"normalized share × 1,000,000"
FT-Q-V01-035,average rate,2015,7.784807402877458e-07,8.054329036301575e-07,normalized share,"normalized share × 1,000,000"
FT-Q-V01-035,average rate,2016,8.453366940330831e-07,7.725523782577919e-07,normalized share,"normalized share × 1,000,000"
FT-Q-V01-035,average rate,2017,7.374815627868292e-07,6.956224089259475e-07,normalized share,"normalized share × 1,000,000"
FT-Q-V01-035,average rate,2018,6.631091966705083e-07,6.847244861608473e-07,normalized share,"normalized share × 1,000,000"
FT-Q-V01-035,average rate,2019,6.520861746024675e-07,6.524115843541916e-07,normalized share,"normalized share × 1,000,000"
FT-Q-V01-035,average rate,2020,5.014406095592283e-07,6.202573994077096e-07,normalized share,"normalized share × 1,000,000"
FT-Q-V01-035,average rate,2021,6.151364251860691e-07,5.968125667318858e-07,normalized share,"normalized share × 1,000,000"
FT-Q-V01-035,average rate,2022,5.522904276411555e-07,5.802384092472301e-07,normalized share,"normalized share × 1,000,000"
FT-Q-V01-002,mean temperature,1842,2.365172290907935e-06,2.362568602809478e-06,normalized share,"normalized share × 1,000,000"
FT-Q-V01-002,mean temperature,1843,1.713447884021946e-06,2.245141193313316e-06,normalized share,"normalized share × 1,000,000"
FT-Q-V01-002,mean temperature,1844,2.779309651090855e-06,2.123598891179412e-06,normalized share,"normalized share × 1,000,000"
FT-Q-V01-002,mean temperature,1845,2.592344585217177e-06,2.132044555743943e-06,normalized share,"normalized share × 1,000,000"
FT-Q-V01-002,mean temperature,1846,1.775431555328666e-06,2.103065294594459e-06,normalized share,"normalized share × 1,000,000"
FT-Q-V01-002,mean temperature,1847,1.515887380509895e-06,2.246685328206282e-06,normalized share,"normalized share × 1,000,000"
FT-Q-V01-002,mean temperature,1848,2.182718543131124e-06,2.16218339434336e-06,normalized share,"normalized share × 1,000,000"
FT-Q-V01-002,mean temperature,1849,2.162317462861552e-06,2.035860952245442e-06,normalized share,"normalized share × 1,000,000"
FT-Q-V01-002,mean temperature,1850,2.718788119304705e-06,2.090457207286146e-06,normalized share,"normalized share × 1,000,000"
FT-Q-V01-002,mean temperature,1851,2.1877961140504e-06,2.167240506497002e-06,normalized share,"normalized share × 1,000,000"
FT-Q-V01-002,mean temperature,1852,1.708087490531751e-06,2.306427118938962e-06,normalized share,"normalized share × 1,000,000"
FT-Q-V01-002,mean temperature,1853,2.1576053406136e-06,2.344486248659746e-06,normalized share,"normalized share × 1,000,000"
FT-Q-V01-002,mean temperature,1854,2.053370474985883e-06,2.344832509025364e-06,normalized share,"normalized share × 1,000,000"
FT-Q-V01-002,mean temperature,1855,3.157024830224842e-06,2.492210565831408e-06,normalized share,"normalized share × 1,000,000"
FT-Q-V01-002,mean temperature,1856,2.428731370907045e-06,2.560778853073962e-06,normalized share,"normalized share × 1,000,000"
FT-Q-V01-002,mean temperature,1857,2.721211941864032e-06,2.569202444041574e-06,normalized share,"normalized share × 1,000,000"
FT-Q-V01-002,mean temperature,1858,3.219442511692705e-06,2.612877995534462e-06,normalized share,"normalized share × 1,000,000"
FT-Q-V01-002,mean temperature,1859,2.18806550122963e-06,2.475025984299828e-06,normalized share,"normalized share × 1,000,000"
FT-Q-V01-002,mean temperature,1860,2.216570477386881e-06,2.474171798212886e-06,normalized share,"normalized share × 1,000,000"
FT-Q-V01-002,mean temperature,1861,2.359099335436099e-06,2.344061947085712e-06,normalized share,"normalized share × 1,000,000"
FT-Q-V01-002,mean temperature,1862,2.192060751582403e-06,2.128555385917862e-06,normalized share,"normalized share × 1,000,000"
FT-Q-V01-002,mean temperature,1863,2.42275206829845e-06,2.091478620260188e-06,normalized share,"normalized share × 1,000,000"
FT-Q-V01-002,mean temperature,1864,1.810442983973815e-06,2.090981126658319e-06,normalized share,"normalized share × 1,000,000"
FT-Q-V01-002,mean temperature,1865,1.710896583517751e-06,2.055164851411106e-06,normalized share,"normalized share × 1,000,000"
FT-Q-V01-002,mean temperature,1866,1.928528141625918e-06,2.028813856120542e-06,normalized share,"normalized share × 1,000,000"
FT-Q-V01-002,mean temperature,1867,2.213088022173793e-06,1.942579247789432e-06,normalized share,"normalized share × 1,000,000"
FT-Q-V01-002,mean temperature,1868,2.108385408705615e-06,2.091346314106061e-06,normalized share,"normalized share × 1,000,000"
FT-Q-V01-002,mean temperature,1869,2.007603784548451e-06,2.150070758508545e-06,normalized share,"normalized share × 1,000,000"
FT-Q-V01-002,mean temperature,1870,1.819109809980679e-06,2.221086200035868e-06,normalized share,"normalized share × 1,000,000"
FT-Q-V01-002,mean temperature,1871,2.851812448190216e-06,2.247359524988018e-06,normalized share,"normalized share × 1,000,000"
FT-Q-V01-002,mean temperature,1872,2.121967694335147e-06,2.338602521971346e-06,normalized share,"normalized share × 1,000,000"
FT-Q-V01-002,mean temperature,1873,2.425636232317174e-06,2.43919576719701e-06,normalized share,"normalized share × 1,000,000"
FT-Q-V01-002,mean temperature,1874,2.397001296838841e-06,2.568390723632431e-06,normalized share,"normalized share × 1,000,000"
FT-Q-V01-002,mean temperature,1875,2.747086387588915e-06,2.537852806643632e-06,normalized share,"normalized share × 1,000,000"
FT-Q-V01-002,mean temperature,1876,2.711756501128093e-06,2.610287335193449e-06,normalized share,"normalized share × 1,000,000"
FT-Q-V01-002,mean temperature,1877,2.723474505028634e-06,2.659361338467178e-06,normalized share,"normalized share × 1,000,000"
FT-Q-V01-002,mean temperature,1878,2.63804702926862e-06,2.668336232208064e-06,normalized share,"normalized share × 1,000,000"
FT-Q-V01-002,mean temperature,1879,2.629009394183868e-06,2.582917225308583e-06,normalized share,"normalized share × 1,000,000"
FT-Q-V01-002,mean temperature,1880,2.769154255233275e-06,2.645134694957101e-06,normalized share,"normalized share × 1,000,000"
FT-Q-V01-002,mean temperature,1881,2.459825553025041e-06,2.64478738498267e-06,normalized share,"normalized share × 1,000,000"
FT-Q-V01-002,mean temperature,1882,2.149153339292553e-06,2.645097697551962e-06,normalized share,"normalized share × 1,000,000"
FT-Q-V01-002,mean temperature,1883,3.147278788667718e-06,2.609638249634338e-06,normalized share,"normalized share × 1,000,000"
FT-Q-V01-002,mean temperature,1884,2.721043335207618e-06,2.527793518144234e-06,normalized share,"normalized share × 1,000,000"
FT-Q-V01-002,mean temperature,1885,2.640219217253659e-06,2.511381673070808e-06,normalized share,"normalized share × 1,000,000"
FT-Q-V01-002,mean temperature,1886,2.380793258760505e-06,2.582880289540647e-06,normalized share,"normalized share × 1,000,000"
FT-Q-V01-002,mean temperature,1887,2.196241134802546e-06,2.486726075303013e-06,normalized share,"normalized share × 1,000,000"
FT-Q-V01-002,mean temperature,1888,2.34494263751106e-06,2.431319637912528e-06,normalized share,"normalized share × 1,000,000"
FT-Q-V01-002,mean temperature,1889,2.649643654581424e-06,2.42294722348213e-06,normalized share,"normalized share × 1,000,000"
FT-Q-V01-002,mean temperature,1890,2.474199289004275e-06,2.366554490205413e-06,normalized share,"normalized share × 1,000,000"
FT-Q-V01-002,mean temperature,1891,2.333198273474224e-06,2.349784562479172e-06,normalized share,"normalized share × 1,000,000"
FT-Q-V01-002,mean temperature,1892,2.581612316240878e-06,2.323743189278479e-06,normalized share,"normalized share × 1,000,000"
FT-Q-V01-002,mean temperature,1893,1.986044125823483e-06,2.236190900318077e-06,normalized share,"normalized share × 1,000,000"
FT-Q-V01-002,mean temperature,1894,2.07885164071886e-06,2.151121616700676e-06,normalized share,"normalized share × 1,000,000"
FT-Q-V01-002,mean temperature,1895,2.162653025106209e-06,2.050601578708939e-06,normalized share,"normalized share × 1,000,000"
FT-Q-V01-002,mean temperature,1896,2.036777631858611e-06,1.903564934378567e-06,normalized share,"normalized share × 1,000,000"
FT-Q-V01-002,mean temperature,1897,1.878714303682472e-06,1.846657326768205e-06,normalized share,"normalized share × 1,000,000"
FT-Q-V01-002,mean temperature,1898,1.629558007532061e-06,1.730562637842453e-06,normalized share,"normalized share × 1,000,000"
FT-Q-V01-002,mean temperature,1899,1.552355805928274e-06,1.630264249961679e-06,normalized share,"normalized share × 1,000,000"
FT-Q-V01-002,mean temperature,1900,1.587690872550951e-06,1.529130265451317e-06,normalized share,"normalized share × 1,000,000"
FT-Q-V01-002,mean temperature,1901,1.266188818238589e-06,1.436890778418782e-06,normalized share,"normalized share × 1,000,000"
FT-Q-V01-002,mean temperature,1902,1.460564309940793e-06,1.358817134979635e-06,normalized share,"normalized share × 1,000,000"
FT-Q-V01-002,mean temperature,1903,1.328839740286081e-06,1.345703216766382e-06,normalized share,"normalized share × 1,000,000"
FT-Q-V01-002,mean temperature,1904,1.233037894454725e-06,1.301694892979647e-06,normalized share,"normalized share × 1,000,000"
FT-Q-V01-002,mean temperature,1905,1.083042503458032e-06,1.293198095158757e-06,normalized share,"normalized share × 1,000,000"
FT-Q-V01-002,mean temperature,1906,1.460558378435506e-06,1.257935021745094e-06,normalized share,"normalized share × 1,000,000"
FT-Q-V01-002,mean temperature,1907,1.279632606043801e-06,1.23537740171328e-06,normalized share,"normalized share × 1,000,000"
FT-Q-V01-002,mean temperature,1908,1.206711233492364e-06,1.269023773883826e-06,normalized share,"normalized share × 1,000,000"
FT-Q-V01-002,mean temperature,1909,1.213722796045147e-06,1.287851709253337e-06,normalized share,"normalized share × 1,000,000"
FT-Q-V01-002,mean temperature,1910,1.170936400063383e-06,1.220489419193853e-06,normalized share,"normalized share × 1,000,000"
FT-Q-V01-002,mean temperature,1911,1.468562499648551e-06,1.238483989226308e-06,normalized share,"normalized share × 1,000,000"
FT-Q-V01-002,mean temperature,1912,1.214838051044609e-06,1.227422771597962e-06,normalized share,"normalized share × 1,000,000"
FT-Q-V01-002,mean temperature,1913,9.890223480191196e-07,1.209160984824709e-06,normalized share,"normalized share × 1,000,000"
FT-Q-V01-002,mean temperature,1914,1.405594596270987e-06,1.193213792067906e-06,normalized share,"normalized share × 1,000,000"
FT-Q-V01-002,mean temperature,1915,1.129282710093937e-06,1.127362713281605e-06,normalized share,"normalized share × 1,000,000"
FT-Q-V01-002,mean temperature,1916,1.085890288632374e-06,1.114207944689717e-06,normalized share,"normalized share × 1,000,000"
FT-Q-V01-002,mean temperature,1917,1.059306050765763e-06,1.132344161535499e-06,normalized share,"normalized share × 1,000,000"
FT-Q-V01-002,mean temperature,1918,1.007604948144447e-06,1.106854628146747e-06,normalized share,"normalized share × 1,000,000"
FT-Q-V01-002,mean temperature,1919,1.122754670901394e-06,1.11132618300726e-06,normalized share,"normalized share × 1,000,000"
FT-Q-V01-002,mean temperature,1920,1.115975865939589e-06,1.123064741251742e-06,normalized share,"normalized share × 1,000,000"
FT-Q-V01-002,mean temperature,1921,1.227167862549727e-06,1.13879492880109e-06,normalized share,"normalized share × 1,000,000"
FT-Q-V01-002,mean temperature,1922,1.160583594117526e-06,1.144906799088741e-06,normalized share,"normalized share × 1,000,000"
FT-Q-V01-002,mean temperature,1923,1.168060196343745e-06,1.14003243354461e-06,normalized share,"normalized share × 1,000,000"
FT-Q-V01-002,mean temperature,1924,1.169417363611203e-06,1.169120938248772e-06,normalized share,"normalized share × 1,000,000"
FT-Q-V01-002,mean temperature,1925,1.050388040158001e-06,1.171376986108213e-06,normalized share,"normalized share × 1,000,000"
FT-Q-V01-002,mean temperature,1926,1.088634112092479e-06,1.183057115923932e-06,normalized share,"normalized share × 1,000,000"
FT-Q-V01-002,mean temperature,1927,1.319595398868723e-06,1.17890737353295e-06,normalized share,"normalized share × 1,000,000"
FT-Q-V01-002,mean temperature,1928,1.242960197565812e-06,1.161512600043284e-06,normalized share,"normalized share × 1,000,000"
FT-Q-V01-002,mean temperature,1929,1.242344502827564e-06,1.159527296942797e-06,normalized share,"normalized share × 1,000,000"
FT-Q-V01-002,mean temperature,1930,1.139011999606865e-06,1.165106303681527e-06,normalized share,"normalized share × 1,000,000"
FT-Q-V01-002,mean temperature,1931,1.047653949183547e-06,1.106859161187357e-06,normalized share,"normalized share × 1,000,000"
FT-Q-V01-002,mean temperature,1932,1.036490918454591e-06,1.077135184727621e-06,normalized share,"normalized share × 1,000,000"
FT-Q-V01-002,mean temperature,1933,1.127687159263591e-06,1.011649990714197e-06,normalized share,"normalized share × 1,000,000"
FT-Q-V01-002,mean temperature,1934,9.118654014095284e-07,9.934240859446608e-07,normalized share,"normalized share × 1,000,000"
FT-Q-V01-002,mean temperature,1935,1.034892362347661e-06,9.958455901987184e-07,normalized share,"normalized share × 1,000,000"
FT-Q-V01-002,mean temperature,1936,7.839481447335928e-07,9.526197895574708e-07,normalized share,"normalized share × 1,000,000"
FT-Q-V01-002,mean temperature,1937,1.011430666220114e-06,9.067042359244588e-07,normalized share,"normalized share × 1,000,000"
FT-Q-V01-002,mean temperature,1938,1.06460447896195e-06,8.993032402351433e-07,normalized share,"normalized share × 1,000,000"
FT-Q-V01-002,mean temperature,1939,7.339103139658576e-07,8.747298058327444e-07,normalized share,"normalized share × 1,000,000"
FT-Q-V01-002,mean temperature,1940,8.062782838325067e-07,8.72840785307424e-07,normalized share,"normalized share × 1,000,000"
FT-Q-V01-002,mean temperature,1941,8.600584315843207e-07,8.597187152717003e-07,normalized share,"normalized share × 1,000,000"
FT-Q-V01-002,mean temperature,1942,8.628783215308689e-07,8.190171140434346e-07,normalized share,"normalized share × 1,000,000"
FT-Q-V01-002,mean temperature,1943,7.707250010563493e-07,8.217824796902251e-07,normalized share,"normalized share × 1,000,000"
FT-Q-V01-002,mean temperature,1944,9.195761759700494e-07,8.364997113577013e-07,normalized share,"normalized share × 1,000,000"
FT-Q-V01-002,mean temperature,1945,7.796932703640902e-07,8.180064995545149e-07,normalized share,"normalized share × 1,000,000"
FT-Q-V01-002,mean temperature,1946,7.532678734933906e-07,8.293572939957869e-07,normalized share,"normalized share × 1,000,000"
FT-Q-V01-002,mean temperature,1947,9.092989055048406e-07,8.42789192016207e-07,normalized share,"normalized share × 1,000,000"
FT-Q-V01-002,mean temperature,1948,7.306059489620154e-07,8.149320404346858e-07,normalized share,"normalized share × 1,000,000"
FT-Q-V01-002,mean temperature,1949,9.423338826197725e-07,8.085951317345273e-07,normalized share,"normalized share × 1,000,000"
FT-Q-V01-002,mean temperature,1950,8.647482871992906e-07,8.13299524241029e-07,normalized share,"normalized share × 1,000,000"
FT-Q-V01-002,mean temperature,1951,7.245761148994001e-07,8.228302208301048e-07,normalized share,"normalized share × 1,000,000"
FT-Q-V01-002,mean temperature,1952,7.353349094629813e-07,8.297164566894206e-07,normalized share,"normalized share × 1,000,000"
FT-Q-V01-002,mean temperature,1953,7.861986210389027e-07,8.011662056273128e-07,normalized share,"normalized share × 1,000,000"
FT-Q-V01-002,mean temperature,1954,9.760137816283709e-07,7.974225826522043e-07,normalized share,"normalized share × 1,000,000"
FT-Q-V01-002,mean temperature,1955,7.78809599977226e-07,8.288372861276721e-07,normalized share,"normalized share × 1,000,000"
FT-Q-V01-002,mean temperature,1956,7.424821251850178e-07,8.496420586911231e-07,normalized share,"normalized share × 1,000,000"
FT-Q-V01-002,mean temperature,1957,8.385429263735311e-07,8.651433271464734e-07,normalized share,"normalized share × 1,000,000"
FT-Q-V01-002,mean temperature,1958,9.444790392276747e-07,8.493650638910102e-07,normalized share,"normalized share × 1,000,000"
FT-Q-V01-002,mean temperature,1959,8.809683174071381e-07,8.522707717002951e-07,normalized share,"normalized share × 1,000,000"
FT-Q-V01-002,mean temperature,1960,8.947075002263549e-07,8.728028745733482e-07,normalized share,"normalized share × 1,000,000"
FT-Q-V01-002,mean temperature,1961,8.655659388401293e-07,8.655949889496695e-07,normalized share,"normalized share × 1,000,000"
FT-Q-V01-002,mean temperature,1962,7.9914955464222e-07,8.489076739396996e-07,normalized share,"normalized share × 1,000,000"
FT-Q-V01-002,mean temperature,1963,8.862068452963889e-07,8.617384467331433e-07,normalized share,"normalized share × 1,000,000"
FT-Q-V01-002,mean temperature,1964,7.880877270077802e-07,8.334184241858595e-07,normalized share,"normalized share × 1,000,000"
FT-Q-V01-002,mean temperature,1965,8.276678341578858e-07,8.077474861002885e-07,normalized share,"normalized share × 1,000,000"
FT-Q-V01-002,mean temperature,1966,9.70783726961244e-07,7.902495001085863e-07,normalized share,"normalized share × 1,000,000"
FT-Q-V01-002,mean temperature,1967,6.964673423953682e-07,7.523073914671361e-07,normalized share,"normalized share × 1,000,000"
FT-Q-V01-002,mean temperature,1968,6.858693722411324e-07,7.409588105131941e-07,normalized share,"normalized share × 1,000,000"
FT-Q-V01-002,mean temperature,1969,6.766636527003045e-07,7.202749487707811e-07,normalized share,"normalized share × 1,000,000"
FT-Q-V01-002,mean temperature,1970,6.20612084806238e-07,6.81333028433595e-07,normalized share,"normalized share × 1,000,000"
FT-Q-V01-002,mean temperature,1971,7.086476603301861e-07,6.773433322510411e-07,normalized share,"normalized share × 1,000,000"
FT-Q-V01-002,mean temperature,1972,6.828808019609944e-07,6.679918564688112e-07,normalized share,"normalized share × 1,000,000"
FT-Q-V01-002,mean temperature,1973,6.981902846009413e-07,6.651323555301974e-07,normalized share,"normalized share × 1,000,000"
FT-Q-V01-002,mean temperature,1974,6.685394691174906e-07,6.719238938976016e-07,normalized share,"normalized share × 1,000,000"
FT-Q-V01-002,mean temperature,1975,6.204090417655239e-07,6.595468149604513e-07,normalized share,"normalized share × 1,000,000"
FT-Q-V01-002,mean temperature,1976,6.566471461300072e-07,6.484947145965878e-07,normalized share,"normalized share × 1,000,000"
FT-Q-V01-002,mean temperature,1977,6.681528533780678e-07,6.460227051958383e-07,normalized share,"normalized share × 1,000,000"
FT-Q-V01-002,mean temperature,1978,6.220081077701334e-07,6.424168771707832e-07,normalized share,"normalized share × 1,000,000"
FT-Q-V01-002,mean temperature,1979,6.055160994139497e-07,6.358524602698543e-07,normalized share,"normalized share × 1,000,000"
FT-Q-V01-002,mean temperature,1980,6.808862187956954e-07,6.324460250645147e-07,normalized share,"normalized share × 1,000,000"
FT-Q-V01-002,mean temperature,1981,6.432986729421053e-07,6.356230781147189e-07,normalized share,"normalized share × 1,000,000"
FT-Q-V01-002,mean temperature,1982,5.744581234590207e-07,6.442862763617845e-07,normalized share,"normalized share × 1,000,000"
FT-Q-V01-002,mean temperature,1983,6.328020996926309e-07,6.451424406460944e-07,normalized share,"normalized share × 1,000,000"
FT-Q-V01-002,mean temperature,1984,6.903922247294969e-07,6.30750405994759e-07,normalized share,"normalized share × 1,000,000"
FT-Q-V01-002,mean temperature,1985,6.826504954995927e-07,6.159366015170182e-07,normalized share,"normalized share × 1,000,000"
FT-Q-V01-002,mean temperature,1986,6.115092494041185e-07,6.107375527858053e-07,normalized share,"normalized share × 1,000,000"
FT-Q-V01-002,mean temperature,1987,5.80141976236348e-07,5.994149472124399e-07,normalized share,"normalized share × 1,000,000"
FT-Q-V01-002,mean temperature,1988,5.396020415979197e-07,5.757027279092759e-07,normalized share,"normalized share × 1,000,000"
FT-Q-V01-002,mean temperature,1989,5.380647823405305e-07,5.54044383356941e-07,normalized share,"normalized share × 1,000,000"
FT-Q-V01-002,mean temperature,1990,5.535438606790732e-07,5.387239477185652e-07,normalized share,"normalized share × 1,000,000"
FT-Q-V01-002,mean temperature,1991,5.244066896073485e-07,5.207755596411956e-07,normalized share,"normalized share × 1,000,000"
FT-Q-V01-002,mean temperature,1992,5.310420836332486e-07,5.104039179934913e-07,normalized share,"normalized share × 1,000,000"
FT-Q-V01-002,mean temperature,1993,5.04266199935488e-07,5.009627788373137e-07,normalized share,"normalized share × 1,000,000"
FT-Q-V01-002,mean temperature,1994,4.545032596947607e-07,4.858321121831948e-07,normalized share,"normalized share × 1,000,000"
FT-Q-V01-002,mean temperature,1995,4.670005500639896e-07,4.74427221945628e-07,normalized share,"normalized share × 1,000,000"
FT-Q-V01-002,mean temperature,1996,4.719768082472875e-07,4.566949805015882e-07,normalized share,"normalized share × 1,000,000"
FT-Q-V01-002,mean temperature,1997,4.476291941002408e-07,4.376742469657564e-07,normalized share,"normalized share × 1,000,000"
FT-Q-V01-002,mean temperature,1998,4.44572457944381e-07,4.287989081526643e-07,normalized share,"normalized share × 1,000,000"
FT-Q-V01-002,mean temperature,1999,4.069163935249698e-07,4.226316100558458e-07,normalized share,"normalized share × 1,000,000"
FT-Q-V01-002,mean temperature,2000,3.711210651846653e-07,4.162399489744871e-07,normalized share,"normalized share × 1,000,000"
FT-Q-V01-002,mean temperature,2001,3.923758880031158e-07,4.09441395810601e-07,normalized share,"normalized share × 1,000,000"
FT-Q-V01-002,mean temperature,2002,4.238294633862605e-07,4.037430525232913e-07,normalized share,"normalized share × 1,000,000"
FT-Q-V01-002,mean temperature,2003,4.272351806777763e-07,4.035979598532699e-07,normalized share,"normalized share × 1,000,000"
FT-Q-V01-002,mean temperature,2004,4.000393219530385e-07,4.10584311172159e-07,normalized share,"normalized share × 1,000,000"
FT-Q-V01-002,mean temperature,2005,4.046840549332131e-07,4.104157182953967e-07,normalized share,"normalized share × 1,000,000"
FT-Q-V01-002,mean temperature,2006,4.059007448348195e-07,4.031845685330866e-07,normalized share,"normalized share × 1,000,000"
FT-Q-V01-002,mean temperature,2007,4.200255244168893e-07,3.939836223297379e-07,normalized share,"normalized share × 1,000,000"
FT-Q-V01-002,mean temperature,2008,3.911957378657793e-07,3.918281027563895e-07,normalized share,"normalized share × 1,000,000"
FT-Q-V01-002,mean temperature,2009,3.732114150500898e-07,4.069134356440058e-07,normalized share,"normalized share × 1,000,000"
FT-Q-V01-002,mean temperature,2010,3.628285572543355e-07,4.249489339471541e-07,normalized share,"normalized share × 1,000,000"
FT-Q-V01-002,mean temperature,2011,3.849506849396001e-07,4.143760277502763e-07,normalized share,"normalized share × 1,000,000"
FT-Q-V01-002,mean temperature,2012,5.102813851465271e-07,4.020241411474557e-07,normalized share,"normalized share × 1,000,000"
FT-Q-V01-002,mean temperature,2013,5.321492329568578e-07,3.897253611371713e-07,normalized share,"normalized share × 1,000,000"
FT-Q-V01-002,mean temperature,2014,3.460151810387446e-07,3.784203395536256e-07,normalized share,"normalized share × 1,000,000"
FT-Q-V01-002,mean temperature,2015,3.047325316460348e-07,3.642049707628024e-07,normalized share,"normalized share × 1,000,000"
FT-Q-V01-002,mean temperature,2016,2.871199549780989e-07,3.369623134938581e-07,normalized share,"normalized share × 1,000,000"
FT-Q-V01-002,mean temperature,2017,2.836934061695162e-07,3.079676226967357e-07,normalized share,"normalized share × 1,000,000"
FT-Q-V01-002,mean temperature,2018,2.854431034038374e-07,3.056056398409049e-07,normalized share,"normalized share × 1,000,000"
FT-Q-V01-002,mean temperature,2019,3.195827842639165e-07,3.190849637211914e-07,normalized share,"normalized share × 1,000,000"
FT-Q-V01-002,mean temperature,2020,3.291863973770015e-07,3.244124651783735e-07,normalized share,"normalized share × 1,000,000"
FT-Q-V01-002,mean temperature,2021,3.294813010479292e-07,3.325562769801449e-07,normalized share,"normalized share × 1,000,000"
FT-Q-V01-002,mean temperature,2022,3.990877988080399e-07,3.443345703742218e-07,normalized share,"normalized share × 1,000,000"
FT-Q-V01-054,warm air,1842,4.637466225476672e-07,4.08856316386208e-07,normalized share,"normalized share × 1,000,000"
FT-Q-V01-054,warm air,1843,3.414036995330605e-07,4.402366679423508e-07,normalized share,"normalized share × 1,000,000"
FT-Q-V01-054,warm air,1844,3.905379712954016e-07,4.395169628431302e-07,normalized share,"normalized share × 1,000,000"
FT-Q-V01-054,warm air,1845,4.397369721687028e-07,4.496593851076115e-07,normalized share,"normalized share × 1,000,000"
FT-Q-V01-054,warm air,1846,5.657580741669221e-07,4.597930312679109e-07,normalized share,"normalized share × 1,000,000"
FT-Q-V01-054,warm air,1847,4.359184373470271e-07,4.833141920647575e-07,normalized share,"normalized share × 1,000,000"
FT-Q-V01-054,warm air,1848,5.105139186944996e-07,5.017223684884125e-07,normalized share,"normalized share × 1,000,000"
FT-Q-V01-054,warm air,1849,5.346821456697626e-07,5.04982009521696e-07,normalized share,"normalized share × 1,000,000"
FT-Q-V01-054,warm air,1850,5.060518251109869e-07,4.888280307718025e-07,normalized share,"normalized share × 1,000,000"
FT-Q-V01-054,warm air,1851,5.193952062609863e-07,5.173034930813383e-07,normalized share,"normalized share × 1,000,000"
FT-Q-V01-054,warm air,1852,4.625544594016873e-07,5.190967880541741e-07,normalized share,"normalized share × 1,000,000"
FT-Q-V01-054,warm air,1853,4.526802229176674e-07,5.076773994448582e-07,normalized share,"normalized share × 1,000,000"
FT-Q-V01-054,warm air,1854,6.352466735137785e-07,5.159013415118834e-07,normalized share,"normalized share × 1,000,000"
FT-Q-V01-054,warm air,1855,5.2306698350435e-07,5.116729187769144e-07,normalized share,"normalized share × 1,000,000"
FT-Q-V01-054,warm air,1856,4.547464254045508e-07,5.164759190918427e-07,normalized share,"normalized share × 1,000,000"
FT-Q-V01-054,warm air,1857,5.636194195801636e-07,5.144192276001254e-07,normalized share,"normalized share × 1,000,000"
FT-Q-V01-054,warm air,1858,4.897962471162032e-07,4.9033603629781e-07,normalized share,"normalized share × 1,000,000"
FT-Q-V01-054,warm air,1859,4.961754616061853e-07,5.167559834008882e-07,normalized share,"normalized share × 1,000,000"
FT-Q-V01-054,warm air,1860,4.38283382475646e-07,5.178192690508914e-07,normalized share,"normalized share × 1,000,000"
FT-Q-V01-054,warm air,1861,4.666643343975707e-07,5.047591238911091e-07,normalized share,"normalized share × 1,000,000"
FT-Q-V01-054,warm air,1862,7.080066132258978e-07,4.977671306844693e-07,normalized share,"normalized share × 1,000,000"
FT-Q-V01-054,warm air,1863,4.621894249545733e-07,4.8940006471979e-07,normalized share,"normalized share × 1,000,000"
FT-Q-V01-054,warm air,1864,4.721984034616877e-07,5.046556857084867e-07,normalized share,"normalized share × 1,000,000"
FT-Q-V01-054,warm air,1865,4.408522946697246e-07,5.14427516656075e-07,normalized share,"normalized share × 1,000,000"
FT-Q-V01-054,warm air,1866,4.376059998534299e-07,4.791397552605936e-07,normalized share,"normalized share × 1,000,000"
FT-Q-V01-054,warm air,1867,5.45072729396523e-07,4.788636543644793e-07,normalized share,"normalized share × 1,000,000"
FT-Q-V01-054,warm air,1868,5.350671510306881e-07,4.857713814571911e-07,normalized share,"normalized share × 1,000,000"
FT-Q-V01-054,warm air,1869,4.609922834575286e-07,5.105748664691045e-07,normalized share,"normalized share × 1,000,000"
FT-Q-V01-054,warm air,1870,4.60256718681773e-07,5.279733049090574e-07,normalized share,"normalized share × 1,000,000"
FT-Q-V01-054,warm air,1871,5.205524931106709e-07,5.464044442777498e-07,normalized share,"normalized share × 1,000,000"
FT-Q-V01-054,warm air,1872,6.144766897531184e-07,5.59337902074551e-07,normalized share,"normalized share × 1,000,000"
FT-Q-V01-054,warm air,1873,5.593950689330995e-07,5.703870568085634e-07,normalized share,"normalized share × 1,000,000"
FT-Q-V01-054,warm air,1874,6.740907049773703e-07,5.793027221177662e-07,normalized share,"normalized share × 1,000,000"
FT-Q-V01-054,warm air,1875,6.256013556082962e-07,5.83595972507884e-07,normalized share,"normalized share × 1,000,000"
FT-Q-V01-054,warm air,1876,5.383363665956153e-07,5.874232804070623e-07,normalized share,"normalized share × 1,000,000"
FT-Q-V01-054,warm air,1877,5.226663758461925e-07,5.930290983121747e-07,normalized share,"normalized share × 1,000,000"
FT-Q-V01-054,warm air,1878,5.506052458414956e-07,5.861393011587422e-07,normalized share,"normalized share × 1,000,000"
FT-Q-V01-054,warm air,1879,6.412678450473663e-07,6.017624200287714e-07,normalized share,"normalized share × 1,000,000"
FT-Q-V01-054,warm air,1880,5.986357942688869e-07,6.110854249008479e-07,normalized share,"normalized share × 1,000,000"
FT-Q-V01-054,warm air,1881,6.258621249033425e-07,6.244037140707664e-07,normalized share,"normalized share × 1,000,000"
FT-Q-V01-054,warm air,1882,7.349631876985008e-07,6.252993108698693e-07,normalized share,"normalized share × 1,000,000"
FT-Q-V01-054,warm air,1883,6.03597400700151e-07,6.176099621565559e-07,normalized share,"normalized share × 1,000,000"
FT-Q-V01-054,warm air,1884,6.158944000356215e-07,6.113880333371727e-07,normalized share,"normalized share × 1,000,000"
FT-Q-V01-054,warm air,1885,5.568744234352163e-07,6.018072316454903e-07,normalized share,"normalized share × 1,000,000"
FT-Q-V01-054,warm air,1886,5.874424040541726e-07,5.888719951821894e-07,normalized share,"normalized share × 1,000,000"
FT-Q-V01-054,warm air,1887,5.550822925332044e-07,5.876427733646019e-07,normalized share,"normalized share × 1,000,000"
FT-Q-V01-054,warm air,1888,5.587965130615657e-07,5.962575966161898e-07,normalized share,"normalized share × 1,000,000"
FT-Q-V01-054,warm air,1889,6.444165324553941e-07,6.056044989793952e-07,normalized share,"normalized share × 1,000,000"
FT-Q-V01-054,warm air,1890,5.949928479770383e-07,6.225082566269873e-07,normalized share,"normalized share × 1,000,000"
FT-Q-V01-054,warm air,1891,6.761981627967373e-07,6.3796398807365e-07,normalized share,"normalized share × 1,000,000"
FT-Q-V01-054,warm air,1892,6.223027399776537e-07,6.668552913044071e-07,normalized share,"normalized share × 1,000,000"
FT-Q-V01-054,warm air,1893,7.057687075873176e-07,6.711353155263484e-07,normalized share,"normalized share × 1,000,000"
FT-Q-V01-054,warm air,1894,6.632724126598433e-07,6.773211579420251e-07,normalized share,"normalized share × 1,000,000"
FT-Q-V01-054,warm air,1895,7.610356356768655e-07,6.915476234080144e-07,normalized share,"normalized share × 1,000,000"
FT-Q-V01-054,warm air,1896,6.74376702008983e-07,7.085734816768869e-07,normalized share,"normalized share × 1,000,000"
FT-Q-V01-054,warm air,1897,6.382937448867754e-07,6.99892750225766e-07,normalized share,"normalized share × 1,000,000"
FT-Q-V01-054,warm air,1898,7.757834210586623e-07,6.944598570309189e-07,normalized share,"normalized share × 1,000,000"
FT-Q-V01-054,warm air,1899,7.414837478597613e-07,6.810045762921182e-07,normalized share,"normalized share × 1,000,000"
FT-Q-V01-054,warm air,1900,6.450035874294713e-07,6.834173025133117e-07,normalized share,"normalized share × 1,000,000"
FT-Q-V01-054,warm air,1901,6.252421602959135e-07,7.009951759439399e-07,normalized share,"normalized share × 1,000,000"
FT-Q-V01-054,warm air,1902,6.668486705052601e-07,7.02645552333062e-07,normalized share,"normalized share × 1,000,000"
FT-Q-V01-054,warm air,1903,6.912657855573379e-07,7.102625902878039e-07,normalized share,"normalized share × 1,000,000"
FT-Q-V01-054,warm air,1904,7.613388589011727e-07,7.171889448887818e-07,normalized share,"normalized share × 1,000,000"
FT-Q-V01-054,warm air,1905,7.873360557825171e-07,7.536549684417479e-07,normalized share,"normalized share × 1,000,000"
FT-Q-V01-054,warm air,1906,7.948030135429551e-07,7.834994672188083e-07,normalized share,"normalized share × 1,000,000"
FT-Q-V01-054,warm air,1907,6.934880696363166e-07,7.881291101497331e-07,normalized share,"normalized share × 1,000,000"
FT-Q-V01-054,warm air,1908,8.805043251666755e-07,7.831942487611574e-07,normalized share,"normalized share × 1,000,000"
FT-Q-V01-054,warm air,1909,8.757601619446831e-07,7.695353560091942e-07,normalized share,"normalized share × 1,000,000"
FT-Q-V01-054,warm air,1910,7.236732860738115e-07,7.569068125720271e-07,normalized share,"normalized share × 1,000,000"
FT-Q-V01-054,warm air,1911,7.267948291811432e-07,7.919841918351584e-07,normalized share,"normalized share × 1,000,000"
FT-Q-V01-054,warm air,1912,6.917238065187736e-07,9.377339095129849e-07,normalized share,"normalized share × 1,000,000"
FT-Q-V01-054,warm air,1913,7.064032094827866e-07,1.228419320880541e-06,normalized share,"normalized share × 1,000,000"
FT-Q-V01-054,warm air,1914,9.390297244782353e-07,1.419475824738265e-06,normalized share,"normalized share × 1,000,000"
FT-Q-V01-054,warm air,1915,1.900752348911461e-06,1.609167165579628e-06,normalized share,"normalized share × 1,000,000"
FT-Q-V01-054,warm air,1916,2.910558041517575e-06,1.790949527412576e-06,normalized share,"normalized share × 1,000,000"
FT-Q-V01-054,warm air,1917,2.061068813077882e-06,1.993167063668192e-06,normalized share,"normalized share × 1,000,000"
FT-Q-V01-054,warm air,1918,2.054634215070683e-06,2.157286915967822e-06,normalized share,"normalized share × 1,000,000"
FT-Q-V01-054,warm air,1919,1.964200339349409e-06,2.140779020186334e-06,normalized share,"normalized share × 1,000,000"
FT-Q-V01-054,warm air,1920,2.121925963272098e-06,1.964046943037883e-06,normalized share,"normalized share × 1,000,000"
FT-Q-V01-054,warm air,1921,2.087868690575645e-06,1.929548755990765e-06,normalized share,"normalized share × 1,000,000"
FT-Q-V01-054,warm air,1922,1.785197078441048e-06,1.946886384845176e-06,normalized share,"normalized share × 1,000,000"
FT-Q-V01-054,warm air,1923,1.673433501478416e-06,1.998082208756746e-06,normalized share,"normalized share × 1,000,000"
FT-Q-V01-054,warm air,1924,1.819581503748058e-06,2.060075799414521e-06,normalized share,"normalized share × 1,000,000"
FT-Q-V01-054,warm air,1925,2.175997617051562e-06,2.095287582880697e-06,normalized share,"normalized share × 1,000,000"
FT-Q-V01-054,warm air,1926,2.322571106730398e-06,2.170434705893057e-06,normalized share,"normalized share × 1,000,000"
FT-Q-V01-054,warm air,1927,2.555881097876522e-06,2.229375089746387e-06,normalized share,"normalized share × 1,000,000"
FT-Q-V01-054,warm air,1928,2.334351174838878e-06,2.202399940534815e-06,normalized share,"normalized share × 1,000,000"
FT-Q-V01-054,warm air,1929,2.311226939527566e-06,2.097093750328444e-06,normalized share,"normalized share × 1,000,000"
FT-Q-V01-054,warm air,1930,2.086016188451723e-06,1.94202667825466e-06,normalized share,"normalized share × 1,000,000"
FT-Q-V01-054,warm air,1931,1.630755459267053e-06,1.757264200358068e-06,normalized share,"normalized share × 1,000,000"
FT-Q-V01-054,warm air,1932,1.438854285606972e-06,1.626934948599303e-06,normalized share,"normalized share × 1,000,000"
FT-Q-V01-054,warm air,1933,1.237101602213908e-06,1.493447728730311e-06,normalized share,"normalized share × 1,000,000"
FT-Q-V01-054,warm air,1934,1.262543752600376e-06,1.430217944670924e-06,normalized share,"normalized share × 1,000,000"
FT-Q-V01-054,warm air,1935,1.422046412527522e-06,1.420139970067275e-06,normalized share,"normalized share × 1,000,000"
FT-Q-V01-054,warm air,1936,1.376816400444625e-06,1.476002659961792e-06,normalized share,"normalized share × 1,000,000"
FT-Q-V01-054,warm air,1937,1.643407700036015e-06,1.587120692142111e-06,normalized share,"normalized share × 1,000,000"
FT-Q-V01-054,warm air,1938,1.56020963704151e-06,1.662675808760632e-06,normalized share,"normalized share × 1,000,000"
FT-Q-V01-054,warm air,1939,1.829893114868586e-06,1.703720308624971e-06,normalized share,"normalized share × 1,000,000"
FT-Q-V01-054,warm air,1940,2.014927827476143e-06,1.732360071085372e-06,normalized share,"normalized share × 1,000,000"
FT-Q-V01-054,warm air,1941,1.791429568930025e-06,1.764045010507555e-06,normalized share,"normalized share × 1,000,000"
FT-Q-V01-054,warm air,1942,1.709357911577891e-06,1.819206623519016e-06,normalized share,"normalized share × 1,000,000"
FT-Q-V01-054,warm air,1943,1.577294737667434e-06,1.83639100007567e-06,normalized share,"normalized share × 1,000,000"
FT-Q-V01-054,warm air,1944,1.865202275991296e-06,1.830214969372944e-06,normalized share,"normalized share × 1,000,000"
FT-Q-V01-054,warm air,1945,1.946340928121737e-06,1.876123434288446e-06,normalized share,"normalized share × 1,000,000"
FT-Q-V01-054,warm air,1946,1.950183750765166e-06,1.929145401258214e-06,normalized share,"normalized share × 1,000,000"
FT-Q-V01-054,warm air,1947,1.971695612557056e-06,2.028385194495497e-06,normalized share,"normalized share × 1,000,000"
FT-Q-V01-054,warm air,1948,2.112788823338541e-06,2.101288936758832e-06,normalized share,"normalized share × 1,000,000"
FT-Q-V01-054,warm air,1949,2.08051168036627e-06,2.157222615261197e-06,normalized share,"normalized share × 1,000,000"
FT-Q-V01-054,warm air,1950,2.271973290328411e-06,2.195506211088399e-06,normalized share,"normalized share × 1,000,000"
FT-Q-V01-054,warm air,1951,2.375528471834643e-06,2.236372388451131e-06,normalized share,"normalized share × 1,000,000"
FT-Q-V01-054,warm air,1952,2.337876677638295e-06,2.18826512083718e-06,normalized share,"normalized share × 1,000,000"
FT-Q-V01-054,warm air,1953,2.218168921555574e-06,2.179295346433788e-06,normalized share,"normalized share × 1,000,000"
FT-Q-V01-054,warm air,1954,2.257758854096181e-06,2.141860722666898e-06,normalized share,"normalized share × 1,000,000"
FT-Q-V01-054,warm air,1955,1.776037950040887e-06,2.049810231510851e-06,normalized share,"normalized share × 1,000,000"
FT-Q-V01-054,warm air,1956,2.017723259542525e-06,1.917651936856771e-06,normalized share,"normalized share × 1,000,000"
FT-Q-V01-054,warm air,1957,2.009930923960179e-06,1.808869314896822e-06,normalized share,"normalized share × 1,000,000"
FT-Q-V01-054,warm air,1958,1.731175033742316e-06,1.702195861351198e-06,normalized share,"normalized share × 1,000,000"
FT-Q-V01-054,warm air,1959,1.412768615059734e-06,1.623787429573135e-06,normalized share,"normalized share × 1,000,000"
FT-Q-V01-054,warm air,1960,1.456690567835928e-06,1.499369447441929e-06,normalized share,"normalized share × 1,000,000"
FT-Q-V01-054,warm air,1961,1.511044679276818e-06,1.336926556313416e-06,normalized share,"normalized share × 1,000,000"
FT-Q-V01-054,warm air,1962,1.227178927594441e-06,1.221980987128493e-06,normalized share,"normalized share × 1,000,000"
FT-Q-V01-054,warm air,1963,1.146797384624088e-06,1.147923410490883e-06,normalized share,"normalized share × 1,000,000"
FT-Q-V01-054,warm air,1964,8.728306860605883e-07,1.033207352412508e-06,normalized share,"normalized share × 1,000,000"
FT-Q-V01-054,warm air,1965,9.265560494478575e-07,9.086254458467605e-07,normalized share,"normalized share × 1,000,000"
FT-Q-V01-054,warm air,1966,8.943655785964566e-07,8.21692079153962e-07,normalized share,"normalized share × 1,000,000"
FT-Q-V01-054,warm air,1967,6.536781612873077e-07,7.519302995895713e-07,normalized share,"normalized share × 1,000,000"
FT-Q-V01-054,warm air,1968,6.389713333165847e-07,7.159725034124638e-07,normalized share,"normalized share × 1,000,000"
FT-Q-V01-054,warm air,1969,6.186453607448517e-07,7.341390945853066e-07,normalized share,"normalized share × 1,000,000"
FT-Q-V01-054,warm air,1970,6.584649276733523e-07,6.951233695486654e-07,normalized share,"normalized share × 1,000,000"
FT-Q-V01-054,warm air,1971,6.211261128208356e-07,6.843272528749e-07,normalized share,"normalized share × 1,000,000"
FT-Q-V01-054,warm air,1972,1.053722187657757e-06,6.820865613021381e-07,normalized share,"normalized share × 1,000,000"
FT-Q-V01-054,warm air,1973,6.21255503339968e-07,6.821631478224978e-07,normalized share,"normalized share × 1,000,000"
FT-Q-V01-054,warm air,1974,5.781053445709505e-07,6.780102352917689e-07,normalized share,"normalized share × 1,000,000"
FT-Q-V01-054,warm air,1975,6.232864923072512e-07,6.845623238390822e-07,normalized share,"normalized share × 1,000,000"
FT-Q-V01-054,warm air,1976,6.191814663873696e-07,6.289877895243204e-07,normalized share,"normalized share × 1,000,000"
FT-Q-V01-054,warm air,1977,6.293945399582501e-07,6.445273137442983e-07,normalized share,"normalized share × 1,000,000"
FT-Q-V01-054,warm air,1978,6.669907326520286e-07,6.550950229376343e-07,normalized share,"normalized share × 1,000,000"
FT-Q-V01-054,warm air,1979,6.647004474544249e-07,6.553159880548696e-07,normalized share,"normalized share × 1,000,000"
FT-Q-V01-054,warm air,1980,7.300321728798131e-07,6.749015857307869e-07,normalized share,"normalized share × 1,000,000"
FT-Q-V01-054,warm air,1981,6.520793089243027e-07,6.762726061237361e-07,normalized share,"normalized share × 1,000,000"
FT-Q-V01-054,warm air,1982,6.248332481278984e-07,6.615801910009124e-07,normalized share,"normalized share × 1,000,000"
FT-Q-V01-054,warm air,1983,7.562806501187902e-07,6.418942509967987e-07,normalized share,"normalized share × 1,000,000"
FT-Q-V01-054,warm air,1984,6.389916827088948e-07,6.128377883620315e-07,normalized share,"normalized share × 1,000,000"
FT-Q-V01-054,warm air,1985,5.641438267922627e-07,5.884356025909794e-07,normalized share,"normalized share × 1,000,000"
FT-Q-V01-054,warm air,1986,5.268988674256292e-07,5.852768701521722e-07,normalized share,"normalized share × 1,000,000"
FT-Q-V01-054,warm air,1987,5.266369344364419e-07,5.627098434841739e-07,normalized share,"normalized share × 1,000,000"
FT-Q-V01-054,warm air,1988,4.812640085269382e-07,5.477028913423998e-07,normalized share,"normalized share × 1,000,000"
FT-Q-V01-054,warm air,1989,6.027221210562483e-07,5.435631999531145e-07,normalized share,"normalized share × 1,000,000"
FT-Q-V01-054,warm air,1990,5.983114634428022e-07,5.562584478586192e-07,normalized share,"normalized share × 1,000,000"
FT-Q-V01-054,warm air,1991,5.339430177164761e-07,5.715366349926967e-07,normalized share,"normalized share × 1,000,000"
FT-Q-V01-054,warm air,1992,5.351659870672654e-07,5.832335600928258e-07,normalized share,"normalized share × 1,000,000"
FT-Q-V01-054,warm air,1993,6.157656027641623e-07,5.655683427617321e-07,normalized share,"normalized share × 1,000,000"
FT-Q-V01-054,warm air,1994,6.335842443749851e-07,5.577010855727689e-07,normalized share,"normalized share × 1,000,000"
FT-Q-V01-054,warm air,1995,5.63142484227841e-07,5.723488827800795e-07,normalized share,"normalized share × 1,000,000"
FT-Q-V01-054,warm air,1996,4.790655997385929e-07,5.739994380122531e-07,normalized share,"normalized share × 1,000,000"
FT-Q-V01-054,warm air,1997,5.432406631200593e-07,5.595392279432256e-07,normalized share,"normalized share × 1,000,000"
FT-Q-V01-054,warm air,1998,6.364775981676507e-07,5.54495859362827e-07,normalized share,"normalized share × 1,000,000"
FT-Q-V01-054,warm air,1999,5.467198736924805e-07,5.449817262396279e-07,normalized share,"normalized share × 1,000,000"
FT-Q-V01-054,warm air,2000,5.145441322809696e-07,5.487470483185597e-07,normalized share,"normalized share × 1,000,000"
FT-Q-V01-054,warm air,2001,5.982806643121952e-07,5.460686755628346e-07,normalized share,"normalized share × 1,000,000"
FT-Q-V01-054,warm air,2002,4.965435523654471e-07,5.333521445164056e-07,normalized share,"normalized share × 1,000,000"
FT-Q-V01-054,warm air,2003,5.054228542911154e-07,5.313581478551663e-07,normalized share,"normalized share × 1,000,000"
FT-Q-V01-054,warm air,2004,5.244920538299835e-07,5.398099262721763e-07,normalized share,"normalized share × 1,000,000"
FT-Q-V01-054,warm air,2005,5.474618808426479e-07,5.350045896534785e-07,normalized share,"normalized share × 1,000,000"
FT-Q-V01-054,warm air,2006,5.327618970638048e-07,5.574442354368667e-07,normalized share,"normalized share × 1,000,000"
FT-Q-V01-054,warm air,2007,5.737065812000397e-07,5.74753281754147e-07,normalized share,"normalized share × 1,000,000"
FT-Q-V01-054,warm air,2008,5.646433079813107e-07,6.00459265072307e-07,normalized share,"normalized share × 1,000,000"
FT-Q-V01-054,warm air,2009,6.536210728491643e-07,6.08854957421979e-07,normalized share,"normalized share × 1,000,000"
FT-Q-V01-054,warm air,2010,6.265861785120785e-07,6.284142965851709e-07,normalized share,"normalized share × 1,000,000"
FT-Q-V01-054,warm air,2011,7.044339370571029e-07,6.520861718596219e-07,normalized share,"normalized share × 1,000,000"
FT-Q-V01-054,warm air,2012,6.062317272903517e-07,6.679631754454811e-07,normalized share,"normalized share × 1,000,000"
FT-Q-V01-054,warm air,2013,6.696772712061483e-07,6.626205289238638e-07,normalized share,"normalized share × 1,000,000"
FT-Q-V01-054,warm air,2014,7.39409708121197e-07,6.590159031201668e-07,normalized share,"normalized share × 1,000,000"
FT-Q-V01-054,warm air,2015,6.757823330823254e-07,6.443382085395886e-07,normalized share,"normalized share × 1,000,000"
FT-Q-V01-054,warm air,2016,6.162225471978422e-07,6.425044043923649e-07,normalized share,"normalized share × 1,000,000"
FT-Q-V01-054,warm air,2017,6.013537978862005e-07,6.330034080108602e-07,normalized share,"normalized share × 1,000,000"
FT-Q-V01-054,warm air,2018,6.016900749930554e-07,6.192812429771377e-07,normalized share,"normalized share × 1,000,000"
FT-Q-V01-054,warm air,2019,5.933950982597858e-07,6.073401638531253e-07,normalized share,"normalized share × 1,000,000"
FT-Q-V01-054,warm air,2020,6.031702965356156e-07,6.058597666290059e-07,normalized share,"normalized share × 1,000,000"
FT-Q-V01-054,warm air,2021,6.433545528851392e-07,6.06760960377567e-07,normalized share,"normalized share × 1,000,000"
FT-Q-V01-054,warm air,2022,5.92194779214239e-07,6.080286817236949e-07,normalized share,"normalized share × 1,000,000"
