anchor,source_genre,AB_Object_Passage_Count,Affect_Link_Count,Affect_Link_Rate,Rate_Status,Low_N_Flag,Data_Status,Denominator_Note
1842,SCIENTIFIC,0,0,,UNSUPPORTED_DENOMINATOR_ZERO,True,UNSUPPORTED_NO_VALIDATED_AB_PASSAGES,"No validated A/B object passages exist in the current source-of-truth data; 0 records is a dataset state, not evidence of historical absence."
1842,INSTITUTIONAL,0,0,,UNSUPPORTED_DENOMINATOR_ZERO,True,UNSUPPORTED_NO_VALIDATED_AB_PASSAGES,"No validated A/B object passages exist in the current source-of-truth data; 0 records is a dataset state, not evidence of historical absence."
1842,MEDIA,0,0,,UNSUPPORTED_DENOMINATOR_ZERO,True,UNSUPPORTED_NO_VALIDATED_AB_PASSAGES,"No validated A/B object passages exist in the current source-of-truth data; 0 records is a dataset state, not evidence of historical absence."
1842,SURVEY,0,0,,UNSUPPORTED_DENOMINATOR_ZERO,True,UNSUPPORTED_NO_VALIDATED_AB_PASSAGES,"No validated A/B object passages exist in the current source-of-truth data; 0 records is a dataset state, not evidence of historical absence."
1842,DIRECT_PUBLIC,0,0,,UNSUPPORTED_DENOMINATOR_ZERO,True,UNSUPPORTED_NO_VALIDATED_AB_PASSAGES,"No validated A/B object passages exist in the current source-of-truth data; 0 records is a dataset state, not evidence of historical absence."
1842,CIVIC,0,0,,UNSUPPORTED_DENOMINATOR_ZERO,True,UNSUPPORTED_NO_VALIDATED_AB_PASSAGES,"No validated A/B object passages exist in the current source-of-truth data; 0 records is a dataset state, not evidence of historical absence."
1938,SCIENTIFIC,0,0,,UNSUPPORTED_DENOMINATOR_ZERO,True,UNSUPPORTED_NO_VALIDATED_AB_PASSAGES,"No validated A/B object passages exist in the current source-of-truth data; 0 records is a dataset state, not evidence of historical absence."
1938,INSTITUTIONAL,0,0,,UNSUPPORTED_DENOMINATOR_ZERO,True,UNSUPPORTED_NO_VALIDATED_AB_PASSAGES,"No validated A/B object passages exist in the current source-of-truth data; 0 records is a dataset state, not evidence of historical absence."
1938,MEDIA,0,0,,UNSUPPORTED_DENOMINATOR_ZERO,True,UNSUPPORTED_NO_VALIDATED_AB_PASSAGES,"No validated A/B object passages exist in the current source-of-truth data; 0 records is a dataset state, not evidence of historical absence."
1938,SURVEY,0,0,,UNSUPPORTED_DENOMINATOR_ZERO,True,UNSUPPORTED_NO_VALIDATED_AB_PASSAGES,"No validated A/B object passages exist in the current source-of-truth data; 0 records is a dataset state, not evidence of historical absence."
1938,DIRECT_PUBLIC,0,0,,UNSUPPORTED_DENOMINATOR_ZERO,True,UNSUPPORTED_NO_VALIDATED_AB_PASSAGES,"No validated A/B object passages exist in the current source-of-truth data; 0 records is a dataset state, not evidence of historical absence."
1938,CIVIC,0,0,,UNSUPPORTED_DENOMINATOR_ZERO,True,UNSUPPORTED_NO_VALIDATED_AB_PASSAGES,"No validated A/B object passages exist in the current source-of-truth data; 0 records is a dataset state, not evidence of historical absence."
1988,SCIENTIFIC,0,0,,UNSUPPORTED_DENOMINATOR_ZERO,True,UNSUPPORTED_NO_VALIDATED_AB_PASSAGES,"No validated A/B object passages exist in the current source-of-truth data; 0 records is a dataset state, not evidence of historical absence."
1988,INSTITUTIONAL,0,0,,UNSUPPORTED_DENOMINATOR_ZERO,True,UNSUPPORTED_NO_VALIDATED_AB_PASSAGES,"No validated A/B object passages exist in the current source-of-truth data; 0 records is a dataset state, not evidence of historical absence."
1988,MEDIA,0,0,,UNSUPPORTED_DENOMINATOR_ZERO,True,UNSUPPORTED_NO_VALIDATED_AB_PASSAGES,"No validated A/B object passages exist in the current source-of-truth data; 0 records is a dataset state, not evidence of historical absence."
1988,SURVEY,0,0,,UNSUPPORTED_DENOMINATOR_ZERO,True,UNSUPPORTED_NO_VALIDATED_AB_PASSAGES,"No validated A/B object passages exist in the current source-of-truth data; 0 records is a dataset state, not evidence of historical absence."
1988,DIRECT_PUBLIC,0,0,,UNSUPPORTED_DENOMINATOR_ZERO,True,UNSUPPORTED_NO_VALIDATED_AB_PASSAGES,"No validated A/B object passages exist in the current source-of-truth data; 0 records is a dataset state, not evidence of historical absence."
1988,CIVIC,0,0,,UNSUPPORTED_DENOMINATOR_ZERO,True,UNSUPPORTED_NO_VALIDATED_AB_PASSAGES,"No validated A/B object passages exist in the current source-of-truth data; 0 records is a dataset state, not evidence of historical absence."
2006–2007,SCIENTIFIC,0,0,,UNSUPPORTED_DENOMINATOR_ZERO,True,UNSUPPORTED_NO_VALIDATED_AB_PASSAGES,"No validated A/B object passages exist in the current source-of-truth data; 0 records is a dataset state, not evidence of historical absence."
2006–2007,INSTITUTIONAL,0,0,,UNSUPPORTED_DENOMINATOR_ZERO,True,UNSUPPORTED_NO_VALIDATED_AB_PASSAGES,"No validated A/B object passages exist in the current source-of-truth data; 0 records is a dataset state, not evidence of historical absence."
2006–2007,MEDIA,0,0,,UNSUPPORTED_DENOMINATOR_ZERO,True,UNSUPPORTED_NO_VALIDATED_AB_PASSAGES,"No validated A/B object passages exist in the current source-of-truth data; 0 records is a dataset state, not evidence of historical absence."
2006–2007,SURVEY,0,0,,UNSUPPORTED_DENOMINATOR_ZERO,True,UNSUPPORTED_NO_VALIDATED_AB_PASSAGES,"No validated A/B object passages exist in the current source-of-truth data; 0 records is a dataset state, not evidence of historical absence."
2006–2007,DIRECT_PUBLIC,0,0,,UNSUPPORTED_DENOMINATOR_ZERO,True,UNSUPPORTED_NO_VALIDATED_AB_PASSAGES,"No validated A/B object passages exist in the current source-of-truth data; 0 records is a dataset state, not evidence of historical absence."
2006–2007,CIVIC,0,0,,UNSUPPORTED_DENOMINATOR_ZERO,True,UNSUPPORTED_NO_VALIDATED_AB_PASSAGES,"No validated A/B object passages exist in the current source-of-truth data; 0 records is a dataset state, not evidence of historical absence."
2015,SCIENTIFIC,0,0,,UNSUPPORTED_DENOMINATOR_ZERO,True,UNSUPPORTED_NO_VALIDATED_AB_PASSAGES,"No validated A/B object passages exist in the current source-of-truth data; 0 records is a dataset state, not evidence of historical absence."
2015,INSTITUTIONAL,0,0,,UNSUPPORTED_DENOMINATOR_ZERO,True,UNSUPPORTED_NO_VALIDATED_AB_PASSAGES,"No validated A/B object passages exist in the current source-of-truth data; 0 records is a dataset state, not evidence of historical absence."
2015,MEDIA,0,0,,UNSUPPORTED_DENOMINATOR_ZERO,True,UNSUPPORTED_NO_VALIDATED_AB_PASSAGES,"No validated A/B object passages exist in the current source-of-truth data; 0 records is a dataset state, not evidence of historical absence."
2015,SURVEY,0,0,,UNSUPPORTED_DENOMINATOR_ZERO,True,UNSUPPORTED_NO_VALIDATED_AB_PASSAGES,"No validated A/B object passages exist in the current source-of-truth data; 0 records is a dataset state, not evidence of historical absence."
2015,DIRECT_PUBLIC,0,0,,UNSUPPORTED_DENOMINATOR_ZERO,True,UNSUPPORTED_NO_VALIDATED_AB_PASSAGES,"No validated A/B object passages exist in the current source-of-truth data; 0 records is a dataset state, not evidence of historical absence."
2015,CIVIC,0,0,,UNSUPPORTED_DENOMINATOR_ZERO,True,UNSUPPORTED_NO_VALIDATED_AB_PASSAGES,"No validated A/B object passages exist in the current source-of-truth data; 0 records is a dataset state, not evidence of historical absence."
2022,SCIENTIFIC,0,0,,UNSUPPORTED_DENOMINATOR_ZERO,True,UNSUPPORTED_NO_VALIDATED_AB_PASSAGES,"No validated A/B object passages exist in the current source-of-truth data; 0 records is a dataset state, not evidence of historical absence."
2022,INSTITUTIONAL,0,0,,UNSUPPORTED_DENOMINATOR_ZERO,True,UNSUPPORTED_NO_VALIDATED_AB_PASSAGES,"No validated A/B object passages exist in the current source-of-truth data; 0 records is a dataset state, not evidence of historical absence."
2022,MEDIA,0,0,,UNSUPPORTED_DENOMINATOR_ZERO,True,UNSUPPORTED_NO_VALIDATED_AB_PASSAGES,"No validated A/B object passages exist in the current source-of-truth data; 0 records is a dataset state, not evidence of historical absence."
2022,SURVEY,0,0,,UNSUPPORTED_DENOMINATOR_ZERO,True,UNSUPPORTED_NO_VALIDATED_AB_PASSAGES,"No validated A/B object passages exist in the current source-of-truth data; 0 records is a dataset state, not evidence of historical absence."
2022,DIRECT_PUBLIC,0,0,,UNSUPPORTED_DENOMINATOR_ZERO,True,UNSUPPORTED_NO_VALIDATED_AB_PASSAGES,"No validated A/B object passages exist in the current source-of-truth data; 0 records is a dataset state, not evidence of historical absence."
2022,CIVIC,0,0,,UNSUPPORTED_DENOMINATOR_ZERO,True,UNSUPPORTED_NO_VALIDATED_AB_PASSAGES,"No validated A/B object passages exist in the current source-of-truth data; 0 records is a dataset state, not evidence of historical absence."
